/home/wlwuser/hy/conda/envs/dp-gated/lib/python3.12/site-packages/opacus/privacy_engine.py:96: UserWarning: Secure RNG turned off. This is perfectly fine for experimentation as it allows for much faster training performance, but remember to turn it on and retrain one last time before production with ``secure_mode`` turned on.
  warnings.warn(
`loss_type=None` was set in the config but it is unrecognized. Using the default loss: `ForCausalLMLoss`.
step=001 loss=4.4604
step=002 loss=3.9297
step=003 loss=3.7519
step=004 loss=5.1226
step=005 loss=4.4884
step=006 loss=6.0277
step=007 loss=3.6123
step=008 loss=4.0432
step=009 loss=6.1075
step=010 loss=4.1530
step=011 loss=3.5412
step=012 loss=4.1985
step=013 loss=3.7124
step=014 loss=4.8856
step=015 loss=4.1369
step=016 loss=5.4871
step=017 loss=4.4697
step=018 loss=4.1599
step=019 loss=4.6629
step=020 loss=3.5986
step=021 loss=5.3571
step=022 loss=4.0405
step=023 loss=4.8672
step=024 loss=4.2600
step=025 loss=4.0086
step=026 loss=3.5478
step=027 loss=4.5183
step=028 loss=3.6684
step=029 loss=6.0972
step=030 loss=3.7531
step=031 loss=3.0133
step=032 loss=5.5050
step=033 loss=3.8489
step=034 loss=4.2510
step=035 loss=4.9181
step=036 loss=4.6907
step=037 loss=3.5896
step=038 loss=2.8624
step=039 loss=3.9623
step=040 loss=3.5737
step=041 loss=6.6980
step=042 loss=5.0179
step=043 loss=4.0543
step=044 loss=4.3985
step=045 loss=4.7957
step=046 loss=3.9180
step=047 loss=4.8225
step=048 loss=3.0171
step=049 loss=4.3956
step=050 loss=4.1493
step=051 loss=3.2890
step=052 loss=3.9407
step=053 loss=4.2571
step=054 loss=4.4629
step=055 loss=3.6328
step=056 loss=4.0082
step=057 loss=6.2379
step=058 loss=5.8851
step=059 loss=4.6640
step=060 loss=4.2442
step=061 loss=4.2784
step=062 loss=4.3525
step=063 loss=6.3004
step=064 loss=3.6505
step=065 loss=3.3641
step=066 loss=5.0386
step=067 loss=4.8620
step=068 loss=6.1158
step=069 loss=4.7525
step=070 loss=6.7987
step=071 loss=4.7150
step=072 loss=3.7499
step=073 loss=4.5868
step=074 loss=4.5561
step=075 loss=3.9869
step=076 loss=4.4049
step=077 loss=3.8460
step=078 loss=4.8496
step=079 loss=4.1649
step=080 loss=4.3426
step=081 loss=3.8991
step=082 loss=4.0514
step=083 loss=3.6504
step=084 loss=6.3568
step=085 loss=4.0815
step=086 loss=3.9807
step=087 loss=6.3417
step=088 loss=3.1938
step=089 loss=4.1973
step=090 loss=6.8889
step=091 loss=4.3989
step=092 loss=3.7329
step=093 loss=4.1350
step=094 loss=4.0516
step=095 loss=4.2539
step=096 loss=4.3582
step=097 loss=3.3571
step=098 loss=3.7721
step=099 loss=3.8392
step=100 loss=3.7439
step=101 loss=4.7940
step=102 loss=4.4398
step=103 loss=3.7331
step=104 loss=3.9570
step=105 loss=5.2101
step=106 loss=6.0465
step=107 loss=4.2471
step=108 loss=3.6590
step=109 loss=4.2240
step=110 loss=3.9562
step=111 loss=4.1699
step=112 loss=3.5842
step=113 loss=4.7511
step=114 loss=3.8915
step=115 loss=5.1205
step=116 loss=3.9600
step=117 loss=5.4102
step=118 loss=5.3054
step=119 loss=3.0728
step=120 loss=4.6837
step=121 loss=6.3716
step=122 loss=4.0411
step=123 loss=3.6272
step=124 loss=4.5853
step=125 loss=3.8438
step=126 loss=4.0717
step=127 loss=4.1088
step=128 loss=8.4062
step=129 loss=4.7453
step=130 loss=4.1308
step=131 loss=3.4096
step=132 loss=3.5428
step=133 loss=3.4543
step=134 loss=4.6103
step=135 loss=4.4985
step=136 loss=4.5002
step=137 loss=4.0915
step=138 loss=3.8368
step=139 loss=3.6926
step=140 loss=4.9223
step=141 loss=3.6437
step=142 loss=5.6455
step=143 loss=4.0217
step=144 loss=4.3917
step=145 loss=3.7715
step=146 loss=3.9977
step=147 loss=7.6509
step=148 loss=7.0976
step=149 loss=4.0086
step=150 loss=3.3424
step=151 loss=3.3448
step=152 loss=3.7985
step=153 loss=4.6552
step=154 loss=4.1521
step=155 loss=3.8976
step=156 loss=4.1106
step=157 loss=5.0939
step=158 loss=7.0099
step=159 loss=3.9959
step=160 loss=3.8534
step=161 loss=4.4619
step=162 loss=4.1314
step=163 loss=3.9843
step=164 loss=4.6534
step=165 loss=5.1070
step=166 loss=4.9885
step=167 loss=6.8083
step=168 loss=4.2689
step=169 loss=4.5006
step=170 loss=5.2507
step=171 loss=4.7628
step=172 loss=6.2294
step=173 loss=4.3048
step=174 loss=6.9441
step=175 loss=4.2441
step=176 loss=4.6056
step=177 loss=6.5971
step=178 loss=3.0326
step=179 loss=6.4393
step=180 loss=4.1153
step=181 loss=3.9179
step=182 loss=4.3660
step=183 loss=3.8122
step=184 loss=3.6405
step=185 loss=4.1837
step=186 loss=4.0031
step=187 loss=4.4798
step=188 loss=2.7427
step=189 loss=3.2020
step=190 loss=7.7407
step=191 loss=5.7934
step=192 loss=3.4666
step=193 loss=4.5287
step=194 loss=5.5152
step=195 loss=4.5595
step=196 loss=4.6953
step=197 loss=4.1297
step=198 loss=4.5447
step=199 loss=3.2880
step=200 loss=3.6273
eval_step=200 eval_loss=3.8348 eval_ppl=46.29
step=201 loss=4.7643
step=202 loss=5.4939
step=203 loss=3.5449
step=204 loss=4.5579
step=205 loss=5.5672
step=206 loss=3.6913
step=207 loss=3.5852
step=208 loss=4.2093
step=209 loss=5.5842
step=210 loss=4.6581
step=211 loss=3.7774
step=212 loss=3.3608
step=213 loss=4.4959
step=214 loss=4.4601
step=215 loss=3.2176
step=216 loss=6.0641
step=217 loss=4.2690
step=218 loss=4.3053
step=219 loss=4.0974
step=220 loss=3.6220
step=221 loss=3.4895
step=222 loss=4.4913
step=223 loss=3.8867
step=224 loss=3.4685
step=225 loss=4.6204
step=226 loss=3.4521
step=227 loss=4.6117
step=228 loss=4.6417
step=229 loss=7.6198
step=230 loss=3.5268
step=231 loss=4.2148
step=232 loss=4.0715
step=233 loss=6.0627
step=234 loss=5.3167
step=235 loss=5.4398
step=236 loss=4.3618
step=237 loss=3.7658
step=238 loss=3.5012
step=239 loss=3.5848
step=240 loss=4.2107
step=241 loss=3.7180
step=242 loss=6.0671
step=243 loss=3.4183
step=244 loss=3.8677
step=245 loss=3.4986
step=246 loss=4.4813
step=247 loss=3.7696
step=248 loss=5.9038
step=249 loss=3.0055
step=250 loss=4.5905
step=251 loss=3.5393
step=252 loss=3.7647
step=253 loss=3.7061
step=254 loss=3.5465
step=255 loss=3.8304
step=256 loss=7.3543
step=257 loss=3.6265
step=258 loss=3.4516
step=259 loss=3.3432
step=260 loss=3.8371
step=261 loss=3.5389
step=262 loss=6.6920
step=263 loss=6.3234
step=264 loss=3.7930
step=265 loss=6.1438
step=266 loss=5.8180
step=267 loss=3.4413
step=268 loss=4.2349
step=269 loss=3.1980
step=270 loss=4.3673
step=271 loss=4.9521
step=272 loss=5.9695
step=273 loss=6.9903
step=274 loss=3.7777
step=275 loss=4.4313
step=276 loss=5.1897
step=277 loss=4.0530
step=278 loss=4.2233
step=279 loss=3.8591
step=280 loss=4.0147
step=281 loss=5.9767
step=282 loss=3.5772
step=283 loss=7.5173
step=284 loss=3.7219
step=285 loss=6.5759
step=286 loss=3.9903
step=287 loss=3.6143
step=288 loss=4.3815
step=289 loss=3.9827
step=290 loss=3.8758
step=291 loss=3.9792
step=292 loss=3.5765
step=293 loss=4.6604
step=294 loss=4.2887
step=295 loss=5.0937
step=296 loss=4.0569
step=297 loss=3.3883
step=298 loss=4.2038
step=299 loss=3.4821
step=300 loss=4.5874
step=301 loss=6.8886
step=302 loss=6.4063
step=303 loss=5.7070
step=304 loss=3.8012
step=305 loss=6.0881
step=306 loss=3.9202
step=307 loss=3.8944
step=308 loss=3.6178
step=309 loss=3.8523
step=310 loss=6.4514
step=311 loss=4.0429
step=312 loss=4.1585
step=313 loss=4.4237
step=314 loss=4.0781
step=315 loss=4.6051
step=316 loss=3.8847
step=317 loss=4.0220
step=318 loss=4.1646
step=319 loss=6.7188
step=320 loss=4.7236
step=321 loss=4.8259
step=322 loss=4.2186
step=323 loss=5.8642
step=324 loss=7.2066
step=325 loss=3.7357
step=326 loss=3.7656
step=327 loss=2.6649
step=328 loss=4.9923
step=329 loss=4.4255
step=330 loss=4.8262
step=331 loss=4.4073
step=332 loss=6.1657
step=333 loss=4.5543
step=334 loss=3.7251
step=335 loss=4.6276
step=336 loss=5.3079
step=337 loss=4.2851
step=338 loss=3.5376
step=339 loss=4.3545
step=340 loss=3.7975
step=341 loss=3.1965
step=342 loss=5.5097
step=343 loss=5.7512
step=344 loss=3.9531
step=345 loss=5.3435
step=346 loss=3.4252
step=347 loss=4.7471
step=348 loss=3.6850
step=349 loss=4.3733
step=350 loss=4.5645
step=351 loss=3.6028
step=352 loss=3.2380
step=353 loss=6.0893
step=354 loss=4.0607
step=355 loss=4.2307
step=356 loss=4.1285
step=357 loss=4.1027
step=358 loss=4.6040
step=359 loss=6.6646
step=360 loss=3.7755
step=361 loss=4.1832
step=362 loss=4.3913
step=363 loss=3.9004
step=364 loss=3.5942
step=365 loss=6.9389
step=366 loss=3.3043
step=367 loss=4.2569
step=368 loss=4.9996
step=369 loss=3.8556
step=370 loss=3.7954
step=371 loss=3.6134
step=372 loss=5.7606
step=373 loss=3.6637
step=374 loss=5.8183
step=375 loss=3.4497
step=376 loss=4.2859
step=377 loss=4.4812
step=378 loss=3.7442
step=379 loss=4.2751
step=380 loss=4.1882
step=381 loss=3.8154
step=382 loss=3.7239
step=383 loss=3.6112
step=384 loss=3.9895
step=385 loss=3.7020
step=386 loss=4.4806
step=387 loss=6.7821
step=388 loss=5.2560
step=389 loss=6.7223
step=390 loss=3.6636
step=391 loss=5.6027
step=392 loss=3.5052
step=393 loss=4.5031
step=394 loss=4.2674
step=395 loss=3.5517
step=396 loss=4.9209
step=397 loss=3.3452
step=398 loss=4.1853
step=399 loss=6.0382
step=400 loss=5.4794
eval_step=400 eval_loss=3.8231 eval_ppl=45.74
step=401 loss=4.0150
step=402 loss=4.4321
step=403 loss=4.7392
step=404 loss=4.3799
step=405 loss=3.6929
step=406 loss=4.4840
step=407 loss=3.5522
step=408 loss=3.4026
step=409 loss=4.2588
step=410 loss=3.7742
step=411 loss=3.6990
step=412 loss=3.9545
step=413 loss=3.9246
step=414 loss=3.8530
step=415 loss=4.2642
step=416 loss=4.1089
step=417 loss=3.7975
step=418 loss=5.8400
step=419 loss=3.9870
step=420 loss=4.2118
step=421 loss=3.8272
step=422 loss=4.0707
step=423 loss=4.1943
step=424 loss=3.6008
step=425 loss=4.1636
step=426 loss=3.6841
step=427 loss=3.5941
step=428 loss=5.5450
step=429 loss=5.2996
step=430 loss=6.1768
step=431 loss=4.0951
step=432 loss=6.9921
step=433 loss=6.9068
step=434 loss=4.3092
step=435 loss=3.8839
step=436 loss=3.7452
step=437 loss=3.5477
step=438 loss=3.8188
step=439 loss=3.8891
step=440 loss=3.9784
step=441 loss=4.1572
step=442 loss=3.5812
step=443 loss=3.4280
step=444 loss=4.4787
step=445 loss=3.5138
step=446 loss=3.9117
step=447 loss=4.3306
step=448 loss=6.0207
step=449 loss=4.5419
step=450 loss=3.7429
step=451 loss=3.9350
step=452 loss=5.3581
step=453 loss=3.8578
step=454 loss=3.6670
step=455 loss=6.7003
step=456 loss=6.2782
step=457 loss=4.0786
step=458 loss=6.0244
step=459 loss=3.6818
step=460 loss=4.1857
step=461 loss=4.1110
step=462 loss=3.5851
step=463 loss=3.4520
step=464 loss=3.6593
step=465 loss=4.2657
step=466 loss=3.1067
step=467 loss=3.8316
step=468 loss=4.2985
step=469 loss=3.6092
step=470 loss=6.8966
step=471 loss=4.5955
step=472 loss=4.1758
step=473 loss=4.3273
step=474 loss=3.2214
step=475 loss=6.5442
step=476 loss=6.0846
step=477 loss=3.2023
step=478 loss=4.4766
step=479 loss=3.8042
step=480 loss=4.2657
step=481 loss=4.7861
step=482 loss=3.9597
step=483 loss=4.0899
step=484 loss=4.5791
step=485 loss=3.6484
step=486 loss=3.6409
step=487 loss=3.5265
step=488 loss=4.1042
step=489 loss=4.6181
step=490 loss=3.7535
step=491 loss=4.8898
step=492 loss=4.0438
step=493 loss=3.7287
step=494 loss=4.2338
step=495 loss=4.4759
step=496 loss=6.2202
step=497 loss=6.2280
step=498 loss=6.5164
step=499 loss=9.2113
step=500 loss=5.6039
step=501 loss=5.7168
step=502 loss=4.7891
step=503 loss=5.1467
step=504 loss=3.2161
step=505 loss=3.9011
step=506 loss=3.9903
step=507 loss=3.8739
step=508 loss=5.9945
step=509 loss=4.9760
step=510 loss=3.8680
step=511 loss=5.8696
step=512 loss=3.3886
step=513 loss=3.2376
step=514 loss=4.3251
step=515 loss=3.7471
step=516 loss=3.6327
step=517 loss=4.1491
step=518 loss=4.0416
step=519 loss=3.2340
step=520 loss=4.6295
step=521 loss=3.8338
step=522 loss=3.3526
step=523 loss=3.8396
step=524 loss=4.6011
step=525 loss=4.7061
step=526 loss=3.2249
step=527 loss=3.7155
step=528 loss=3.3386
step=529 loss=4.5834
step=530 loss=3.4834
step=531 loss=5.7683
step=532 loss=3.4802
step=533 loss=6.4495
step=534 loss=3.5132
step=535 loss=5.6332
step=536 loss=3.7823
step=537 loss=4.7793
step=538 loss=3.4125
step=539 loss=5.2696
step=540 loss=3.9336
step=541 loss=3.4021
step=542 loss=4.9045
step=543 loss=4.4668
step=544 loss=3.9335
step=545 loss=6.1330
step=546 loss=4.0996
step=547 loss=5.0504
step=548 loss=3.4457
step=549 loss=3.3719
step=550 loss=6.9657
step=551 loss=3.2809
step=552 loss=6.7039
step=553 loss=4.1192
step=554 loss=3.5827
step=555 loss=3.7081
step=556 loss=3.8468
step=557 loss=3.8406
step=558 loss=5.2109
step=559 loss=6.0731
step=560 loss=7.1190
step=561 loss=3.5830
step=562 loss=4.1394
step=563 loss=4.2208
step=564 loss=6.7938
step=565 loss=4.6653
step=566 loss=4.4838
step=567 loss=4.3888
step=568 loss=4.9712
step=569 loss=3.6730
step=570 loss=3.9951
step=571 loss=4.1745
step=572 loss=6.5678
step=573 loss=5.0506
step=574 loss=3.5847
step=575 loss=3.7722
step=576 loss=3.9334
step=577 loss=4.5866
step=578 loss=4.2250
step=579 loss=4.3333
step=580 loss=3.6165
step=581 loss=3.8518
step=582 loss=3.6971
step=583 loss=3.1590
step=584 loss=3.5995
step=585 loss=4.0768
step=586 loss=4.3632
step=587 loss=3.2636
step=588 loss=3.3949
step=589 loss=7.0571
step=590 loss=4.3614
step=591 loss=5.6564
step=592 loss=5.8936
step=593 loss=3.8287
step=594 loss=3.7955
step=595 loss=4.3611
step=596 loss=6.7211
step=597 loss=3.8648
step=598 loss=3.3937
step=599 loss=3.3130
step=600 loss=3.1742
eval_step=600 eval_loss=3.8107 eval_ppl=45.18
step=601 loss=3.6634
step=602 loss=3.6259
step=603 loss=2.8437
step=604 loss=3.5567
step=605 loss=3.6633
step=606 loss=3.5818
step=607 loss=5.9085
step=608 loss=3.9950
step=609 loss=3.6181
step=610 loss=3.7050
step=611 loss=2.9177
step=612 loss=3.6452
step=613 loss=3.1064
step=614 loss=6.4097
step=615 loss=3.8222
step=616 loss=4.6326
step=617 loss=3.2585
step=618 loss=3.8161
step=619 loss=3.5266
step=620 loss=4.8780
step=621 loss=5.8869
step=622 loss=5.1660
step=623 loss=3.8416
step=624 loss=3.8237
step=625 loss=4.1350
step=626 loss=3.7214
step=627 loss=2.9018
step=628 loss=5.7584
step=629 loss=3.6574
step=630 loss=4.2402
step=631 loss=3.2610
step=632 loss=4.2104
step=633 loss=2.7935
step=634 loss=3.8506
step=635 loss=3.8743
step=636 loss=3.8302
step=637 loss=3.4732
step=638 loss=3.7690
step=639 loss=3.8354
step=640 loss=3.9143
step=641 loss=4.7102
step=642 loss=5.1110
step=643 loss=3.7178
step=644 loss=5.8283
step=645 loss=4.3781
step=646 loss=4.0881
step=647 loss=6.1393
step=648 loss=3.8215
step=649 loss=3.7774
step=650 loss=3.8622
step=651 loss=3.3861
step=652 loss=4.2226
step=653 loss=3.9940
step=654 loss=5.8560
step=655 loss=4.3364
step=656 loss=4.0779
step=657 loss=3.7817
step=658 loss=4.5055
step=659 loss=5.8481
step=660 loss=3.3520
step=661 loss=4.2293
step=662 loss=3.4863
step=663 loss=5.1442
step=664 loss=3.8291
step=665 loss=5.4589
step=666 loss=4.9204
step=667 loss=3.6882
step=668 loss=4.2315
step=669 loss=4.1112
step=670 loss=3.8184
step=671 loss=3.5789
step=672 loss=2.7147
step=673 loss=4.1701
step=674 loss=4.5429
step=675 loss=3.8419
step=676 loss=3.4585
step=677 loss=4.5111
step=678 loss=3.2499
step=679 loss=3.9015
step=680 loss=5.9143
step=681 loss=4.0292
step=682 loss=3.7425
step=683 loss=6.7924
step=684 loss=4.0396
step=685 loss=2.7708
step=686 loss=4.2355
step=687 loss=3.4639
step=688 loss=4.6735
step=689 loss=4.3531
step=690 loss=3.9445
step=691 loss=4.0928
step=692 loss=3.7736
step=693 loss=4.1098
step=694 loss=4.0691
step=695 loss=3.4563
step=696 loss=7.0687
step=697 loss=4.5713
step=698 loss=6.5961
step=699 loss=4.4559
step=700 loss=5.8075
step=701 loss=3.5560
step=702 loss=4.6162
step=703 loss=4.0175
step=704 loss=6.0396
step=705 loss=4.0725
step=706 loss=3.8369
step=707 loss=4.4053
step=708 loss=4.0913
step=709 loss=5.4439
step=710 loss=5.0731
step=711 loss=3.6952
step=712 loss=4.0782
step=713 loss=3.5657
step=714 loss=4.5195
step=715 loss=4.4424
step=716 loss=3.9051
step=717 loss=6.0938
step=718 loss=3.9865
step=719 loss=3.4618
step=720 loss=3.5774
step=721 loss=3.8261
step=722 loss=4.1328
step=723 loss=4.0246
step=724 loss=4.5423
step=725 loss=3.7867
step=726 loss=3.9426
step=727 loss=4.1243
step=728 loss=4.9573
step=729 loss=7.2609
step=730 loss=4.7740
step=731 loss=5.9255
step=732 loss=2.8918
step=733 loss=3.7570
step=734 loss=3.9767
step=735 loss=4.1254
step=736 loss=3.9700
step=737 loss=5.0550
step=738 loss=4.6511
step=739 loss=3.8707
step=740 loss=6.1102
step=741 loss=5.6747
step=742 loss=7.0919
step=743 loss=4.8516
step=744 loss=3.9284
step=745 loss=4.1478
step=746 loss=4.0462
step=747 loss=4.7830
step=748 loss=4.7100
step=749 loss=4.1483
step=750 loss=4.6150
step=751 loss=3.8799
step=752 loss=4.0631
step=753 loss=5.2901
step=754 loss=3.8497
step=755 loss=5.8715
step=756 loss=3.4818
step=757 loss=4.3125
step=758 loss=3.6967
step=759 loss=4.0775
step=760 loss=4.3227
step=761 loss=3.5154
step=762 loss=3.6555
step=763 loss=4.4236
step=764 loss=5.2233
step=765 loss=3.7442
step=766 loss=6.0042
step=767 loss=6.8263
step=768 loss=3.5926
step=769 loss=4.0878
step=770 loss=3.8319
step=771 loss=4.2445
step=772 loss=6.2572
step=773 loss=4.1419
step=774 loss=3.5684
step=775 loss=3.8960
step=776 loss=4.1396
step=777 loss=4.5317
step=778 loss=3.3401
step=779 loss=4.0478
step=780 loss=5.8350
step=781 loss=4.1210
step=782 loss=4.2591
step=783 loss=3.5763
step=784 loss=3.8383
step=785 loss=5.2668
step=786 loss=7.2351
step=787 loss=6.2823
step=788 loss=4.1628
step=789 loss=4.3810
step=790 loss=6.2078
step=791 loss=4.0125
step=792 loss=3.9427
step=793 loss=6.4690
step=794 loss=4.6696
step=795 loss=3.5039
step=796 loss=3.7200
step=797 loss=5.7492
step=798 loss=3.8502
step=799 loss=3.8676
step=800 loss=3.9706
eval_step=800 eval_loss=3.8004 eval_ppl=44.72
step=801 loss=4.4661
step=802 loss=6.1614
step=803 loss=4.3812
step=804 loss=4.0735
step=805 loss=4.7811
step=806 loss=4.4429
step=807 loss=4.0985
step=808 loss=6.3542
step=809 loss=5.8728
step=810 loss=4.1758
step=811 loss=6.6260
step=812 loss=3.5540
step=813 loss=4.1442
step=814 loss=6.1996
step=815 loss=4.1465
step=816 loss=5.6719
step=817 loss=3.6711
step=818 loss=4.2635
step=819 loss=4.9068
step=820 loss=4.6325
step=821 loss=4.3278
step=822 loss=2.7841
step=823 loss=4.1355
step=824 loss=3.9561
step=825 loss=4.3882
step=826 loss=3.9208
step=827 loss=3.4102
step=828 loss=4.5362
step=829 loss=4.0582
step=830 loss=4.0572
step=831 loss=3.4644
step=832 loss=5.6592
step=833 loss=3.5786
step=834 loss=4.3713
step=835 loss=3.7884
step=836 loss=3.6626
step=837 loss=6.0150
step=838 loss=4.0937
step=839 loss=3.8926
step=840 loss=4.9682
step=841 loss=4.0948
step=842 loss=3.1906
step=843 loss=2.9636
step=844 loss=5.5510
step=845 loss=3.7071
step=846 loss=4.0589
step=847 loss=3.8979
step=848 loss=3.1429
step=849 loss=5.9406
step=850 loss=4.5829
step=851 loss=3.4865
step=852 loss=5.4868
step=853 loss=3.9398
step=854 loss=4.1214
step=855 loss=3.8526
step=856 loss=6.3055
step=857 loss=3.7572
step=858 loss=4.1158
step=859 loss=3.4030
step=860 loss=4.8781
step=861 loss=3.7864
step=862 loss=3.2771
step=863 loss=4.0582
step=864 loss=3.2897
step=865 loss=3.9697
step=866 loss=3.8057
step=867 loss=3.6588
step=868 loss=3.7715
step=869 loss=3.5826
step=870 loss=5.9996
step=871 loss=5.5582
step=872 loss=5.6059
step=873 loss=4.8353
step=874 loss=5.0898
step=875 loss=4.0759
step=876 loss=3.9584
step=877 loss=3.7764
step=878 loss=4.9940
step=879 loss=3.5840
step=880 loss=5.4464
step=881 loss=4.7908
step=882 loss=4.1791
step=883 loss=3.8427
step=884 loss=3.8341
step=885 loss=6.0191
step=886 loss=3.2925
step=887 loss=4.1291
step=888 loss=4.4304
step=889 loss=4.2042
step=890 loss=3.2651
step=891 loss=5.9067
step=892 loss=4.0565
step=893 loss=5.7301
step=894 loss=3.7373
step=895 loss=6.1393
step=896 loss=4.5523
step=897 loss=3.8886
step=898 loss=4.1666
step=899 loss=3.9176
step=900 loss=5.9784
step=901 loss=4.2371
step=902 loss=3.7965
step=903 loss=5.7884
step=904 loss=4.0659
step=905 loss=3.6994
step=906 loss=3.6784
step=907 loss=3.0161
step=908 loss=6.1051
step=909 loss=4.1597
step=910 loss=7.0188
step=911 loss=3.7307
step=912 loss=4.2767
step=913 loss=4.1639
step=914 loss=3.4288
step=915 loss=4.2832
step=916 loss=3.6239
step=917 loss=4.0264
step=918 loss=6.4167
step=919 loss=3.5791
step=920 loss=3.6971
step=921 loss=3.6477
step=922 loss=4.3922
step=923 loss=4.1389
step=924 loss=5.8195
step=925 loss=3.4730
step=926 loss=4.0154
step=927 loss=4.0560
step=928 loss=4.7011
step=929 loss=4.2479
step=930 loss=3.8128
step=931 loss=3.5928
step=932 loss=3.1766
step=933 loss=3.9861
step=934 loss=6.1752
step=935 loss=3.9676
step=936 loss=4.2121
step=937 loss=3.5920
step=938 loss=3.2406
step=939 loss=5.0706
step=940 loss=7.1459
step=941 loss=3.9027
step=942 loss=3.4555
step=943 loss=3.7936
step=944 loss=3.8443
step=945 loss=4.0338
step=946 loss=6.5765
step=947 loss=4.2590
step=948 loss=3.2352
step=949 loss=4.0142
step=950 loss=4.2065
step=951 loss=6.3098
step=952 loss=3.6730
step=953 loss=3.9983
step=954 loss=4.3708
step=955 loss=4.1651
step=956 loss=3.8863
step=957 loss=3.4905
step=958 loss=3.7117
step=959 loss=5.7159
step=960 loss=6.6831
step=961 loss=4.0585
step=962 loss=5.0685
step=963 loss=6.0805
step=964 loss=3.0802
step=965 loss=3.6755
step=966 loss=3.8747
step=967 loss=4.2989
step=968 loss=3.8226
step=969 loss=4.1578
step=970 loss=3.7392
step=971 loss=3.7206
step=972 loss=2.8149
step=973 loss=3.7255
step=974 loss=3.8373
step=975 loss=3.6101
step=976 loss=6.0369
step=977 loss=3.7587
step=978 loss=4.1574
step=979 loss=5.2166
step=980 loss=3.7719
step=981 loss=4.2140
step=982 loss=3.5744
step=983 loss=6.2719
step=984 loss=4.1590
step=985 loss=3.1008
step=986 loss=6.0054
step=987 loss=3.6796
step=988 loss=6.0034
step=989 loss=3.7126
step=990 loss=4.4272
step=991 loss=3.2493
step=992 loss=3.9220
step=993 loss=4.1391
step=994 loss=3.6657
step=995 loss=3.1849
step=996 loss=3.8897
step=997 loss=3.6552
step=998 loss=3.9628
step=999 loss=3.6022
step=1000 loss=2.8939
eval_step=1000 eval_loss=3.7892 eval_ppl=44.22
step=1001 loss=4.0187
step=1002 loss=3.7358
step=1003 loss=3.7928
step=1004 loss=4.1149
step=1005 loss=4.4634
step=1006 loss=6.5431
step=1007 loss=4.0763
step=1008 loss=4.2272
step=1009 loss=4.1218
step=1010 loss=3.7353
step=1011 loss=4.4379
step=1012 loss=5.6005
step=1013 loss=6.4103
step=1014 loss=3.2621
step=1015 loss=3.8533
step=1016 loss=5.2599
step=1017 loss=3.4713
step=1018 loss=3.2881
step=1019 loss=5.5294
step=1020 loss=3.5933
step=1021 loss=4.5228
step=1022 loss=4.9686
step=1023 loss=5.5818
step=1024 loss=5.9682
step=1025 loss=3.9861
step=1026 loss=4.4205
step=1027 loss=4.0385
step=1028 loss=4.2030
step=1029 loss=2.9876
step=1030 loss=6.6836
step=1031 loss=3.6591
step=1032 loss=3.8590
step=1033 loss=4.6444
step=1034 loss=4.0647
step=1035 loss=3.8915
step=1036 loss=4.9754
step=1037 loss=5.1345
step=1038 loss=4.0727
step=1039 loss=4.2004
step=1040 loss=3.8238
step=1041 loss=3.4031
step=1042 loss=4.1622
step=1043 loss=5.9785
step=1044 loss=3.6167
step=1045 loss=3.6028
step=1046 loss=3.9103
step=1047 loss=4.0025
step=1048 loss=5.4596
step=1049 loss=3.6135
step=1050 loss=3.2824
step=1051 loss=3.6142
step=1052 loss=3.9140
step=1053 loss=4.3144
step=1054 loss=5.4697
step=1055 loss=4.7445
step=1056 loss=3.9215
step=1057 loss=4.3983
step=1058 loss=7.7109
step=1059 loss=3.4925
step=1060 loss=5.4540
step=1061 loss=7.0873
step=1062 loss=3.8945
step=1063 loss=3.7994
step=1064 loss=3.8992
step=1065 loss=5.5908
step=1066 loss=5.0115
step=1067 loss=5.7106
step=1068 loss=3.7757
step=1069 loss=4.4657
step=1070 loss=5.4553
step=1071 loss=3.5695
step=1072 loss=3.7828
step=1073 loss=3.6908
step=1074 loss=3.4449
step=1075 loss=4.4303
step=1076 loss=3.7816
step=1077 loss=4.4364
step=1078 loss=3.5643
step=1079 loss=3.9815
step=1080 loss=4.8178
step=1081 loss=3.8380
step=1082 loss=3.6716
step=1083 loss=3.7312
step=1084 loss=7.6519
step=1085 loss=3.9235
step=1086 loss=4.1924
step=1087 loss=5.8980
step=1088 loss=3.6353
step=1089 loss=5.9994
step=1090 loss=4.5557
step=1091 loss=5.5297
step=1092 loss=4.1312
step=1093 loss=3.3340
step=1094 loss=5.5426
step=1095 loss=3.3910
step=1096 loss=4.0444
step=1097 loss=4.0425
step=1098 loss=5.7456
step=1099 loss=4.0157
step=1100 loss=3.3632
step=1101 loss=4.9386
step=1102 loss=3.7544
step=1103 loss=4.4544
step=1104 loss=4.1181
step=1105 loss=6.6338
step=1106 loss=3.8024
step=1107 loss=3.9464
step=1108 loss=3.8096
step=1109 loss=3.5866
step=1110 loss=5.7641
step=1111 loss=5.5027
step=1112 loss=3.7269
step=1113 loss=4.1168
step=1114 loss=4.3750
step=1115 loss=4.6281
step=1116 loss=6.3526
step=1117 loss=4.1535
step=1118 loss=3.5402
step=1119 loss=4.2088
step=1120 loss=3.8637
step=1121 loss=3.5888
step=1122 loss=3.3532
step=1123 loss=4.2099
step=1124 loss=6.1454
step=1125 loss=4.1432
step=1126 loss=6.3348
step=1127 loss=3.6281
step=1128 loss=5.4299
step=1129 loss=4.6504
step=1130 loss=6.7773
step=1131 loss=3.6057
step=1132 loss=4.0951
step=1133 loss=3.3595
step=1134 loss=3.0298
step=1135 loss=3.8421
step=1136 loss=3.7598
step=1137 loss=4.4485
step=1138 loss=3.8039
step=1139 loss=5.3373
step=1140 loss=3.6069
step=1141 loss=2.7148
step=1142 loss=3.9025
step=1143 loss=4.5219
step=1144 loss=4.3135
step=1145 loss=5.6792
step=1146 loss=6.0243
step=1147 loss=3.5560
step=1148 loss=3.9444
step=1149 loss=3.9582
step=1150 loss=4.1445
step=1151 loss=3.6514
step=1152 loss=5.3308
step=1153 loss=3.8350
step=1154 loss=3.7898
step=1155 loss=3.5888
step=1156 loss=4.0490
step=1157 loss=3.9074
step=1158 loss=4.0188
step=1159 loss=4.1177
step=1160 loss=3.7462
step=1161 loss=4.2912
step=1162 loss=3.6916
step=1163 loss=5.1350
step=1164 loss=3.3199
step=1165 loss=3.7153
step=1166 loss=4.4302
step=1167 loss=3.7366
step=1168 loss=3.5458
step=1169 loss=4.1938
step=1170 loss=6.8176
step=1171 loss=5.7232
step=1172 loss=5.0239
step=1173 loss=2.8872
step=1174 loss=4.3469
step=1175 loss=3.4256
step=1176 loss=4.0031
step=1177 loss=5.0398
step=1178 loss=4.0909
step=1179 loss=3.9804
step=1180 loss=3.4339
step=1181 loss=3.9482
step=1182 loss=3.8863
step=1183 loss=3.7899
step=1184 loss=3.2706
step=1185 loss=5.5345
step=1186 loss=3.4264
step=1187 loss=3.7233
step=1188 loss=3.8803
step=1189 loss=3.6690
step=1190 loss=3.9243
step=1191 loss=3.6739
step=1192 loss=3.8649
step=1193 loss=6.3372
step=1194 loss=4.1149
step=1195 loss=3.6845
step=1196 loss=3.9745
step=1197 loss=5.8885
step=1198 loss=4.0370
step=1199 loss=4.8135
step=1200 loss=4.0434
eval_step=1200 eval_loss=3.7781 eval_ppl=43.73
step=1201 loss=3.6235
step=1202 loss=3.5800
step=1203 loss=4.0787
step=1204 loss=4.1432
step=1205 loss=3.9272
step=1206 loss=3.7649
step=1207 loss=3.6224
step=1208 loss=3.4855
step=1209 loss=3.8181
step=1210 loss=3.9106
step=1211 loss=3.7218
step=1212 loss=3.6386
step=1213 loss=3.9654
step=1214 loss=4.1582
step=1215 loss=3.3610
step=1216 loss=3.6489
step=1217 loss=3.8701
step=1218 loss=3.8772
step=1219 loss=3.6932
step=1220 loss=3.9667
step=1221 loss=5.8724
step=1222 loss=3.9744
step=1223 loss=3.9854
step=1224 loss=5.9239
step=1225 loss=3.6947
step=1226 loss=3.3651
step=1227 loss=3.6058
step=1228 loss=4.1850
step=1229 loss=3.9616
step=1230 loss=3.6703
step=1231 loss=6.5953
step=1232 loss=3.6328
step=1233 loss=3.5055
step=1234 loss=4.6939
step=1235 loss=3.3201
step=1236 loss=4.4060
step=1237 loss=3.1746
step=1238 loss=3.9090
step=1239 loss=5.3705
step=1240 loss=4.4461
step=1241 loss=4.7595
step=1242 loss=5.9114
step=1243 loss=6.1054
step=1244 loss=3.6030
step=1245 loss=3.9316
step=1246 loss=3.4115
step=1247 loss=4.4817
step=1248 loss=4.0903
step=1249 loss=5.8870
step=1250 loss=5.9166
step=1251 loss=3.7185
step=1252 loss=4.5085
step=1253 loss=4.0022
step=1254 loss=3.7675
step=1255 loss=4.3289
step=1256 loss=6.3315
step=1257 loss=4.1705
step=1258 loss=5.4235
step=1259 loss=5.7950
step=1260 loss=4.3300
step=1261 loss=4.8133
step=1262 loss=7.0367
step=1263 loss=4.0141
step=1264 loss=6.8396
step=1265 loss=3.8479
step=1266 loss=6.4257
step=1267 loss=3.5724
step=1268 loss=3.8435
step=1269 loss=6.5433
step=1270 loss=3.7265
step=1271 loss=5.8906
step=1272 loss=4.1034
step=1273 loss=3.9115
step=1274 loss=3.7281
step=1275 loss=8.2316
step=1276 loss=4.0444
step=1277 loss=4.2130
step=1278 loss=3.8209
step=1279 loss=3.4746
step=1280 loss=4.1980
step=1281 loss=3.9248
step=1282 loss=3.5070
step=1283 loss=4.9813
step=1284 loss=6.1638
step=1285 loss=4.0081
step=1286 loss=3.6076
step=1287 loss=4.0550
step=1288 loss=3.1293
step=1289 loss=3.6950
step=1290 loss=5.1295
step=1291 loss=4.4602
step=1292 loss=3.9661
step=1293 loss=2.8657
step=1294 loss=7.9188
step=1295 loss=5.4364
step=1296 loss=4.0540
step=1297 loss=3.9734
step=1298 loss=3.5018
step=1299 loss=3.6395
step=1300 loss=3.5872
step=1301 loss=4.1226
step=1302 loss=5.7063
step=1303 loss=4.5688
step=1304 loss=3.4883
step=1305 loss=4.4176
step=1306 loss=3.9473
step=1307 loss=4.0325
step=1308 loss=5.6729
step=1309 loss=3.4626
step=1310 loss=6.7201
step=1311 loss=3.8642
step=1312 loss=3.8628
step=1313 loss=3.8159
step=1314 loss=4.0751
step=1315 loss=5.2110
step=1316 loss=5.2725
step=1317 loss=3.8218
step=1318 loss=3.7632
step=1319 loss=3.5911
step=1320 loss=3.0455
step=1321 loss=6.5847
step=1322 loss=3.3740
step=1323 loss=3.8391
step=1324 loss=4.3468
step=1325 loss=3.9012
step=1326 loss=3.9286
step=1327 loss=5.4595
step=1328 loss=3.6772
step=1329 loss=5.7902
step=1330 loss=4.0031
step=1331 loss=5.1803
step=1332 loss=4.3094
step=1333 loss=3.5538
step=1334 loss=4.3328
step=1335 loss=2.9629
step=1336 loss=4.0814
step=1337 loss=4.2658
step=1338 loss=4.5295
step=1339 loss=3.4965
step=1340 loss=3.8735
step=1341 loss=5.2387
step=1342 loss=3.8257
step=1343 loss=3.8361
step=1344 loss=6.1000
step=1345 loss=5.5611
step=1346 loss=7.9365
step=1347 loss=4.3193
step=1348 loss=3.9026
step=1349 loss=3.7744
step=1350 loss=6.2692
step=1351 loss=6.3730
step=1352 loss=4.5357
step=1353 loss=3.8490
step=1354 loss=5.9651
step=1355 loss=3.7239
step=1356 loss=4.3188
step=1357 loss=3.4030
step=1358 loss=3.3904
step=1359 loss=4.7988
step=1360 loss=7.0600
step=1361 loss=3.9319
step=1362 loss=2.9694
step=1363 loss=3.5526
step=1364 loss=5.3054
step=1365 loss=6.0033
step=1366 loss=5.8582
step=1367 loss=4.3122
step=1368 loss=3.7828
step=1369 loss=5.6582
step=1370 loss=4.3155
step=1371 loss=3.1514
step=1372 loss=3.6065
step=1373 loss=3.6764
step=1374 loss=5.0877
step=1375 loss=5.1193
step=1376 loss=3.9372
step=1377 loss=3.9539
step=1378 loss=3.3492
step=1379 loss=3.6073
step=1380 loss=4.0451
step=1381 loss=4.0808
step=1382 loss=3.7509
step=1383 loss=4.6224
step=1384 loss=3.6514
step=1385 loss=3.8952
step=1386 loss=5.7092
step=1387 loss=4.3886
step=1388 loss=4.0733
step=1389 loss=3.9016
step=1390 loss=4.2241
step=1391 loss=3.8065
step=1392 loss=3.6238
step=1393 loss=3.7889
step=1394 loss=3.4654
step=1395 loss=4.2490
step=1396 loss=5.2278
step=1397 loss=3.9903
step=1398 loss=5.2897
step=1399 loss=4.2535
step=1400 loss=3.5622
eval_step=1400 eval_loss=3.7665 eval_ppl=43.23
step=1401 loss=4.8055
step=1402 loss=3.3732
step=1403 loss=3.7963
step=1404 loss=3.6677
step=1405 loss=3.4467
step=1406 loss=6.2121
step=1407 loss=3.2839
step=1408 loss=3.4614
step=1409 loss=6.6116
step=1410 loss=5.8667
step=1411 loss=3.7616
step=1412 loss=6.4531
step=1413 loss=4.6152
step=1414 loss=6.5627
step=1415 loss=3.5947
step=1416 loss=4.4423
step=1417 loss=5.9095
step=1418 loss=3.8999
step=1419 loss=4.4767
step=1420 loss=7.3729
step=1421 loss=3.4021
step=1422 loss=4.2255
step=1423 loss=7.9488
step=1424 loss=5.4168
step=1425 loss=4.1111
step=1426 loss=4.5909
step=1427 loss=5.9468
step=1428 loss=3.7911
step=1429 loss=3.7394
step=1430 loss=3.8120
step=1431 loss=3.7061
step=1432 loss=3.9649
step=1433 loss=4.4974
step=1434 loss=4.9326
step=1435 loss=3.5022
step=1436 loss=5.3913
step=1437 loss=4.1715
step=1438 loss=4.0915
step=1439 loss=3.4465
step=1440 loss=3.6454
step=1441 loss=3.6370
step=1442 loss=5.1035
step=1443 loss=4.8602
step=1444 loss=3.3537
step=1445 loss=3.7144
step=1446 loss=3.7643
step=1447 loss=6.4001
step=1448 loss=7.1681
step=1449 loss=5.5397
step=1450 loss=4.2312
step=1451 loss=3.7557
step=1452 loss=3.8465
step=1453 loss=3.3758
step=1454 loss=3.7127
step=1455 loss=4.0306
step=1456 loss=3.8857
step=1457 loss=3.4048
step=1458 loss=4.5801
step=1459 loss=3.8831
step=1460 loss=3.6984
step=1461 loss=3.5486
step=1462 loss=7.0080
step=1463 loss=4.3077
step=1464 loss=3.6625
step=1465 loss=3.8576
step=1466 loss=3.5179
step=1467 loss=3.8970
step=1468 loss=3.9552
step=1469 loss=3.5847
step=1470 loss=5.4066
step=1471 loss=3.5912
step=1472 loss=3.9442
step=1473 loss=3.3349
step=1474 loss=3.6753
step=1475 loss=3.7511
step=1476 loss=7.4782
step=1477 loss=4.1729
step=1478 loss=4.0643
step=1479 loss=5.6616
step=1480 loss=3.2157
step=1481 loss=3.3838
step=1482 loss=3.8103
step=1483 loss=3.4695
step=1484 loss=5.3258
step=1485 loss=3.6880
step=1486 loss=5.9373
step=1487 loss=3.6660
step=1488 loss=3.4363
step=1489 loss=3.8881
step=1490 loss=4.0166
step=1491 loss=3.4460
step=1492 loss=3.6199
step=1493 loss=3.1687
step=1494 loss=5.0492
step=1495 loss=4.5534
step=1496 loss=5.1507
step=1497 loss=4.6437
step=1498 loss=4.1043
step=1499 loss=4.4082
step=1500 loss=5.2299
step=1501 loss=3.4716
step=1502 loss=7.1241
step=1503 loss=3.7995
step=1504 loss=3.3686
step=1505 loss=4.4181
step=1506 loss=3.9867
step=1507 loss=3.3283
step=1508 loss=3.7931
step=1509 loss=3.7089
step=1510 loss=3.8574
step=1511 loss=3.3233
step=1512 loss=3.6868
step=1513 loss=6.5435
step=1514 loss=5.6075
step=1515 loss=5.3880
step=1516 loss=4.7888
step=1517 loss=3.7556
step=1518 loss=3.9068
step=1519 loss=6.3503
step=1520 loss=5.0074
step=1521 loss=4.4998
step=1522 loss=3.4967
step=1523 loss=5.3463
step=1524 loss=3.3781
step=1525 loss=3.7831
step=1526 loss=5.3697
step=1527 loss=3.8711
step=1528 loss=3.7306
step=1529 loss=4.3862
step=1530 loss=5.9223
step=1531 loss=3.8937
step=1532 loss=4.3731
step=1533 loss=5.8126
step=1534 loss=3.7486
step=1535 loss=3.5726
step=1536 loss=4.1186
step=1537 loss=3.7653
step=1538 loss=5.2237
step=1539 loss=3.9566
step=1540 loss=4.0039
step=1541 loss=3.8250
step=1542 loss=4.4869
step=1543 loss=4.4923
step=1544 loss=5.5378
step=1545 loss=6.4683
step=1546 loss=4.1200
step=1547 loss=5.4303
step=1548 loss=4.2066
step=1549 loss=4.9067
step=1550 loss=3.3188
step=1551 loss=3.8025
step=1552 loss=3.4786
step=1553 loss=3.5323
step=1554 loss=4.9406
step=1555 loss=4.3932
step=1556 loss=5.3959
step=1557 loss=5.8169
step=1558 loss=2.6816
step=1559 loss=5.0957
step=1560 loss=3.6715
step=1561 loss=3.4319
step=1562 loss=3.3196
step=1563 loss=4.2322
step=1564 loss=6.2726
step=1565 loss=4.4069
step=1566 loss=4.7282
step=1567 loss=3.9008
step=1568 loss=3.8626
step=1569 loss=3.6002
step=1570 loss=3.7956
step=1571 loss=3.9585
step=1572 loss=3.6639
step=1573 loss=3.8298
step=1574 loss=4.3690
step=1575 loss=6.9616
step=1576 loss=3.7971
step=1577 loss=3.3636
step=1578 loss=3.9233
step=1579 loss=3.5974
step=1580 loss=4.1555
step=1581 loss=3.6146
step=1582 loss=5.0043
step=1583 loss=3.8426
step=1584 loss=5.4217
step=1585 loss=3.8404
step=1586 loss=3.3880
step=1587 loss=3.5518
step=1588 loss=5.0919
step=1589 loss=4.9156
step=1590 loss=3.4016
step=1591 loss=3.4252
step=1592 loss=3.9491
step=1593 loss=3.2611
step=1594 loss=3.4727
step=1595 loss=6.8059
step=1596 loss=3.7827
step=1597 loss=3.2971
step=1598 loss=5.4442
step=1599 loss=4.0683
step=1600 loss=3.4606
eval_step=1600 eval_loss=3.7559 eval_ppl=42.77
step=1601 loss=7.7248
step=1602 loss=3.6887
step=1603 loss=3.3193
step=1604 loss=3.8844
step=1605 loss=3.5810
step=1606 loss=3.5417
step=1607 loss=3.2532
step=1608 loss=3.2959
step=1609 loss=3.7557
step=1610 loss=3.6741
step=1611 loss=4.0844
step=1612 loss=3.5704
step=1613 loss=5.8380
step=1614 loss=6.3813
step=1615 loss=3.4549
step=1616 loss=3.8149
step=1617 loss=3.6906
step=1618 loss=3.3670
step=1619 loss=5.7163
step=1620 loss=3.3887
step=1621 loss=4.1950
step=1622 loss=3.3231
step=1623 loss=3.9552
step=1624 loss=5.8693
step=1625 loss=5.9923
step=1626 loss=5.1576
step=1627 loss=3.6738
step=1628 loss=4.4295
step=1629 loss=3.7248
step=1630 loss=3.8665
step=1631 loss=3.7346
step=1632 loss=4.1645
step=1633 loss=5.4860
step=1634 loss=5.0282
step=1635 loss=3.4357
step=1636 loss=4.0447
step=1637 loss=4.5537
step=1638 loss=3.0733
step=1639 loss=5.9695
step=1640 loss=3.6402
step=1641 loss=3.6708
step=1642 loss=5.1759
step=1643 loss=4.2280
step=1644 loss=7.1031
step=1645 loss=4.2150
step=1646 loss=4.1352
step=1647 loss=3.9707
step=1648 loss=5.2985
step=1649 loss=3.6074
step=1650 loss=3.7820
step=1651 loss=3.6350
step=1652 loss=5.2862
step=1653 loss=6.0581
step=1654 loss=3.3774
step=1655 loss=3.5350
step=1656 loss=4.0512
step=1657 loss=5.3232
step=1658 loss=3.8789
step=1659 loss=4.1053
step=1660 loss=5.8222
step=1661 loss=3.3697
step=1662 loss=5.6841
step=1663 loss=3.9076
step=1664 loss=3.1774
step=1665 loss=4.1189
step=1666 loss=6.2043
step=1667 loss=3.9440
step=1668 loss=3.6253
step=1669 loss=3.8404
step=1670 loss=3.2653
step=1671 loss=3.4413
step=1672 loss=3.6477
step=1673 loss=4.6960
step=1674 loss=7.0290
step=1675 loss=7.3033
step=1676 loss=3.9855
step=1677 loss=3.5846
step=1678 loss=6.2569
step=1679 loss=3.8178
step=1680 loss=4.0144
step=1681 loss=3.6299
step=1682 loss=4.0993
step=1683 loss=5.7922
step=1684 loss=4.0240
step=1685 loss=3.3236
step=1686 loss=3.4672
step=1687 loss=3.7711
step=1688 loss=3.5199
step=1689 loss=3.6706
step=1690 loss=7.3964
step=1691 loss=3.9365
step=1692 loss=3.4513
step=1693 loss=7.2209
step=1694 loss=3.2450
step=1695 loss=3.9875
step=1696 loss=5.7806
step=1697 loss=3.8336
step=1698 loss=3.4787
step=1699 loss=3.7298
step=1700 loss=7.0159
step=1701 loss=3.2003
step=1702 loss=5.1940
step=1703 loss=3.0244
step=1704 loss=3.2551
step=1705 loss=2.7987
step=1706 loss=3.9366
step=1707 loss=5.9741
step=1708 loss=3.2294
step=1709 loss=6.6600
step=1710 loss=3.3498
step=1711 loss=3.4047
step=1712 loss=7.0751
step=1713 loss=4.0333
step=1714 loss=3.9542
step=1715 loss=3.6967
step=1716 loss=3.8961
step=1717 loss=3.3898
step=1718 loss=3.0933
step=1719 loss=3.4593
step=1720 loss=3.5509
step=1721 loss=6.0788
step=1722 loss=4.0806
step=1723 loss=3.5582
step=1724 loss=4.1117
step=1725 loss=6.0516
step=1726 loss=4.2537
step=1727 loss=3.8690
step=1728 loss=5.7472
step=1729 loss=6.4910
step=1730 loss=5.7075
step=1731 loss=3.6952
step=1732 loss=3.8474
step=1733 loss=5.8222
step=1734 loss=5.0052
step=1735 loss=3.6092
step=1736 loss=6.1396
step=1737 loss=3.6342
step=1738 loss=4.1754
step=1739 loss=4.1440
step=1740 loss=5.9696
step=1741 loss=3.2600
step=1742 loss=5.1488
step=1743 loss=4.0304
step=1744 loss=4.0429
step=1745 loss=5.2788
step=1746 loss=3.9484
step=1747 loss=3.4218
step=1748 loss=4.3005
step=1749 loss=3.8095
step=1750 loss=4.3776
step=1751 loss=4.6615
step=1752 loss=4.4350
step=1753 loss=4.5257
step=1754 loss=3.8068
step=1755 loss=3.6207
step=1756 loss=3.3773
step=1757 loss=7.6168
step=1758 loss=6.8357
step=1759 loss=3.5909
step=1760 loss=3.7298
step=1761 loss=3.3985
step=1762 loss=3.2606
step=1763 loss=5.8451
step=1764 loss=3.3975
step=1765 loss=3.5068
step=1766 loss=3.2682
step=1767 loss=3.7212
step=1768 loss=3.5856
step=1769 loss=6.3693
step=1770 loss=4.7188
step=1771 loss=3.8757
step=1772 loss=3.4465
step=1773 loss=3.2304
step=1774 loss=3.8123
step=1775 loss=4.7255
step=1776 loss=5.0230
step=1777 loss=6.2612
step=1778 loss=3.3496
step=1779 loss=3.7443
step=1780 loss=3.6379
step=1781 loss=5.8031
step=1782 loss=4.2770
step=1783 loss=3.7624
step=1784 loss=5.8980
step=1785 loss=3.5133
step=1786 loss=3.5565
step=1787 loss=3.2545
step=1788 loss=4.2155
step=1789 loss=3.6088
step=1790 loss=6.4625
step=1791 loss=5.1900
step=1792 loss=5.6133
step=1793 loss=4.5737
step=1794 loss=3.8193
step=1795 loss=4.4622
step=1796 loss=3.3191
step=1797 loss=5.4771
step=1798 loss=4.8275
step=1799 loss=3.5355
step=1800 loss=3.9499
eval_step=1800 eval_loss=3.7453 eval_ppl=42.32
step=1801 loss=3.5791
step=1802 loss=4.1560
step=1803 loss=3.5832
step=1804 loss=3.4528
step=1805 loss=3.6519
step=1806 loss=3.8464
step=1807 loss=3.3885
step=1808 loss=3.4979
step=1809 loss=3.5709
step=1810 loss=3.7014
step=1811 loss=4.0558
step=1812 loss=6.6835
step=1813 loss=4.2664
step=1814 loss=3.7676
step=1815 loss=3.4424
step=1816 loss=3.6361
step=1817 loss=3.6858
step=1818 loss=5.3758
step=1819 loss=4.4834
step=1820 loss=5.4155
step=1821 loss=4.0146
step=1822 loss=4.0968
step=1823 loss=4.6222
step=1824 loss=3.1744
step=1825 loss=4.5156
step=1826 loss=3.4267
step=1827 loss=4.0437
step=1828 loss=3.3637
step=1829 loss=4.6512
step=1830 loss=3.8341
step=1831 loss=4.2288
step=1832 loss=3.5036
step=1833 loss=3.6637
step=1834 loss=5.6647
step=1835 loss=5.7973
step=1836 loss=7.7184
step=1837 loss=4.2421
step=1838 loss=3.7266
step=1839 loss=5.1049
step=1840 loss=3.9022
step=1841 loss=4.4310
step=1842 loss=4.7288
step=1843 loss=3.4947
step=1844 loss=3.4449
step=1845 loss=3.5729
step=1846 loss=5.0618
step=1847 loss=3.8649
step=1848 loss=3.6254
step=1849 loss=3.7159
step=1850 loss=6.0493
step=1851 loss=3.7178
step=1852 loss=4.3752
step=1853 loss=3.4550
step=1854 loss=3.6661
step=1855 loss=3.2964
step=1856 loss=3.8673
step=1857 loss=5.6124
step=1858 loss=5.9529
step=1859 loss=3.4063
step=1860 loss=3.6679
step=1861 loss=7.0606
step=1862 loss=3.7422
step=1863 loss=3.9413
step=1864 loss=3.6926
step=1865 loss=4.5312
step=1866 loss=3.8852
step=1867 loss=3.8706
step=1868 loss=3.1770
step=1869 loss=3.2933
step=1870 loss=4.0658
step=1871 loss=3.7962
step=1872 loss=3.8803
step=1873 loss=4.6121
step=1874 loss=3.3448
step=1875 loss=3.6791
step=1876 loss=3.8225
step=1877 loss=3.6441
step=1878 loss=4.3270
step=1879 loss=3.0519
step=1880 loss=3.5623
step=1881 loss=3.3048
step=1882 loss=3.7997
step=1883 loss=4.0003
step=1884 loss=3.9779
step=1885 loss=5.6264
step=1886 loss=3.6408
step=1887 loss=3.7199
step=1888 loss=3.2155
step=1889 loss=3.4613
step=1890 loss=3.2360
step=1891 loss=3.9423
step=1892 loss=5.6429
step=1893 loss=3.8033
step=1894 loss=4.2079
step=1895 loss=3.8325
step=1896 loss=6.1422
step=1897 loss=5.5827
step=1898 loss=3.7952
step=1899 loss=3.7335
step=1900 loss=5.6573
step=1901 loss=4.8288
step=1902 loss=5.1186
step=1903 loss=3.3998
step=1904 loss=7.8843
step=1905 loss=5.4983
step=1906 loss=3.2718
step=1907 loss=5.5519
step=1908 loss=3.6911
step=1909 loss=3.4930
step=1910 loss=3.9697
step=1911 loss=5.8209
step=1912 loss=3.7873
step=1913 loss=4.7334
step=1914 loss=3.8455
step=1915 loss=4.0249
step=1916 loss=4.0543
step=1917 loss=3.4783
step=1918 loss=3.2878
step=1919 loss=4.4352
step=1920 loss=3.6951
step=1921 loss=3.4697
step=1922 loss=3.0348
step=1923 loss=5.6026
step=1924 loss=5.4554
step=1925 loss=3.2519
step=1926 loss=3.9646
step=1927 loss=4.2557
step=1928 loss=2.9608
step=1929 loss=3.3462
step=1930 loss=3.3263
step=1931 loss=2.9583
step=1932 loss=3.3080
step=1933 loss=4.5957
step=1934 loss=3.9633
step=1935 loss=4.0373
step=1936 loss=3.9675
step=1937 loss=3.5925
step=1938 loss=5.7427
step=1939 loss=4.2803
step=1940 loss=6.0027
step=1941 loss=3.5733
step=1942 loss=3.1267
step=1943 loss=3.5036
step=1944 loss=5.4763
step=1945 loss=4.0577
step=1946 loss=4.6849
step=1947 loss=4.0696
step=1948 loss=3.8745
step=1949 loss=4.3061
step=1950 loss=3.2082
step=1951 loss=3.9491
step=1952 loss=5.8351
step=1953 loss=4.6054
step=1954 loss=3.7095
step=1955 loss=3.5506
step=1956 loss=5.7004
step=1957 loss=3.6371
step=1958 loss=3.6588
step=1959 loss=3.5101
step=1960 loss=3.1482
step=1961 loss=3.1071
step=1962 loss=3.8033
step=1963 loss=3.8719
step=1964 loss=3.4998
step=1965 loss=5.8232
step=1966 loss=3.0703
step=1967 loss=5.7984
step=1968 loss=4.0684
step=1969 loss=3.1278
step=1970 loss=4.0338
step=1971 loss=5.9209
step=1972 loss=5.3586
step=1973 loss=3.7908
step=1974 loss=5.9311
step=1975 loss=3.7657
step=1976 loss=4.2119
step=1977 loss=4.0895
step=1978 loss=4.0657
step=1979 loss=3.7040
step=1980 loss=3.8942
step=1981 loss=5.8708
step=1982 loss=3.3185
step=1983 loss=3.3611
step=1984 loss=3.4607
step=1985 loss=4.9349
step=1986 loss=3.3599
step=1987 loss=4.4014
step=1988 loss=3.1889
step=1989 loss=3.5887
step=1990 loss=3.3834
step=1991 loss=3.9106
step=1992 loss=4.0200
step=1993 loss=3.5107
step=1994 loss=3.9685
step=1995 loss=3.1359
step=1996 loss=3.7318
step=1997 loss=3.2784
step=1998 loss=5.1775
step=1999 loss=5.5297
step=2000 loss=3.7727
eval_step=2000 eval_loss=3.7352 eval_ppl=41.89
step=2001 loss=5.4959
step=2002 loss=4.0276
step=2003 loss=3.5735
step=2004 loss=3.8872
step=2005 loss=3.8431
step=2006 loss=4.7751
step=2007 loss=3.7611
step=2008 loss=4.5471
step=2009 loss=3.3540
step=2010 loss=3.2131
step=2011 loss=4.0853
step=2012 loss=3.4445
step=2013 loss=6.2891
step=2014 loss=4.1951
step=2015 loss=5.0445
step=2016 loss=4.2397
step=2017 loss=6.1744
step=2018 loss=3.4947
step=2019 loss=7.5405
step=2020 loss=4.1322
step=2021 loss=4.3138
step=2022 loss=4.2067
step=2023 loss=4.1548
step=2024 loss=4.0486
step=2025 loss=4.7364
step=2026 loss=4.5279
step=2027 loss=3.6958
step=2028 loss=4.1269
step=2029 loss=3.9734
step=2030 loss=3.7326
step=2031 loss=5.2545
step=2032 loss=6.8010
step=2033 loss=6.9071
step=2034 loss=5.7394
step=2035 loss=4.1971
step=2036 loss=3.4042
step=2037 loss=3.6242
step=2038 loss=3.4421
step=2039 loss=4.0046
step=2040 loss=4.6871
step=2041 loss=5.4318
step=2042 loss=3.9317
step=2043 loss=3.7942
step=2044 loss=7.0069
step=2045 loss=4.7986
step=2046 loss=5.8473
step=2047 loss=5.0146
step=2048 loss=4.4578
step=2049 loss=3.7018
step=2050 loss=4.2091
step=2051 loss=4.0990
step=2052 loss=2.9869
step=2053 loss=3.9614
step=2054 loss=4.1849
step=2055 loss=4.7421
step=2056 loss=3.2556
step=2057 loss=3.5263
step=2058 loss=4.1716
step=2059 loss=4.6168
step=2060 loss=4.1460
step=2061 loss=2.9584
step=2062 loss=3.2631
step=2063 loss=3.5199
step=2064 loss=3.1821
step=2065 loss=4.8886
step=2066 loss=3.4238
step=2067 loss=3.9351
step=2068 loss=6.6067
step=2069 loss=5.2629
step=2070 loss=4.1303
step=2071 loss=2.8041
step=2072 loss=3.2797
step=2073 loss=6.1746
step=2074 loss=3.7575
step=2075 loss=3.8365
step=2076 loss=3.8557
step=2077 loss=4.6898
step=2078 loss=4.7325
step=2079 loss=4.0011
step=2080 loss=3.3887
step=2081 loss=3.8173
step=2082 loss=3.7801
step=2083 loss=3.5120
step=2084 loss=4.4704
step=2085 loss=5.1301
step=2086 loss=3.3178
step=2087 loss=4.3513
step=2088 loss=3.0441
step=2089 loss=3.7281
step=2090 loss=3.3027
step=2091 loss=3.9227
step=2092 loss=5.9613
step=2093 loss=4.1343
step=2094 loss=3.8380
step=2095 loss=3.1356
step=2096 loss=4.2833
step=2097 loss=4.8824
step=2098 loss=3.8849
step=2099 loss=4.0645
step=2100 loss=4.0382
step=2101 loss=3.4296
step=2102 loss=4.3326
step=2103 loss=3.4295
step=2104 loss=5.7113
step=2105 loss=5.2980
step=2106 loss=4.3541
step=2107 loss=3.1397
step=2108 loss=3.5883
step=2109 loss=3.1384
step=2110 loss=3.8880
step=2111 loss=4.1422
step=2112 loss=3.5809
step=2113 loss=4.2459
step=2114 loss=3.6699
step=2115 loss=3.3811
step=2116 loss=3.4565
step=2117 loss=6.1125
step=2118 loss=3.6916
step=2119 loss=3.1413
step=2120 loss=6.4448
step=2121 loss=3.3888
step=2122 loss=4.2731
step=2123 loss=5.4021
step=2124 loss=3.4034
step=2125 loss=5.1325
step=2126 loss=4.9429
step=2127 loss=3.2892
step=2128 loss=3.9724
step=2129 loss=5.4361
step=2130 loss=3.3301
step=2131 loss=6.6332
step=2132 loss=5.1164
step=2133 loss=5.4176
step=2134 loss=5.6321
step=2135 loss=4.1756
step=2136 loss=4.9308
step=2137 loss=3.3595
step=2138 loss=3.7967
step=2139 loss=4.6620
step=2140 loss=3.1650
step=2141 loss=4.0399
step=2142 loss=3.2632
step=2143 loss=4.0168
step=2144 loss=3.2426
step=2145 loss=3.4765
step=2146 loss=3.6824
step=2147 loss=2.9607
step=2148 loss=2.9395
step=2149 loss=4.0982
step=2150 loss=5.1538
step=2151 loss=4.2126
step=2152 loss=3.6564
step=2153 loss=4.2005
step=2154 loss=4.2025
step=2155 loss=5.5818
step=2156 loss=3.7520
step=2157 loss=4.8323
step=2158 loss=4.6030
step=2159 loss=4.9018
step=2160 loss=3.1008
step=2161 loss=3.7510
step=2162 loss=6.4764
step=2163 loss=2.8279
step=2164 loss=4.2058
step=2165 loss=3.6039
step=2166 loss=3.6778
step=2167 loss=3.4065
step=2168 loss=2.6818
step=2169 loss=2.9042
step=2170 loss=3.7848
step=2171 loss=3.5365
step=2172 loss=3.5476
step=2173 loss=4.2611
step=2174 loss=5.4175
step=2175 loss=3.7517
step=2176 loss=5.2538
step=2177 loss=3.6491
step=2178 loss=3.2954
step=2179 loss=4.3041
step=2180 loss=3.4645
step=2181 loss=3.8200
step=2182 loss=3.4739
step=2183 loss=3.9860
step=2184 loss=4.2158
step=2185 loss=3.2496
step=2186 loss=3.4930
step=2187 loss=4.0586
step=2188 loss=3.7982
step=2189 loss=3.3616
step=2190 loss=3.2557
step=2191 loss=3.7156
step=2192 loss=3.7598
step=2193 loss=4.3458
step=2194 loss=5.2302
step=2195 loss=6.9386
step=2196 loss=4.1433
step=2197 loss=3.5931
step=2198 loss=3.4779
step=2199 loss=3.2047
step=2200 loss=6.7629
eval_step=2200 eval_loss=3.7258 eval_ppl=41.50
step=2201 loss=3.9705
step=2202 loss=5.5909
step=2203 loss=3.5116
step=2204 loss=3.4288
step=2205 loss=3.3202
step=2206 loss=3.7051
step=2207 loss=3.4739
step=2208 loss=3.8403
step=2209 loss=3.5242
step=2210 loss=3.3518
step=2211 loss=3.9080
step=2212 loss=3.1611
step=2213 loss=7.1904
step=2214 loss=3.2052
step=2215 loss=3.4760
step=2216 loss=5.5383
step=2217 loss=4.6809
step=2218 loss=5.5098
step=2219 loss=3.2017
step=2220 loss=3.0069
step=2221 loss=5.2235
step=2222 loss=3.9252
step=2223 loss=4.7722
step=2224 loss=3.1931
step=2225 loss=4.7845
step=2226 loss=4.6512
step=2227 loss=4.7873
step=2228 loss=3.9580
step=2229 loss=4.0968
step=2230 loss=3.0178
step=2231 loss=3.7813
step=2232 loss=3.4169
step=2233 loss=3.1771
step=2234 loss=3.4793
step=2235 loss=3.6848
step=2236 loss=5.9756
step=2237 loss=3.9356
step=2238 loss=3.5872
step=2239 loss=4.0671
step=2240 loss=3.4005
step=2241 loss=5.1071
step=2242 loss=3.6087
step=2243 loss=3.9056
step=2244 loss=3.6550
step=2245 loss=3.4267
step=2246 loss=3.6220
step=2247 loss=4.0416
step=2248 loss=4.1390
step=2249 loss=2.7804
step=2250 loss=4.9152
step=2251 loss=4.1222
step=2252 loss=3.5812
step=2253 loss=6.1667
step=2254 loss=3.4673
step=2255 loss=5.0390
step=2256 loss=4.1931
step=2257 loss=4.2384
step=2258 loss=3.5260
step=2259 loss=3.2920
step=2260 loss=5.5314
step=2261 loss=3.5961
step=2262 loss=4.8685
step=2263 loss=4.6565
step=2264 loss=4.2539
step=2265 loss=4.7376
step=2266 loss=4.2142
step=2267 loss=3.8363
step=2268 loss=4.4214
step=2269 loss=4.4820
step=2270 loss=3.2293
step=2271 loss=4.0232
step=2272 loss=3.8282
step=2273 loss=4.8401
step=2274 loss=3.3799
step=2275 loss=7.1759
step=2276 loss=3.0553
step=2277 loss=5.5610
step=2278 loss=4.0879
step=2279 loss=3.6071
step=2280 loss=4.1846
step=2281 loss=3.3596
step=2282 loss=3.7637
step=2283 loss=5.6411
step=2284 loss=4.2906
step=2285 loss=3.3950
step=2286 loss=4.9256
step=2287 loss=3.3761
step=2288 loss=4.5847
step=2289 loss=2.8557
step=2290 loss=3.7134
step=2291 loss=3.5383
step=2292 loss=3.1007
step=2293 loss=4.8808
step=2294 loss=3.0276
step=2295 loss=3.3871
step=2296 loss=5.7972
step=2297 loss=3.2953
step=2298 loss=4.1010
step=2299 loss=4.7817
step=2300 loss=4.0789
step=2301 loss=5.1024
step=2302 loss=4.2690
step=2303 loss=2.9562
step=2304 loss=3.6701
step=2305 loss=7.5756
step=2306 loss=2.9815
step=2307 loss=4.0227
step=2308 loss=5.9989
step=2309 loss=3.2183
step=2310 loss=2.9240
step=2311 loss=4.0675
step=2312 loss=3.9433
step=2313 loss=3.6738
step=2314 loss=3.9569
step=2315 loss=4.0694
step=2316 loss=3.3907
step=2317 loss=2.9234
step=2318 loss=5.3723
step=2319 loss=8.1524
step=2320 loss=3.2025
step=2321 loss=3.8650
step=2322 loss=6.7405
step=2323 loss=4.3319
step=2324 loss=3.7688
step=2325 loss=3.3298
step=2326 loss=3.5393
step=2327 loss=3.3596
step=2328 loss=5.4834
step=2329 loss=3.4158
step=2330 loss=3.7382
step=2331 loss=4.0071
step=2332 loss=4.7358
step=2333 loss=4.3832
step=2334 loss=3.2432
step=2335 loss=4.9689
step=2336 loss=3.6841
step=2337 loss=3.4597
step=2338 loss=3.0463
step=2339 loss=3.6644
step=2340 loss=3.1631
step=2341 loss=2.7725
step=2342 loss=4.3078
step=2343 loss=5.3899
step=2344 loss=5.4656
step=2345 loss=3.7855
step=2346 loss=6.9708
step=2347 loss=2.8803
step=2348 loss=2.8722
step=2349 loss=3.4164
step=2350 loss=3.3452
step=2351 loss=3.6705
step=2352 loss=4.2339
step=2353 loss=2.8465
step=2354 loss=4.2516
step=2355 loss=3.2296
step=2356 loss=6.5676
step=2357 loss=3.2575
step=2358 loss=3.4272
step=2359 loss=3.7700
step=2360 loss=4.1608
step=2361 loss=4.1557
step=2362 loss=5.6684
step=2363 loss=3.8027
step=2364 loss=3.4270
step=2365 loss=5.4102
step=2366 loss=3.2812
step=2367 loss=4.5871
step=2368 loss=4.1280
step=2369 loss=6.0454
step=2370 loss=4.1012
step=2371 loss=3.9093
step=2372 loss=3.1484
step=2373 loss=2.8928
step=2374 loss=3.9947
step=2375 loss=3.0186
step=2376 loss=3.1129
step=2377 loss=3.8463
step=2378 loss=3.6319
step=2379 loss=5.0996
step=2380 loss=3.5215
step=2381 loss=4.1226
step=2382 loss=2.7859
step=2383 loss=5.5324
step=2384 loss=3.6142
step=2385 loss=3.4967
step=2386 loss=3.6828
step=2387 loss=2.9700
step=2388 loss=4.5684
step=2389 loss=4.2549
step=2390 loss=5.3451
step=2391 loss=4.7858
step=2392 loss=3.8295
step=2393 loss=2.9494
step=2394 loss=3.5123
step=2395 loss=4.0731
step=2396 loss=3.0685
step=2397 loss=5.6765
step=2398 loss=4.0254
step=2399 loss=3.7124
step=2400 loss=3.6829
eval_step=2400 eval_loss=3.7141 eval_ppl=41.02
step=2401 loss=3.7383
step=2402 loss=2.8706
step=2403 loss=3.8059
step=2404 loss=3.5517
step=2405 loss=4.4376
step=2406 loss=3.8034
step=2407 loss=5.2452
step=2408 loss=4.0535
step=2409 loss=6.2901
step=2410 loss=3.3518
step=2411 loss=3.9517
step=2412 loss=4.1547
step=2413 loss=5.3803
step=2414 loss=3.3945
step=2415 loss=2.7096
step=2416 loss=4.9505
step=2417 loss=2.9311
step=2418 loss=3.7623
step=2419 loss=4.5281
step=2420 loss=4.0630
step=2421 loss=3.8854
step=2422 loss=3.1162
step=2423 loss=3.3053
step=2424 loss=4.0585
step=2425 loss=3.8894
step=2426 loss=5.3853
step=2427 loss=2.9996
step=2428 loss=3.4073
step=2429 loss=3.1283
step=2430 loss=3.5510
step=2431 loss=3.6313
step=2432 loss=3.1407
step=2433 loss=6.7733
step=2434 loss=5.8986
step=2435 loss=3.7376
step=2436 loss=6.0575
step=2437 loss=6.3232
step=2438 loss=3.3962
step=2439 loss=4.1876
step=2440 loss=4.2873
step=2441 loss=5.5402
step=2442 loss=4.7705
step=2443 loss=4.1310
step=2444 loss=3.1890
step=2445 loss=4.2076
step=2446 loss=3.9171
step=2447 loss=5.5134
step=2448 loss=4.2290
step=2449 loss=3.5903
step=2450 loss=7.1185
step=2451 loss=4.3944
step=2452 loss=6.8929
step=2453 loss=3.6282
step=2454 loss=2.9046
step=2455 loss=2.8711
step=2456 loss=4.2355
step=2457 loss=2.8572
step=2458 loss=5.9271
step=2459 loss=3.4569
step=2460 loss=4.7047
step=2461 loss=3.0869
step=2462 loss=3.9750
step=2463 loss=5.2603
step=2464 loss=4.0520
step=2465 loss=3.5673
step=2466 loss=3.1380
step=2467 loss=3.3205
step=2468 loss=4.3288
step=2469 loss=3.9653
step=2470 loss=4.5028
step=2471 loss=3.8018
step=2472 loss=4.5257
step=2473 loss=3.2161
step=2474 loss=3.4606
step=2475 loss=4.1920
step=2476 loss=4.2243
step=2477 loss=3.5205
step=2478 loss=3.9305
step=2479 loss=6.4210
step=2480 loss=4.1862
step=2481 loss=4.8747
step=2482 loss=3.6811
step=2483 loss=3.5762
step=2484 loss=3.2277
step=2485 loss=2.8412
step=2486 loss=3.9619
step=2487 loss=3.8987
step=2488 loss=2.9942
step=2489 loss=4.7241
step=2490 loss=2.9893
step=2491 loss=5.1457
step=2492 loss=3.1223
step=2493 loss=4.8510
step=2494 loss=4.4501
step=2495 loss=3.6101
step=2496 loss=5.3643
step=2497 loss=3.7728
step=2498 loss=6.8315
step=2499 loss=4.5114
step=2500 loss=3.9494
step=2501 loss=4.5803
step=2502 loss=4.2739
step=2503 loss=3.8081
step=2504 loss=3.2417
step=2505 loss=4.1940
step=2506 loss=3.0186
step=2507 loss=2.6424
step=2508 loss=3.7471
step=2509 loss=3.9081
step=2510 loss=3.0135
step=2511 loss=3.1101
step=2512 loss=5.2752
step=2513 loss=4.0113
step=2514 loss=3.9298
step=2515 loss=4.2283
step=2516 loss=5.7143
step=2517 loss=4.4663
step=2518 loss=3.9024
step=2519 loss=4.2683
step=2520 loss=4.8283
step=2521 loss=3.4805
step=2522 loss=2.9709
step=2523 loss=6.5063
step=2524 loss=4.6017
step=2525 loss=7.4592
step=2526 loss=4.4451
step=2527 loss=4.0334
step=2528 loss=3.6086
step=2529 loss=4.2074
step=2530 loss=2.6522
step=2531 loss=3.8988
step=2532 loss=7.0816
step=2533 loss=3.9939
step=2534 loss=3.3662
step=2535 loss=3.9504
step=2536 loss=3.7365
step=2537 loss=3.6191
step=2538 loss=3.5509
step=2539 loss=2.9810
step=2540 loss=4.3029
step=2541 loss=3.9546
step=2542 loss=4.0152
step=2543 loss=3.6219
step=2544 loss=4.5248
step=2545 loss=3.8234
step=2546 loss=2.6936
step=2547 loss=3.2438
step=2548 loss=3.1962
step=2549 loss=3.8683
step=2550 loss=6.5538
step=2551 loss=3.6948
step=2552 loss=3.9858
step=2553 loss=4.3920
step=2554 loss=4.2853
step=2555 loss=4.5158
step=2556 loss=3.0369
step=2557 loss=3.9277
step=2558 loss=4.2094
step=2559 loss=3.7724
step=2560 loss=4.5406
step=2561 loss=3.9144
step=2562 loss=4.4359
step=2563 loss=2.9322
step=2564 loss=3.9250
step=2565 loss=4.3594
step=2566 loss=2.9413
step=2567 loss=2.9667
step=2568 loss=3.7290
step=2569 loss=2.9144
step=2570 loss=5.4296
step=2571 loss=4.2811
step=2572 loss=2.9240
step=2573 loss=3.2225
step=2574 loss=4.0556
step=2575 loss=4.0314
step=2576 loss=4.0205
step=2577 loss=4.5938
step=2578 loss=4.0132
step=2579 loss=3.0048
step=2580 loss=3.1688
step=2581 loss=4.6860
step=2582 loss=3.5840
step=2583 loss=4.2682
step=2584 loss=4.2061
step=2585 loss=3.4620
step=2586 loss=4.8384
step=2587 loss=2.9642
step=2588 loss=7.2532
step=2589 loss=4.1064
step=2590 loss=3.8734
step=2591 loss=6.5164
step=2592 loss=3.9208
step=2593 loss=3.9997
step=2594 loss=3.6647
step=2595 loss=3.4944
step=2596 loss=3.9828
step=2597 loss=5.3239
step=2598 loss=4.2320
step=2599 loss=3.5615
step=2600 loss=4.4173
eval_step=2600 eval_loss=3.7038 eval_ppl=40.60
step=2601 loss=4.4013
step=2602 loss=4.0825
step=2603 loss=3.3992
step=2604 loss=4.7222
step=2605 loss=3.8946
step=2606 loss=3.5070
step=2607 loss=3.5389
step=2608 loss=5.0854
step=2609 loss=5.0194
step=2610 loss=5.2434
step=2611 loss=3.1181
step=2612 loss=2.7446
step=2613 loss=3.5877
step=2614 loss=3.1390
step=2615 loss=4.8155
step=2616 loss=5.4775
step=2617 loss=2.7012
step=2618 loss=5.7658
step=2619 loss=4.4999
step=2620 loss=3.0119
step=2621 loss=4.1642
step=2622 loss=2.8996
step=2623 loss=4.4551
step=2624 loss=3.5739
step=2625 loss=5.6203
step=2626 loss=3.4257
step=2627 loss=4.3847
step=2628 loss=4.6725
step=2629 loss=3.7759
step=2630 loss=3.7143
step=2631 loss=3.9959
step=2632 loss=3.3137
step=2633 loss=2.9970
step=2634 loss=4.0294
step=2635 loss=3.6606
step=2636 loss=3.7458
step=2637 loss=4.7587
step=2638 loss=4.2427
step=2639 loss=5.2362
step=2640 loss=5.9075
step=2641 loss=7.2834
step=2642 loss=4.1013
step=2643 loss=2.6623
step=2644 loss=3.3349
step=2645 loss=2.5866
step=2646 loss=2.8763
step=2647 loss=3.0349
step=2648 loss=3.2751
step=2649 loss=6.2109
step=2650 loss=4.8423
step=2651 loss=4.1022
step=2652 loss=4.5429
step=2653 loss=3.9882
step=2654 loss=3.2771
step=2655 loss=2.7150
step=2656 loss=3.5019
step=2657 loss=4.9060
step=2658 loss=8.4065
step=2659 loss=3.6131
step=2660 loss=3.2406
step=2661 loss=3.0834
step=2662 loss=6.1205
step=2663 loss=3.2255
step=2664 loss=3.2923
step=2665 loss=3.2179
step=2666 loss=3.7572
step=2667 loss=3.3323
step=2668 loss=3.4530
step=2669 loss=3.3449
step=2670 loss=5.5245
step=2671 loss=6.0264
step=2672 loss=2.9509
step=2673 loss=3.4403
step=2674 loss=4.1873
step=2675 loss=3.4965
step=2676 loss=4.1174
step=2677 loss=3.8301
step=2678 loss=3.2938
step=2679 loss=3.7031
step=2680 loss=2.7557
step=2681 loss=3.8243
step=2682 loss=3.1568
step=2683 loss=4.5411
step=2684 loss=4.2181
step=2685 loss=4.1665
step=2686 loss=4.1795
step=2687 loss=3.7164
step=2688 loss=3.4923
step=2689 loss=6.1573
step=2690 loss=3.4112
step=2691 loss=4.2112
step=2692 loss=3.3765
step=2693 loss=3.8982
step=2694 loss=3.2033
step=2695 loss=6.4836
step=2696 loss=6.8608
step=2697 loss=3.7404
step=2698 loss=2.9859
step=2699 loss=3.0020
step=2700 loss=2.8834
step=2701 loss=4.7462
step=2702 loss=4.4449
step=2703 loss=5.8972
step=2704 loss=5.9048
step=2705 loss=2.9776
step=2706 loss=5.9224
step=2707 loss=5.0526
step=2708 loss=4.4615
step=2709 loss=2.5863
step=2710 loss=4.1313
step=2711 loss=3.9416
step=2712 loss=3.8455
step=2713 loss=4.7123
step=2714 loss=2.6782
step=2715 loss=3.0012
step=2716 loss=2.8120
step=2717 loss=4.1679
step=2718 loss=5.1111
step=2719 loss=3.7030
step=2720 loss=4.3528
step=2721 loss=3.5882
step=2722 loss=2.7442
step=2723 loss=3.0861
step=2724 loss=6.3347
step=2725 loss=6.1680
step=2726 loss=3.0996
step=2727 loss=4.0212
step=2728 loss=2.6363
step=2729 loss=2.7375
step=2730 loss=3.6947
step=2731 loss=9.4747
step=2732 loss=2.8909
step=2733 loss=6.5734
step=2734 loss=3.7906
step=2735 loss=3.3811
step=2736 loss=4.0034
step=2737 loss=5.5028
step=2738 loss=3.9663
step=2739 loss=3.8563
step=2740 loss=3.8896
step=2741 loss=4.1658
step=2742 loss=6.9437
step=2743 loss=4.1967
step=2744 loss=3.5344
step=2745 loss=2.8653
step=2746 loss=3.3597
step=2747 loss=3.4299
step=2748 loss=4.1220
step=2749 loss=5.8204
step=2750 loss=3.2374
step=2751 loss=3.6533
step=2752 loss=4.5449
step=2753 loss=4.1849
step=2754 loss=3.5855
step=2755 loss=2.8561
step=2756 loss=3.6814
step=2757 loss=3.8127
step=2758 loss=3.2218
step=2759 loss=3.4004
step=2760 loss=5.0373
step=2761 loss=6.1755
step=2762 loss=3.0607
step=2763 loss=3.9781
step=2764 loss=2.7482
step=2765 loss=4.5552
step=2766 loss=4.2344
step=2767 loss=3.9294
step=2768 loss=4.7642
step=2769 loss=8.3090
step=2770 loss=4.0028
step=2771 loss=3.2467
step=2772 loss=3.1402
step=2773 loss=4.0158
step=2774 loss=4.2776
step=2775 loss=3.9789
step=2776 loss=3.7533
step=2777 loss=4.1433
step=2778 loss=6.5210
step=2779 loss=2.7671
step=2780 loss=3.5747
step=2781 loss=5.1777
step=2782 loss=3.0953
step=2783 loss=5.5219
step=2784 loss=3.7414
step=2785 loss=4.2870
step=2786 loss=3.8157
step=2787 loss=3.8899
step=2788 loss=4.5093
step=2789 loss=3.5245
step=2790 loss=2.8021
step=2791 loss=6.4355
step=2792 loss=4.1468
step=2793 loss=3.5595
step=2794 loss=4.9852
step=2795 loss=2.6222
step=2796 loss=3.2583
step=2797 loss=2.9842
step=2798 loss=4.2081
step=2799 loss=5.6788
step=2800 loss=4.4441
eval_step=2800 eval_loss=3.6929 eval_ppl=40.16
step=2801 loss=3.7844
step=2802 loss=3.6308
step=2803 loss=6.1871
step=2804 loss=4.2758
step=2805 loss=4.8267
step=2806 loss=5.4939
step=2807 loss=4.4036
step=2808 loss=3.0694
step=2809 loss=3.0984
step=2810 loss=3.5619
step=2811 loss=4.2418
step=2812 loss=7.2699
step=2813 loss=3.9736
step=2814 loss=4.5502
step=2815 loss=2.7518
step=2816 loss=3.4163
step=2817 loss=4.1606
step=2818 loss=4.0431
step=2819 loss=3.4619
step=2820 loss=4.3497
step=2821 loss=4.0748
step=2822 loss=3.6604
step=2823 loss=3.4401
step=2824 loss=3.6425
step=2825 loss=4.9754
step=2826 loss=5.0969
step=2827 loss=3.7794
step=2828 loss=6.1649
step=2829 loss=3.8412
step=2830 loss=3.8680
step=2831 loss=4.0076
step=2832 loss=4.4090
step=2833 loss=3.7660
step=2834 loss=3.7286
step=2835 loss=5.0466
step=2836 loss=5.0414
step=2837 loss=3.6649
step=2838 loss=5.6375
step=2839 loss=5.8157
step=2840 loss=3.8302
step=2841 loss=2.9010
step=2842 loss=3.7022
step=2843 loss=7.8023
step=2844 loss=6.1900
step=2845 loss=4.2530
step=2846 loss=3.4165
step=2847 loss=5.2653
step=2848 loss=3.2279
step=2849 loss=3.7985
step=2850 loss=5.6803
step=2851 loss=4.2464
step=2852 loss=4.7446
step=2853 loss=6.6177
step=2854 loss=3.3141
step=2855 loss=4.3018
step=2856 loss=3.9839
step=2857 loss=3.7003
step=2858 loss=3.5726
step=2859 loss=4.4581
step=2860 loss=4.7048
step=2861 loss=3.0270
step=2862 loss=4.9300
step=2863 loss=3.8305
step=2864 loss=3.7537
step=2865 loss=3.5310
step=2866 loss=3.4267
step=2867 loss=4.1587
step=2868 loss=4.6584
step=2869 loss=3.8116
step=2870 loss=3.5708
step=2871 loss=3.6901
step=2872 loss=3.2383
step=2873 loss=2.7916
step=2874 loss=3.7199
step=2875 loss=5.4617
step=2876 loss=5.8636
step=2877 loss=3.5579
step=2878 loss=2.7669
step=2879 loss=5.2464
step=2880 loss=3.3319
step=2881 loss=3.1729
step=2882 loss=3.7991
step=2883 loss=5.2188
step=2884 loss=2.8940
step=2885 loss=5.8242
step=2886 loss=3.7340
step=2887 loss=3.7143
step=2888 loss=3.7636
step=2889 loss=2.7190
step=2890 loss=5.8971
step=2891 loss=3.7076
step=2892 loss=3.8376
step=2893 loss=2.4528
step=2894 loss=3.6417
step=2895 loss=3.7615
step=2896 loss=3.9440
step=2897 loss=3.8020
step=2898 loss=5.9599
step=2899 loss=3.8223
step=2900 loss=5.8424
step=2901 loss=4.0547
step=2902 loss=2.4718
step=2903 loss=2.7141
step=2904 loss=2.4435
step=2905 loss=4.7127
step=2906 loss=3.9067
step=2907 loss=2.7063
step=2908 loss=3.5962
step=2909 loss=3.8341
step=2910 loss=3.7204
step=2911 loss=5.8514
step=2912 loss=4.2490
step=2913 loss=3.8030
step=2914 loss=4.0657
step=2915 loss=5.5284
step=2916 loss=4.3119
step=2917 loss=3.1911
step=2918 loss=2.9078
step=2919 loss=4.3464
step=2920 loss=3.7039
step=2921 loss=3.4831
step=2922 loss=5.0302
step=2923 loss=4.1098
step=2924 loss=7.1032
step=2925 loss=3.6084
step=2926 loss=5.4719
step=2927 loss=4.1810
step=2928 loss=3.8775
step=2929 loss=5.0516
step=2930 loss=4.4217
step=2931 loss=5.5428
step=2932 loss=5.2432
step=2933 loss=5.3183
step=2934 loss=4.1909
step=2935 loss=3.9686
step=2936 loss=3.9502
step=2937 loss=3.7908
step=2938 loss=2.7253
step=2939 loss=4.1620
step=2940 loss=3.1308
step=2941 loss=3.9990
step=2942 loss=3.6395
step=2943 loss=5.9376
step=2944 loss=3.9070
step=2945 loss=6.3388
step=2946 loss=6.6415
step=2947 loss=5.6235
step=2948 loss=2.9248
step=2949 loss=3.7002
step=2950 loss=3.3476
step=2951 loss=3.7436
step=2952 loss=3.8744
step=2953 loss=3.4208
step=2954 loss=5.8232
step=2955 loss=4.6741
step=2956 loss=3.7692
step=2957 loss=3.4181
step=2958 loss=2.7984
step=2959 loss=3.7220
step=2960 loss=3.5262
step=2961 loss=2.7806
step=2962 loss=2.8847
step=2963 loss=2.4619
step=2964 loss=5.8318
step=2965 loss=3.5508
step=2966 loss=3.6075
step=2967 loss=4.0896
step=2968 loss=3.4355
step=2969 loss=3.3758
step=2970 loss=4.4666
step=2971 loss=5.3433
step=2972 loss=5.2968
step=2973 loss=6.7680
step=2974 loss=6.9673
step=2975 loss=3.9189
step=2976 loss=3.1652
step=2977 loss=3.0816
step=2978 loss=4.1341
step=2979 loss=4.7271
step=2980 loss=3.3769
step=2981 loss=5.7927
step=2982 loss=5.3781
step=2983 loss=6.5314
step=2984 loss=3.3823
step=2985 loss=3.8989
step=2986 loss=4.2325
step=2987 loss=3.8107
step=2988 loss=3.4870
step=2989 loss=5.9192
step=2990 loss=3.7127
step=2991 loss=4.1350
step=2992 loss=4.9023
step=2993 loss=3.9190
step=2994 loss=3.5068
step=2995 loss=6.4457
step=2996 loss=3.2250
step=2997 loss=4.7875
step=2998 loss=3.8636
step=2999 loss=2.9880
step=3000 loss=3.9070
eval_step=3000 eval_loss=3.6814 eval_ppl=39.70
step=3001 loss=3.4269
step=3002 loss=4.6004
step=3003 loss=3.4306
step=3004 loss=5.3743
step=3005 loss=4.2660
step=3006 loss=2.5504
step=3007 loss=2.7510
step=3008 loss=3.7514
step=3009 loss=4.0070
step=3010 loss=5.8681
step=3011 loss=2.4466
step=3012 loss=3.8169
step=3013 loss=4.9737
step=3014 loss=4.2380
step=3015 loss=2.9363
step=3016 loss=4.7553
step=3017 loss=2.7866
step=3018 loss=4.6875
step=3019 loss=2.9454
step=3020 loss=2.5202
step=3021 loss=5.0262
step=3022 loss=4.0195
step=3023 loss=3.7690
step=3024 loss=5.6957
step=3025 loss=5.5792
step=3026 loss=3.7207
step=3027 loss=3.8346
step=3028 loss=5.2941
step=3029 loss=3.6227
step=3030 loss=2.4911
step=3031 loss=2.8579
step=3032 loss=3.8396
step=3033 loss=4.3328
step=3034 loss=5.1127
step=3035 loss=5.0672
step=3036 loss=3.7500
step=3037 loss=4.0892
step=3038 loss=3.4149
step=3039 loss=3.7234
step=3040 loss=2.9838
step=3041 loss=3.9532
step=3042 loss=5.1871
step=3043 loss=5.4462
step=3044 loss=4.1196
step=3045 loss=2.8795
step=3046 loss=3.7644
step=3047 loss=4.4362
step=3048 loss=3.8833
step=3049 loss=4.1839
step=3050 loss=3.3908
step=3051 loss=2.5555
step=3052 loss=4.0767
step=3053 loss=2.6088
step=3054 loss=3.5480
step=3055 loss=5.0283
step=3056 loss=3.6861
step=3057 loss=5.9868
step=3058 loss=5.2716
step=3059 loss=3.6827
step=3060 loss=4.5581
step=3061 loss=3.8062
step=3062 loss=5.9634
step=3063 loss=3.4790
step=3064 loss=3.7118
step=3065 loss=2.9330
step=3066 loss=3.9280
step=3067 loss=3.9103
step=3068 loss=2.5359
step=3069 loss=2.9850
step=3070 loss=4.2744
step=3071 loss=3.0516
step=3072 loss=4.8636
step=3073 loss=5.7880
step=3074 loss=4.3663
step=3075 loss=3.3920
step=3076 loss=4.2534
step=3077 loss=3.9139
step=3078 loss=4.7714
step=3079 loss=3.4603
step=3080 loss=3.3452
step=3081 loss=2.9498
step=3082 loss=3.7660
step=3083 loss=3.8402
step=3084 loss=5.6483
step=3085 loss=4.4415
step=3086 loss=4.4501
step=3087 loss=2.4989
step=3088 loss=2.7696
step=3089 loss=2.8529
step=3090 loss=5.6828
step=3091 loss=4.2316
step=3092 loss=3.7091
step=3093 loss=3.8174
step=3094 loss=4.3843
step=3095 loss=2.8784
step=3096 loss=2.4705
step=3097 loss=2.8254
step=3098 loss=3.8273
step=3099 loss=3.0514
step=3100 loss=3.7792
step=3101 loss=6.9236
step=3102 loss=3.8068
step=3103 loss=2.2625
step=3104 loss=4.1210
step=3105 loss=3.9896
step=3106 loss=2.6851
step=3107 loss=5.4046
step=3108 loss=4.4003
step=3109 loss=3.7040
step=3110 loss=3.7834
step=3111 loss=3.3100
step=3112 loss=5.7945
step=3113 loss=4.2785
step=3114 loss=5.5334
step=3115 loss=4.4044
step=3116 loss=3.9134
step=3117 loss=4.0168
step=3118 loss=3.7313
step=3119 loss=4.1023
step=3120 loss=3.1227
step=3121 loss=6.2191
step=3122 loss=6.2375
step=3123 loss=5.9833
step=3124 loss=4.0090
step=3125 loss=3.3506
step=3126 loss=5.6982
step=3127 loss=2.5981
step=3128 loss=3.3346
step=3129 loss=4.2324
step=3130 loss=3.5169
step=3131 loss=4.1660
step=3132 loss=4.3671
step=3133 loss=3.4397
step=3134 loss=6.8181
step=3135 loss=4.0422
step=3136 loss=4.0507
step=3137 loss=3.9199
step=3138 loss=3.8096
step=3139 loss=3.4028
step=3140 loss=3.6100
step=3141 loss=4.2487
step=3142 loss=4.3382
step=3143 loss=6.1544
step=3144 loss=5.5007
step=3145 loss=3.3455
step=3146 loss=3.4961
step=3147 loss=4.1029
step=3148 loss=4.1706
step=3149 loss=5.8519
step=3150 loss=5.8167
step=3151 loss=5.8587
step=3152 loss=5.6483
step=3153 loss=6.3303
step=3154 loss=4.1827
step=3155 loss=4.9495
step=3156 loss=5.9527
step=3157 loss=4.4615
step=3158 loss=4.3409
step=3159 loss=6.3982
step=3160 loss=3.4264
step=3161 loss=2.3838
step=3162 loss=4.3600
step=3163 loss=2.6634
step=3164 loss=4.4044
step=3165 loss=3.6126
step=3166 loss=5.0578
step=3167 loss=2.6672
step=3168 loss=4.3599
step=3169 loss=3.6809
step=3170 loss=4.6855
step=3171 loss=4.4137
step=3172 loss=2.6915
step=3173 loss=3.5093
step=3174 loss=3.3178
step=3175 loss=3.2008
step=3176 loss=3.6908
step=3177 loss=5.7231
step=3178 loss=3.9964
step=3179 loss=2.9115
step=3180 loss=3.8439
step=3181 loss=3.6151
step=3182 loss=4.0033
step=3183 loss=3.2237
step=3184 loss=3.8466
step=3185 loss=4.0629
step=3186 loss=5.4104
step=3187 loss=3.2425
step=3188 loss=2.8220
step=3189 loss=4.2367
step=3190 loss=2.4059
step=3191 loss=3.9150
step=3192 loss=3.4999
step=3193 loss=3.8149
step=3194 loss=5.8140
step=3195 loss=3.8380
step=3196 loss=3.0561
step=3197 loss=3.6351
step=3198 loss=7.9892
step=3199 loss=3.8153
step=3200 loss=3.6356
eval_step=3200 eval_loss=3.6711 eval_ppl=39.29
step=3201 loss=2.3408
step=3202 loss=5.3602
step=3203 loss=5.5856
step=3204 loss=3.7753
step=3205 loss=2.8977
step=3206 loss=3.9745
step=3207 loss=3.5982
step=3208 loss=3.4907
step=3209 loss=2.8433
step=3210 loss=3.6527
step=3211 loss=3.6384
step=3212 loss=4.4099
step=3213 loss=3.4742
step=3214 loss=3.2779
step=3215 loss=3.8119
step=3216 loss=4.2143
step=3217 loss=4.6017
step=3218 loss=4.0185
step=3219 loss=2.5180
step=3220 loss=3.5894
step=3221 loss=2.9608
step=3222 loss=2.7232
step=3223 loss=4.9833
step=3224 loss=4.0143
step=3225 loss=4.2550
step=3226 loss=3.4307
step=3227 loss=4.0928
step=3228 loss=2.6621
step=3229 loss=4.3775
step=3230 loss=4.3554
step=3231 loss=3.9421
step=3232 loss=3.7021
step=3233 loss=6.4192
step=3234 loss=4.0515
step=3235 loss=3.7744
step=3236 loss=3.8380
step=3237 loss=3.3953
step=3238 loss=3.1019
step=3239 loss=3.9122
step=3240 loss=3.6393
step=3241 loss=3.5261
step=3242 loss=3.7930
step=3243 loss=5.5065
step=3244 loss=3.2683
step=3245 loss=3.8535
step=3246 loss=2.6285
step=3247 loss=6.7073
step=3248 loss=3.9918
step=3249 loss=3.9252
step=3250 loss=3.8354
step=3251 loss=3.4154
step=3252 loss=2.4457
step=3253 loss=4.3492
step=3254 loss=3.5286
step=3255 loss=3.6755
step=3256 loss=3.4579
step=3257 loss=5.4854
step=3258 loss=3.7182
step=3259 loss=3.7598
step=3260 loss=3.9658
step=3261 loss=2.6352
step=3262 loss=2.5877
step=3263 loss=4.0412
step=3264 loss=4.0948
step=3265 loss=6.4126
step=3266 loss=5.0455
step=3267 loss=8.3758
step=3268 loss=2.8878
step=3269 loss=4.2806
step=3270 loss=5.8945
step=3271 loss=5.1314
step=3272 loss=6.6693
step=3273 loss=3.7315
step=3274 loss=3.5863
step=3275 loss=4.1464
step=3276 loss=3.9160
step=3277 loss=3.5355
step=3278 loss=6.7795
step=3279 loss=3.7673
step=3280 loss=3.6925
step=3281 loss=5.1557
step=3282 loss=5.9939
step=3283 loss=3.3619
step=3284 loss=4.0699
step=3285 loss=4.8141
step=3286 loss=4.7135
step=3287 loss=2.5935
step=3288 loss=7.8740
step=3289 loss=4.5335
step=3290 loss=4.0206
step=3291 loss=3.8545
step=3292 loss=2.1883
step=3293 loss=3.4051
step=3294 loss=3.4547
step=3295 loss=4.4596
step=3296 loss=4.2114
step=3297 loss=6.6092
step=3298 loss=3.5175
step=3299 loss=3.8359
step=3300 loss=2.3910
step=3301 loss=4.0466
step=3302 loss=5.4443
step=3303 loss=4.0346
step=3304 loss=5.4776
step=3305 loss=4.0964
step=3306 loss=2.9859
step=3307 loss=2.5316
step=3308 loss=4.3329
step=3309 loss=2.6126
step=3310 loss=4.0179
step=3311 loss=2.7440
step=3312 loss=2.6641
step=3313 loss=4.8998
step=3314 loss=2.8870
step=3315 loss=4.5688
step=3316 loss=2.4308
step=3317 loss=2.6446
step=3318 loss=3.6297
step=3319 loss=5.2791
step=3320 loss=4.5537
step=3321 loss=4.2357
step=3322 loss=3.5589
step=3323 loss=4.1410
step=3324 loss=2.9597
step=3325 loss=4.0852
step=3326 loss=3.0580
step=3327 loss=3.2654
step=3328 loss=2.2912
step=3329 loss=5.6378
step=3330 loss=4.1893
step=3331 loss=3.0222
step=3332 loss=2.3176
step=3333 loss=3.2017
step=3334 loss=3.3579
step=3335 loss=4.2364
step=3336 loss=4.4322
step=3337 loss=5.6690
step=3338 loss=4.0031
step=3339 loss=6.2335
step=3340 loss=4.4138
step=3341 loss=6.4597
step=3342 loss=3.6502
step=3343 loss=3.2312
step=3344 loss=5.4781
step=3345 loss=2.2115
step=3346 loss=2.6462
step=3347 loss=2.6941
step=3348 loss=4.8902
step=3349 loss=4.3769
step=3350 loss=3.5532
step=3351 loss=3.9506
step=3352 loss=3.4270
step=3353 loss=4.5518
step=3354 loss=3.9420
step=3355 loss=3.7622
step=3356 loss=4.0991
step=3357 loss=5.1467
step=3358 loss=3.2314
step=3359 loss=2.5318
step=3360 loss=4.6195
step=3361 loss=5.0246
step=3362 loss=5.4000
step=3363 loss=4.1842
step=3364 loss=4.7183
step=3365 loss=2.8751
step=3366 loss=3.9759
step=3367 loss=3.9787
step=3368 loss=3.7583
step=3369 loss=3.4814
step=3370 loss=4.8093
step=3371 loss=2.9380
step=3372 loss=2.1868
step=3373 loss=4.7365
step=3374 loss=2.3499
step=3375 loss=3.4066
step=3376 loss=3.9874
step=3377 loss=3.3371
step=3378 loss=2.4063
step=3379 loss=2.5761
step=3380 loss=3.8968
step=3381 loss=5.4044
step=3382 loss=3.3988
step=3383 loss=5.1604
step=3384 loss=4.8658
step=3385 loss=4.3727
step=3386 loss=5.5261
step=3387 loss=4.0360
step=3388 loss=4.5782
step=3389 loss=6.5684
step=3390 loss=4.7297
step=3391 loss=5.9540
step=3392 loss=4.2439
step=3393 loss=8.2397
step=3394 loss=4.3967
step=3395 loss=3.3499
step=3396 loss=4.1539
step=3397 loss=3.9417
step=3398 loss=3.7420
step=3399 loss=3.7412
step=3400 loss=3.7767
eval_step=3400 eval_loss=3.6604 eval_ppl=38.88
step=3401 loss=3.5950
step=3402 loss=3.7024
step=3403 loss=3.8193
step=3404 loss=4.8204
step=3405 loss=4.1428
step=3406 loss=3.6759
step=3407 loss=4.3516
step=3408 loss=3.9643
step=3409 loss=3.9993
step=3410 loss=4.3191
step=3411 loss=2.7743
step=3412 loss=4.2820
step=3413 loss=2.6071
step=3414 loss=3.7206
step=3415 loss=3.3008
step=3416 loss=3.6410
step=3417 loss=4.5991
step=3418 loss=3.2701
step=3419 loss=3.7568
step=3420 loss=2.4658
step=3421 loss=5.7094
step=3422 loss=3.2095
step=3423 loss=3.9857
step=3424 loss=7.2844
step=3425 loss=4.3585
step=3426 loss=4.3114
step=3427 loss=2.5859
step=3428 loss=3.1346
step=3429 loss=4.6884
step=3430 loss=4.6266
step=3431 loss=4.5246
step=3432 loss=3.6232
step=3433 loss=5.6486
step=3434 loss=4.2065
step=3435 loss=5.5579
step=3436 loss=4.1998
step=3437 loss=4.3581
step=3438 loss=3.6069
step=3439 loss=4.6976
step=3440 loss=5.2287
step=3441 loss=4.7352
step=3442 loss=3.3166
step=3443 loss=4.5668
step=3444 loss=4.5522
step=3445 loss=2.2444
step=3446 loss=3.9839
step=3447 loss=3.6969
step=3448 loss=5.2688
step=3449 loss=3.1127
step=3450 loss=3.5045
step=3451 loss=5.7722
step=3452 loss=2.3572
step=3453 loss=3.9726
step=3454 loss=2.2585
step=3455 loss=3.6360
step=3456 loss=3.9486
step=3457 loss=3.7793
step=3458 loss=5.2048
step=3459 loss=3.9446
step=3460 loss=3.5618
step=3461 loss=2.4833
step=3462 loss=7.8056
step=3463 loss=3.5387
step=3464 loss=2.5813
step=3465 loss=4.5461
step=3466 loss=3.5892
step=3467 loss=6.0852
step=3468 loss=2.5102
step=3469 loss=3.1643
step=3470 loss=3.9528
step=3471 loss=5.4165
step=3472 loss=3.5272
step=3473 loss=3.8277
step=3474 loss=6.5904
step=3475 loss=4.6595
step=3476 loss=2.3004
step=3477 loss=3.8557
step=3478 loss=5.8233
step=3479 loss=4.1451
step=3480 loss=4.4442
step=3481 loss=4.0009
step=3482 loss=4.3008
step=3483 loss=3.1217
step=3484 loss=5.5161
step=3485 loss=5.5670
step=3486 loss=2.5741
step=3487 loss=6.0974
step=3488 loss=3.9452
step=3489 loss=3.0163
step=3490 loss=5.1598
step=3491 loss=4.7925
step=3492 loss=4.0290
step=3493 loss=3.8511
step=3494 loss=4.3050
step=3495 loss=3.4997
step=3496 loss=3.2867
step=3497 loss=4.4573
step=3498 loss=6.4153
step=3499 loss=4.0023
step=3500 loss=3.1620
step=3501 loss=5.0896
step=3502 loss=2.1189
step=3503 loss=4.4720
step=3504 loss=2.9863
step=3505 loss=4.3458
step=3506 loss=3.5654
step=3507 loss=3.3399
step=3508 loss=4.1259
step=3509 loss=3.2270
step=3510 loss=8.0633
step=3511 loss=3.9729
step=3512 loss=2.3199
step=3513 loss=5.0487
step=3514 loss=4.4301
step=3515 loss=2.6892
step=3516 loss=3.4745
step=3517 loss=4.2206
step=3518 loss=3.5107
step=3519 loss=3.7459
step=3520 loss=2.3130
step=3521 loss=3.7893
step=3522 loss=2.6465
step=3523 loss=5.7555
step=3524 loss=3.4487
step=3525 loss=4.0307
step=3526 loss=3.4223
step=3527 loss=4.2514
step=3528 loss=2.3880
step=3529 loss=5.2495
step=3530 loss=3.1434
step=3531 loss=3.6926
step=3532 loss=5.6660
step=3533 loss=3.8653
step=3534 loss=3.7167
step=3535 loss=5.1238
step=3536 loss=3.7117
step=3537 loss=3.8773
step=3538 loss=3.2693
step=3539 loss=4.4365
step=3540 loss=6.4480
step=3541 loss=2.8753
step=3542 loss=4.1550
step=3543 loss=3.7477
step=3544 loss=3.8438
step=3545 loss=3.7284
step=3546 loss=2.1337
step=3547 loss=3.4112
step=3548 loss=4.6721
step=3549 loss=3.7922
step=3550 loss=2.2059
step=3551 loss=2.2023
step=3552 loss=5.3706
step=3553 loss=3.7242
step=3554 loss=3.4300
step=3555 loss=3.1473
step=3556 loss=4.7753
step=3557 loss=5.3842
step=3558 loss=4.5943
step=3559 loss=6.3330
step=3560 loss=4.5285
step=3561 loss=2.5311
step=3562 loss=4.4989
step=3563 loss=5.1643
step=3564 loss=3.9640
step=3565 loss=4.5438
step=3566 loss=3.4818
step=3567 loss=2.6059
step=3568 loss=4.5292
step=3569 loss=3.9233
step=3570 loss=5.3605
step=3571 loss=4.7624
step=3572 loss=3.1077
step=3573 loss=4.7845
step=3574 loss=5.3124
step=3575 loss=2.4029
step=3576 loss=3.7014
step=3577 loss=3.7812
step=3578 loss=4.0821
step=3579 loss=3.5463
step=3580 loss=4.6967
step=3581 loss=3.6110
step=3582 loss=6.3475
step=3583 loss=2.8332
step=3584 loss=4.3646
step=3585 loss=2.3118
step=3586 loss=3.5558
step=3587 loss=3.9592
step=3588 loss=3.6300
step=3589 loss=4.6016
step=3590 loss=4.1071
step=3591 loss=6.0214
step=3592 loss=2.4237
step=3593 loss=7.0241
step=3594 loss=3.6641
step=3595 loss=3.6754
step=3596 loss=3.6354
step=3597 loss=4.3968
step=3598 loss=2.5878
step=3599 loss=5.4208
step=3600 loss=3.8945
eval_step=3600 eval_loss=3.6511 eval_ppl=38.52
step=3601 loss=2.3011
step=3602 loss=3.0476
step=3603 loss=3.3714
step=3604 loss=3.7055
step=3605 loss=2.5461
step=3606 loss=3.9109
step=3607 loss=3.4587
step=3608 loss=5.0359
step=3609 loss=3.8647
step=3610 loss=2.1458
step=3611 loss=3.4496
step=3612 loss=3.4586
step=3613 loss=2.0622
step=3614 loss=2.8422
step=3615 loss=7.0273
step=3616 loss=6.1567
step=3617 loss=3.9196
step=3618 loss=3.9046
step=3619 loss=2.6150
step=3620 loss=4.1972
step=3621 loss=2.6598
step=3622 loss=3.8656
step=3623 loss=3.6875
step=3624 loss=3.5766
step=3625 loss=4.3431
step=3626 loss=2.3589
step=3627 loss=4.1932
step=3628 loss=4.1315
step=3629 loss=2.3794
step=3630 loss=3.1366
step=3631 loss=5.4696
step=3632 loss=6.3770
step=3633 loss=3.5179
step=3634 loss=4.1109
step=3635 loss=4.0497
step=3636 loss=3.3595
step=3637 loss=3.6427
step=3638 loss=4.4878
step=3639 loss=5.8535
step=3640 loss=3.8036
step=3641 loss=3.8088
step=3642 loss=5.2685
step=3643 loss=5.4257
step=3644 loss=4.0454
step=3645 loss=3.2575
step=3646 loss=3.3144
step=3647 loss=4.0776
step=3648 loss=3.9367
step=3649 loss=6.2733
step=3650 loss=3.4072
step=3651 loss=3.0019
step=3652 loss=2.4882
step=3653 loss=3.3037
step=3654 loss=4.6268
step=3655 loss=3.7520
step=3656 loss=4.2399
step=3657 loss=4.2880
step=3658 loss=2.4774
step=3659 loss=5.4264
step=3660 loss=2.3742
step=3661 loss=3.1851
step=3662 loss=3.6882
step=3663 loss=5.6488
step=3664 loss=6.3610
step=3665 loss=7.3631
step=3666 loss=2.1729
step=3667 loss=4.1689
step=3668 loss=3.6111
step=3669 loss=2.4431
step=3670 loss=3.9676
step=3671 loss=3.1485
step=3672 loss=3.5216
step=3673 loss=3.8099
step=3674 loss=4.0571
step=3675 loss=6.2750
step=3676 loss=3.9771
step=3677 loss=4.6647
step=3678 loss=7.4195
step=3679 loss=2.0090
step=3680 loss=2.7304
step=3681 loss=3.7953
step=3682 loss=3.7461
step=3683 loss=2.5135
step=3684 loss=3.9095
step=3685 loss=6.7057
step=3686 loss=2.0484
step=3687 loss=4.3165
step=3688 loss=3.7789
step=3689 loss=4.4956
step=3690 loss=4.1447
step=3691 loss=4.4213
step=3692 loss=5.2824
step=3693 loss=5.1646
step=3694 loss=3.9006
step=3695 loss=2.2043
step=3696 loss=3.8269
step=3697 loss=3.7188
step=3698 loss=3.6885
step=3699 loss=5.2191
step=3700 loss=2.3132
step=3701 loss=2.1994
step=3702 loss=3.6762
step=3703 loss=3.8384
step=3704 loss=4.9961
step=3705 loss=3.4858
step=3706 loss=3.5078
step=3707 loss=2.3105
step=3708 loss=3.5878
step=3709 loss=3.5030
step=3710 loss=2.9544
step=3711 loss=1.8808
step=3712 loss=4.1759
step=3713 loss=5.8102
step=3714 loss=3.5588
step=3715 loss=3.1685
step=3716 loss=3.6090
step=3717 loss=3.6285
step=3718 loss=4.1486
step=3719 loss=4.0641
step=3720 loss=2.4094
step=3721 loss=5.2762
step=3722 loss=3.8276
step=3723 loss=3.1932
step=3724 loss=2.1229
step=3725 loss=4.7535
step=3726 loss=3.8307
step=3727 loss=2.2204
step=3728 loss=3.5335
step=3729 loss=6.4733
step=3730 loss=3.9414
step=3731 loss=3.7034
step=3732 loss=3.9130
step=3733 loss=2.3660
step=3734 loss=3.9139
step=3735 loss=3.2507
step=3736 loss=3.5276
step=3737 loss=4.1714
step=3738 loss=3.3171
step=3739 loss=4.1140
step=3740 loss=3.6772
step=3741 loss=3.6368
step=3742 loss=3.9121
step=3743 loss=5.4567
step=3744 loss=5.2398
step=3745 loss=6.2395
step=3746 loss=4.0390
step=3747 loss=3.7135
step=3748 loss=3.9467
step=3749 loss=3.4453
step=3750 loss=3.4391
step=3751 loss=5.2140
step=3752 loss=4.7246
step=3753 loss=3.2927
step=3754 loss=6.1374
step=3755 loss=5.5063
step=3756 loss=2.4336
step=3757 loss=4.7041
step=3758 loss=2.2231
step=3759 loss=3.8630
step=3760 loss=3.7908
step=3761 loss=3.6329
step=3762 loss=4.0285
step=3763 loss=4.0336
step=3764 loss=3.7501
step=3765 loss=4.0183
step=3766 loss=3.4883
step=3767 loss=5.3315
step=3768 loss=2.3792
step=3769 loss=4.3161
step=3770 loss=3.2769
step=3771 loss=5.1547
step=3772 loss=3.3603
step=3773 loss=2.1328
step=3774 loss=4.1339
step=3775 loss=4.1460
step=3776 loss=2.1184
step=3777 loss=2.0345
step=3778 loss=5.2918
step=3779 loss=3.7066
step=3780 loss=3.5019
step=3781 loss=4.1331
step=3782 loss=3.7239
step=3783 loss=3.8261
step=3784 loss=3.8015
step=3785 loss=2.1194
step=3786 loss=3.0641
step=3787 loss=3.2856
step=3788 loss=3.4077
step=3789 loss=4.3158
step=3790 loss=3.7541
step=3791 loss=7.6091
step=3792 loss=3.7221
step=3793 loss=3.9047
step=3794 loss=3.8085
step=3795 loss=6.1166
step=3796 loss=4.1313
step=3797 loss=4.1190
step=3798 loss=4.8882
step=3799 loss=2.1976
step=3800 loss=4.4002
eval_step=3800 eval_loss=3.6407 eval_ppl=38.12
step=3801 loss=3.3310
step=3802 loss=2.3343
step=3803 loss=4.1054
step=3804 loss=3.5845
step=3805 loss=4.6091
step=3806 loss=2.1117
step=3807 loss=1.9023
step=3808 loss=4.2188
step=3809 loss=2.2861
step=3810 loss=4.1919
step=3811 loss=1.8751
step=3812 loss=3.6165
step=3813 loss=1.9731
step=3814 loss=4.1815
step=3815 loss=4.7184
step=3816 loss=2.4083
step=3817 loss=3.7249
step=3818 loss=3.4930
step=3819 loss=4.1482
step=3820 loss=3.8637
step=3821 loss=1.9136
step=3822 loss=6.6013
step=3823 loss=3.6487
step=3824 loss=3.6604
step=3825 loss=3.1856
step=3826 loss=4.1428
step=3827 loss=2.1971
step=3828 loss=4.4776
step=3829 loss=3.9264
step=3830 loss=1.8897
step=3831 loss=3.9719
step=3832 loss=4.4870
step=3833 loss=6.8785
step=3834 loss=3.4301
step=3835 loss=4.1789
step=3836 loss=2.6789
step=3837 loss=3.7695
step=3838 loss=5.2689
step=3839 loss=3.5674
step=3840 loss=1.8219
step=3841 loss=6.2757
step=3842 loss=4.1658
step=3843 loss=3.1482
step=3844 loss=4.3663
step=3845 loss=4.6368
step=3846 loss=6.1721
step=3847 loss=5.2215
step=3848 loss=4.1482
step=3849 loss=4.3044
step=3850 loss=3.5743
step=3851 loss=3.7070
step=3852 loss=2.4902
step=3853 loss=3.4398
step=3854 loss=4.7145
step=3855 loss=2.2176
step=3856 loss=5.4830
step=3857 loss=3.4003
step=3858 loss=7.2456
step=3859 loss=2.4175
step=3860 loss=3.3405
step=3861 loss=3.4252
step=3862 loss=4.5437
step=3863 loss=5.6920
step=3864 loss=3.0894
step=3865 loss=3.9600
step=3866 loss=4.3661
step=3867 loss=3.4998
step=3868 loss=3.8751
step=3869 loss=4.4570
step=3870 loss=4.1435
step=3871 loss=4.5817
step=3872 loss=2.2432
step=3873 loss=5.1693
step=3874 loss=4.6363
step=3875 loss=4.2746
step=3876 loss=4.5978
step=3877 loss=3.9089
step=3878 loss=3.6747
step=3879 loss=3.1144
step=3880 loss=4.2160
step=3881 loss=6.0621
step=3882 loss=3.9776
step=3883 loss=2.0096
step=3884 loss=4.5089
step=3885 loss=4.7190
step=3886 loss=4.2318
step=3887 loss=4.8251
step=3888 loss=2.0812
step=3889 loss=3.7805
step=3890 loss=3.2315
step=3891 loss=2.0887
step=3892 loss=6.8165
step=3893 loss=3.6336
step=3894 loss=5.4869
step=3895 loss=3.6866
step=3896 loss=5.1020
step=3897 loss=4.5773
step=3898 loss=5.5609
step=3899 loss=3.6510
step=3900 loss=5.8150
step=3901 loss=5.5159
step=3902 loss=3.5882
step=3903 loss=2.0667
step=3904 loss=3.5991
step=3905 loss=4.7445
step=3906 loss=3.7001
step=3907 loss=2.4650
step=3908 loss=2.4147
step=3909 loss=4.1467
step=3910 loss=4.2577
step=3911 loss=3.4423
step=3912 loss=5.1205
step=3913 loss=4.4172
step=3914 loss=4.4503
step=3915 loss=1.4934
step=3916 loss=4.0324
step=3917 loss=4.6188
step=3918 loss=1.7462
step=3919 loss=4.1769
step=3920 loss=3.4375
step=3921 loss=4.6870
step=3922 loss=3.8559
step=3923 loss=6.7929
step=3924 loss=4.2761
step=3925 loss=6.2637
step=3926 loss=3.6682
step=3927 loss=3.8008
step=3928 loss=4.7916
step=3929 loss=2.2078
step=3930 loss=3.7644
step=3931 loss=3.3296
step=3932 loss=2.2068
step=3933 loss=2.1806
step=3934 loss=3.8395
step=3935 loss=3.3190
step=3936 loss=3.7452
step=3937 loss=3.4579
step=3938 loss=6.7336
step=3939 loss=2.1981
step=3940 loss=3.8370
step=3941 loss=2.1223
step=3942 loss=3.4125
step=3943 loss=3.7260
step=3944 loss=2.4814
step=3945 loss=3.4878
step=3946 loss=3.9960
step=3947 loss=3.9711
step=3948 loss=4.2851
step=3949 loss=3.4615
step=3950 loss=4.1334
step=3951 loss=3.4499
step=3952 loss=4.7712
step=3953 loss=3.6624
step=3954 loss=6.3623
step=3955 loss=4.1109
step=3956 loss=2.2792
step=3957 loss=4.3046
step=3958 loss=4.1039
step=3959 loss=3.6055
step=3960 loss=3.3984
step=3961 loss=3.9063
step=3962 loss=4.2892
step=3963 loss=5.9874
step=3964 loss=3.7258
step=3965 loss=3.9651
step=3966 loss=4.2533
step=3967 loss=2.2857
step=3968 loss=2.9606
step=3969 loss=4.4244
step=3970 loss=4.6804
step=3971 loss=1.7237
step=3972 loss=4.4143
step=3973 loss=5.3990
step=3974 loss=4.4410
step=3975 loss=4.0422
step=3976 loss=2.2050
step=3977 loss=4.8908
step=3978 loss=4.0916
step=3979 loss=4.4083
step=3980 loss=4.9625
step=3981 loss=3.5052
step=3982 loss=2.1779
step=3983 loss=1.8738
step=3984 loss=1.7465
step=3985 loss=4.3858
step=3986 loss=1.9981
step=3987 loss=5.7908
step=3988 loss=3.3679
step=3989 loss=5.0287
step=3990 loss=4.1242
step=3991 loss=3.6325
step=3992 loss=3.5209
step=3993 loss=3.5677
step=3994 loss=3.8495
step=3995 loss=4.5973
step=3996 loss=2.5873
step=3997 loss=3.0589
step=3998 loss=3.4689
step=3999 loss=4.1053
step=4000 loss=2.1373
eval_step=4000 eval_loss=3.6296 eval_ppl=37.70
step=4001 loss=3.5699
step=4002 loss=5.8492
step=4003 loss=5.0431
step=4004 loss=3.2695
step=4005 loss=3.9181
step=4006 loss=5.6876
step=4007 loss=5.0113
step=4008 loss=3.6857
step=4009 loss=4.1973
step=4010 loss=2.0814
step=4011 loss=3.7642
step=4012 loss=3.5360
step=4013 loss=3.4471
step=4014 loss=3.9531
step=4015 loss=3.6355
step=4016 loss=5.4315
step=4017 loss=3.9053
step=4018 loss=3.7211
step=4019 loss=4.3663
step=4020 loss=4.9284
step=4021 loss=3.8301
step=4022 loss=2.0021
step=4023 loss=3.7427
step=4024 loss=6.4734
step=4025 loss=3.6316
step=4026 loss=4.4894
step=4027 loss=4.0331
step=4028 loss=6.7628
step=4029 loss=4.1265
step=4030 loss=3.0942
step=4031 loss=3.6396
step=4032 loss=2.1916
step=4033 loss=2.1614
step=4034 loss=2.5064
step=4035 loss=2.2526
step=4036 loss=4.1383
step=4037 loss=4.4794
step=4038 loss=3.3963
step=4039 loss=4.4169
step=4040 loss=3.6091
step=4041 loss=3.7708
step=4042 loss=3.8346
step=4043 loss=4.7310
step=4044 loss=3.9939
step=4045 loss=3.7547
step=4046 loss=4.0116
step=4047 loss=2.0489
step=4048 loss=5.5123
step=4049 loss=3.4536
step=4050 loss=6.2187
step=4051 loss=3.5294
step=4052 loss=4.1305
step=4053 loss=5.4830
step=4054 loss=2.3194
step=4055 loss=4.1406
step=4056 loss=4.7058
step=4057 loss=3.4350
step=4058 loss=2.0672
step=4059 loss=1.9138
step=4060 loss=3.4539
step=4061 loss=5.5524
step=4062 loss=2.3485
step=4063 loss=5.8400
step=4064 loss=3.8958
step=4065 loss=1.9414
step=4066 loss=3.8265
step=4067 loss=4.1671
step=4068 loss=6.3449
step=4069 loss=4.0419
step=4070 loss=3.9475
step=4071 loss=2.1463
step=4072 loss=5.2621
step=4073 loss=1.8523
step=4074 loss=2.3160
step=4075 loss=1.9027
step=4076 loss=4.5084
step=4077 loss=2.1705
step=4078 loss=3.4922
step=4079 loss=3.0771
step=4080 loss=4.5150
step=4081 loss=3.4222
step=4082 loss=1.9211
step=4083 loss=2.0882
step=4084 loss=3.4853
step=4085 loss=4.9785
step=4086 loss=6.3344
step=4087 loss=4.7251
step=4088 loss=3.6335
step=4089 loss=3.5610
step=4090 loss=3.4630
step=4091 loss=6.1510
step=4092 loss=3.8172
step=4093 loss=5.5051
step=4094 loss=3.9656
step=4095 loss=3.5391
step=4096 loss=4.2917
step=4097 loss=4.5138
step=4098 loss=3.9163
step=4099 loss=3.4914
step=4100 loss=1.7788
step=4101 loss=3.5144
step=4102 loss=2.1699
step=4103 loss=5.4280
step=4104 loss=4.1799
step=4105 loss=3.6318
step=4106 loss=6.1199
step=4107 loss=3.3199
step=4108 loss=3.6108
step=4109 loss=4.6507
step=4110 loss=3.7764
step=4111 loss=1.9856
step=4112 loss=3.5734
step=4113 loss=4.1392
step=4114 loss=4.7973
step=4115 loss=4.1779
step=4116 loss=2.3861
step=4117 loss=3.4351
step=4118 loss=4.0114
step=4119 loss=4.4769
step=4120 loss=4.7224
step=4121 loss=3.8363
step=4122 loss=4.4715
step=4123 loss=3.4049
step=4124 loss=3.0169
step=4125 loss=6.3525
step=4126 loss=4.0829
step=4127 loss=1.9322
step=4128 loss=3.5145
step=4129 loss=3.8032
step=4130 loss=3.6903
step=4131 loss=5.1246
step=4132 loss=4.7458
step=4133 loss=3.4593
step=4134 loss=8.3750
step=4135 loss=4.9372
step=4136 loss=2.1334
step=4137 loss=3.5449
step=4138 loss=2.3150
step=4139 loss=4.4090
step=4140 loss=3.8847
step=4141 loss=2.9586
step=4142 loss=4.7018
step=4143 loss=4.2643
step=4144 loss=4.3420
step=4145 loss=3.7716
step=4146 loss=3.9042
step=4147 loss=6.9582
step=4148 loss=6.8530
step=4149 loss=3.4596
step=4150 loss=1.7962
step=4151 loss=3.7432
step=4152 loss=4.3849
step=4153 loss=3.5930
step=4154 loss=2.3654
step=4155 loss=4.0037
step=4156 loss=4.1722
step=4157 loss=6.6153
step=4158 loss=5.1327
step=4159 loss=4.8366
step=4160 loss=2.0293
step=4161 loss=7.3519
step=4162 loss=1.9962
step=4163 loss=4.1840
step=4164 loss=3.9413
step=4165 loss=4.8706
step=4166 loss=4.5095
step=4167 loss=3.9194
step=4168 loss=1.8005
step=4169 loss=6.1805
step=4170 loss=4.1114
step=4171 loss=5.0965
step=4172 loss=3.4415
step=4173 loss=3.6071
step=4174 loss=2.2766
step=4175 loss=3.4976
step=4176 loss=3.4832
step=4177 loss=3.4113
step=4178 loss=5.9228
step=4179 loss=3.3677
step=4180 loss=3.1413
step=4181 loss=4.0634
step=4182 loss=3.7129
step=4183 loss=2.3238
step=4184 loss=1.8482
step=4185 loss=1.8322
step=4186 loss=5.1100
step=4187 loss=7.3239
step=4188 loss=2.8019
step=4189 loss=1.9629
step=4190 loss=3.5351
step=4191 loss=3.7979
step=4192 loss=5.4085
step=4193 loss=5.8069
step=4194 loss=3.9188
step=4195 loss=5.8002
step=4196 loss=3.9588
step=4197 loss=2.0570
step=4198 loss=4.2355
step=4199 loss=4.1008
step=4200 loss=3.6102
eval_step=4200 eval_loss=3.6189 eval_ppl=37.30
step=4201 loss=4.3180
step=4202 loss=3.6451
step=4203 loss=3.8832
step=4204 loss=3.1082
step=4205 loss=2.3065
step=4206 loss=4.8139
step=4207 loss=4.1904
step=4208 loss=4.6264
step=4209 loss=3.9852
step=4210 loss=3.7655
step=4211 loss=1.8840
step=4212 loss=3.4175
step=4213 loss=3.6482
step=4214 loss=2.5152
step=4215 loss=4.2972
step=4216 loss=3.8396
step=4217 loss=1.8718
step=4218 loss=3.3848
step=4219 loss=3.2586
step=4220 loss=3.4426
step=4221 loss=6.3165
step=4222 loss=3.9038
step=4223 loss=3.7705
step=4224 loss=3.2204
step=4225 loss=3.8388
step=4226 loss=4.6381
step=4227 loss=3.3787
step=4228 loss=4.2246
step=4229 loss=7.4985
step=4230 loss=3.5546
step=4231 loss=2.0998
step=4232 loss=6.6037
step=4233 loss=3.8350
step=4234 loss=3.7251
step=4235 loss=2.3582
step=4236 loss=3.9560
step=4237 loss=3.2616
step=4238 loss=6.9293
step=4239 loss=1.9207
step=4240 loss=4.3548
step=4241 loss=3.8426
step=4242 loss=3.8890
step=4243 loss=3.4881
step=4244 loss=4.4350
step=4245 loss=4.0554
step=4246 loss=6.4988
step=4247 loss=3.6335
step=4248 loss=4.9494
step=4249 loss=3.3616
step=4250 loss=1.7625
step=4251 loss=2.0090
step=4252 loss=1.7188
step=4253 loss=3.7477
step=4254 loss=3.5559
step=4255 loss=4.2877
step=4256 loss=4.0096
step=4257 loss=6.4194
step=4258 loss=3.8515
step=4259 loss=1.7315
step=4260 loss=2.1058
step=4261 loss=1.8468
step=4262 loss=1.7815
step=4263 loss=5.6285
step=4264 loss=3.7810
step=4265 loss=5.3714
step=4266 loss=3.7989
step=4267 loss=3.6354
step=4268 loss=1.9107
step=4269 loss=5.0794
step=4270 loss=4.0274
step=4271 loss=5.2072
step=4272 loss=3.3509
step=4273 loss=1.8974
step=4274 loss=6.6265
step=4275 loss=3.7016
step=4276 loss=6.1545
step=4277 loss=3.7713
step=4278 loss=1.7433
step=4279 loss=6.2603
step=4280 loss=5.4014
step=4281 loss=4.3369
step=4282 loss=1.6333
step=4283 loss=3.2567
step=4284 loss=4.3471
step=4285 loss=4.2595
step=4286 loss=4.2942
step=4287 loss=3.8360
step=4288 loss=4.0455
step=4289 loss=4.7000
step=4290 loss=5.8866
step=4291 loss=3.6628
step=4292 loss=3.7498
step=4293 loss=4.9228
step=4294 loss=3.1258
step=4295 loss=2.9197
step=4296 loss=5.6768
step=4297 loss=5.0496
step=4298 loss=3.6765
step=4299 loss=3.5969
step=4300 loss=1.4194
step=4301 loss=3.4959
step=4302 loss=4.0815
step=4303 loss=2.1619
step=4304 loss=3.7669
step=4305 loss=7.3323
step=4306 loss=4.2860
step=4307 loss=3.8238
step=4308 loss=2.0591
step=4309 loss=4.1658
step=4310 loss=3.0933
step=4311 loss=4.9341
step=4312 loss=3.4958
step=4313 loss=4.5590
step=4314 loss=2.0067
step=4315 loss=7.2301
step=4316 loss=5.1106
step=4317 loss=4.9479
step=4318 loss=4.3301
step=4319 loss=3.9736
step=4320 loss=3.8130
step=4321 loss=3.7234
step=4322 loss=3.4301
step=4323 loss=2.8838
step=4324 loss=4.0620
step=4325 loss=4.0083
step=4326 loss=4.2559
step=4327 loss=1.8849
step=4328 loss=3.9361
step=4329 loss=3.5145
step=4330 loss=4.1958
step=4331 loss=4.0587
step=4332 loss=4.8245
step=4333 loss=4.1134
step=4334 loss=5.8174
step=4335 loss=1.7028
step=4336 loss=3.5251
step=4337 loss=4.6054
step=4338 loss=3.8857
step=4339 loss=4.2208
step=4340 loss=5.1559
step=4341 loss=4.0957
step=4342 loss=3.6154
step=4343 loss=5.0991
step=4344 loss=4.3245
step=4345 loss=2.0248
step=4346 loss=4.3536
step=4347 loss=6.5221
step=4348 loss=3.5082
step=4349 loss=3.2520
step=4350 loss=5.3743
step=4351 loss=5.6205
step=4352 loss=7.1650
step=4353 loss=4.6163
step=4354 loss=2.0387
step=4355 loss=4.5503
step=4356 loss=4.6400
step=4357 loss=3.5284
step=4358 loss=4.9431
step=4359 loss=3.7517
step=4360 loss=4.3257
step=4361 loss=1.7891
step=4362 loss=3.6189
step=4363 loss=6.1211
step=4364 loss=3.8493
step=4365 loss=3.6891
step=4366 loss=3.7204
step=4367 loss=3.8821
step=4368 loss=3.4255
step=4369 loss=4.1741
step=4370 loss=4.7259
step=4371 loss=3.8391
step=4372 loss=5.5193
step=4373 loss=3.7552
step=4374 loss=3.0077
step=4375 loss=3.6315
step=4376 loss=3.6380
step=4377 loss=3.6587
step=4378 loss=3.5986
step=4379 loss=5.9667
step=4380 loss=3.5329
step=4381 loss=4.3649
step=4382 loss=5.0336
step=4383 loss=2.1879
step=4384 loss=4.8350
step=4385 loss=3.6870
step=4386 loss=5.2278
step=4387 loss=3.8258
step=4388 loss=3.2325
step=4389 loss=2.1297
step=4390 loss=2.8389
step=4391 loss=3.7685
step=4392 loss=3.6970
step=4393 loss=4.0766
step=4394 loss=3.6086
step=4395 loss=4.0237
step=4396 loss=4.0574
step=4397 loss=1.6729
step=4398 loss=3.9242
step=4399 loss=3.9396
step=4400 loss=3.0082
eval_step=4400 eval_loss=3.6089 eval_ppl=36.93
step=4401 loss=5.4107
step=4402 loss=4.0595
step=4403 loss=3.8242
step=4404 loss=5.4838
step=4405 loss=3.4246
step=4406 loss=5.8960
step=4407 loss=4.0870
step=4408 loss=4.1416
step=4409 loss=4.0249
step=4410 loss=3.3619
step=4411 loss=2.0531
step=4412 loss=5.6877
step=4413 loss=3.5206
step=4414 loss=3.2041
step=4415 loss=1.8806
step=4416 loss=6.5419
step=4417 loss=5.2311
step=4418 loss=4.0785
step=4419 loss=3.4791
step=4420 loss=3.7461
step=4421 loss=3.4034
step=4422 loss=4.1374
step=4423 loss=5.8134
step=4424 loss=3.6281
step=4425 loss=5.2675
step=4426 loss=4.7337
step=4427 loss=3.7411
step=4428 loss=3.6566
step=4429 loss=4.0009
step=4430 loss=3.8063
step=4431 loss=1.9049
step=4432 loss=6.2451
step=4433 loss=6.1477
step=4434 loss=1.7723
step=4435 loss=4.4751
step=4436 loss=4.7844
step=4437 loss=3.7575
step=4438 loss=3.9589
step=4439 loss=5.6203
step=4440 loss=3.2527
step=4441 loss=1.4375
step=4442 loss=3.6910
step=4443 loss=3.7295
step=4444 loss=3.6021
step=4445 loss=3.5977
step=4446 loss=4.2067
step=4447 loss=3.2167
step=4448 loss=3.5770
step=4449 loss=4.2585
step=4450 loss=3.1586
step=4451 loss=1.6510
step=4452 loss=4.3155
step=4453 loss=1.8323
step=4454 loss=3.7838
step=4455 loss=5.9362
step=4456 loss=6.8369
step=4457 loss=4.0164
step=4458 loss=3.5520
step=4459 loss=3.7739
step=4460 loss=6.7405
step=4461 loss=3.7397
step=4462 loss=7.1696
step=4463 loss=6.5035
step=4464 loss=4.6508
step=4465 loss=4.4457
step=4466 loss=3.2924
step=4467 loss=5.3030
step=4468 loss=3.5460
step=4469 loss=3.7655
step=4470 loss=3.7471
step=4471 loss=4.1241
step=4472 loss=2.2714
step=4473 loss=3.8975
step=4474 loss=1.7117
step=4475 loss=3.9623
step=4476 loss=4.5429
step=4477 loss=4.0051
step=4478 loss=3.9688
step=4479 loss=1.8366
step=4480 loss=4.9887
step=4481 loss=1.6790
step=4482 loss=4.3410
step=4483 loss=4.1121
step=4484 loss=3.8280
step=4485 loss=4.4349
step=4486 loss=5.1517
step=4487 loss=5.0478
step=4488 loss=3.5418
step=4489 loss=3.1948
step=4490 loss=4.2494
step=4491 loss=2.4515
step=4492 loss=4.2620
step=4493 loss=3.7585
step=4494 loss=4.1089
step=4495 loss=4.1771
step=4496 loss=1.5412
step=4497 loss=3.6500
step=4498 loss=3.9673
step=4499 loss=6.9125
step=4500 loss=4.4539
step=4501 loss=6.3994
step=4502 loss=2.1840
step=4503 loss=3.9035
step=4504 loss=3.7830
step=4505 loss=4.1351
step=4506 loss=3.9546
step=4507 loss=3.4244
step=4508 loss=3.7100
step=4509 loss=3.3367
step=4510 loss=4.4106
step=4511 loss=3.4636
step=4512 loss=3.9002
step=4513 loss=3.1472
step=4514 loss=1.8603
step=4515 loss=1.7346
step=4516 loss=4.3726
step=4517 loss=3.6243
step=4518 loss=3.3436
step=4519 loss=1.7206
step=4520 loss=3.4569
step=4521 loss=4.0230
step=4522 loss=3.5789
step=4523 loss=2.0246
step=4524 loss=3.7536
step=4525 loss=1.7370
step=4526 loss=3.8638
step=4527 loss=3.9208
step=4528 loss=4.9426
step=4529 loss=6.1264
step=4530 loss=5.2741
step=4531 loss=2.1430
step=4532 loss=5.0350
step=4533 loss=1.8921
step=4534 loss=3.3908
step=4535 loss=4.1530
step=4536 loss=4.9819
step=4537 loss=4.1070
step=4538 loss=3.5673
step=4539 loss=4.1536
step=4540 loss=6.8881
step=4541 loss=3.5155
step=4542 loss=4.0733
step=4543 loss=3.3317
step=4544 loss=3.5510
step=4545 loss=3.4971
step=4546 loss=3.7804
step=4547 loss=3.8438
step=4548 loss=4.2987
step=4549 loss=3.1862
step=4550 loss=4.3973
step=4551 loss=3.7916
step=4552 loss=3.6846
step=4553 loss=3.3670
step=4554 loss=1.9928
step=4555 loss=2.1432
step=4556 loss=3.8059
step=4557 loss=1.6329
step=4558 loss=5.7362
step=4559 loss=4.3474
step=4560 loss=4.6751
step=4561 loss=1.7170
step=4562 loss=3.2120
step=4563 loss=3.8155
step=4564 loss=1.4917
step=4565 loss=3.8416
step=4566 loss=4.6244
step=4567 loss=4.5814
step=4568 loss=3.0706
step=4569 loss=1.3752
step=4570 loss=3.8282
step=4571 loss=4.2400
step=4572 loss=3.8607
step=4573 loss=5.0122
step=4574 loss=4.8668
step=4575 loss=3.9780
step=4576 loss=4.2017
step=4577 loss=1.7555
step=4578 loss=3.5009
step=4579 loss=3.4366
step=4580 loss=4.1397
step=4581 loss=3.6220
step=4582 loss=3.4854
step=4583 loss=4.0493
step=4584 loss=2.1440
step=4585 loss=5.1284
step=4586 loss=3.9699
step=4587 loss=5.4984
step=4588 loss=2.0950
step=4589 loss=3.6164
step=4590 loss=4.5952
step=4591 loss=3.8988
step=4592 loss=5.7548
step=4593 loss=5.1591
step=4594 loss=3.6307
step=4595 loss=3.9972
step=4596 loss=6.6745
step=4597 loss=4.4494
step=4598 loss=4.2122
step=4599 loss=3.8806
step=4600 loss=4.8420
eval_step=4600 eval_loss=3.5994 eval_ppl=36.57
step=4601 loss=5.7279
step=4602 loss=4.8603
step=4603 loss=4.4590
step=4604 loss=4.3654
step=4605 loss=3.6077
step=4606 loss=4.2374
step=4607 loss=6.5216
step=4608 loss=5.1181
step=4609 loss=3.8274
step=4610 loss=6.3220
step=4611 loss=5.2372
step=4612 loss=3.1077
step=4613 loss=4.0870
step=4614 loss=3.6725
step=4615 loss=5.3850
step=4616 loss=4.2607
step=4617 loss=1.7256
step=4618 loss=5.1072
step=4619 loss=3.5765
step=4620 loss=1.3816
step=4621 loss=1.4919
step=4622 loss=4.3930
step=4623 loss=4.1978
step=4624 loss=1.6455
step=4625 loss=4.1949
step=4626 loss=1.7031
step=4627 loss=3.2325
step=4628 loss=1.5092
step=4629 loss=4.0527
step=4630 loss=4.0251
step=4631 loss=3.7424
step=4632 loss=3.6531
step=4633 loss=3.3133
step=4634 loss=3.5175
step=4635 loss=3.9535
step=4636 loss=3.3273
step=4637 loss=3.7182
step=4638 loss=3.8944
step=4639 loss=4.0633
step=4640 loss=3.0764
step=4641 loss=3.0764
step=4642 loss=3.6056
step=4643 loss=3.4074
step=4644 loss=3.0299
step=4645 loss=1.3937
step=4646 loss=3.6430
step=4647 loss=3.7222
step=4648 loss=3.3462
step=4649 loss=3.8144
step=4650 loss=3.2302
step=4651 loss=4.1397
step=4652 loss=4.4170
step=4653 loss=3.6415
step=4654 loss=3.9783
step=4655 loss=1.8194
step=4656 loss=3.8711
step=4657 loss=5.7850
step=4658 loss=1.7877
step=4659 loss=3.4106
step=4660 loss=2.2851
step=4661 loss=4.7813
step=4662 loss=1.9225
step=4663 loss=3.3227
step=4664 loss=1.7767
step=4665 loss=2.0876
step=4666 loss=1.2021
step=4667 loss=2.4415
step=4668 loss=4.3894
step=4669 loss=3.4890
step=4670 loss=3.5084
step=4671 loss=3.3880
step=4672 loss=6.1176
step=4673 loss=1.6401
step=4674 loss=4.2176
step=4675 loss=3.9105
step=4676 loss=3.8236
step=4677 loss=1.3091
step=4678 loss=3.9489
step=4679 loss=1.4170
step=4680 loss=3.8454
step=4681 loss=5.9814
step=4682 loss=3.7315
step=4683 loss=4.1135
step=4684 loss=3.9003
step=4685 loss=4.0160
step=4686 loss=4.2407
step=4687 loss=1.8293
step=4688 loss=5.3419
step=4689 loss=5.4260
step=4690 loss=3.8050
step=4691 loss=1.5961
step=4692 loss=3.7418
step=4693 loss=4.2311
step=4694 loss=1.2835
step=4695 loss=3.9913
step=4696 loss=3.4672
step=4697 loss=4.5664
step=4698 loss=4.3394
step=4699 loss=3.9541
step=4700 loss=3.1569
step=4701 loss=3.8648
step=4702 loss=3.5048
step=4703 loss=4.6222
step=4704 loss=5.7973
step=4705 loss=5.7187
step=4706 loss=3.5759
step=4707 loss=4.0748
step=4708 loss=3.3047
step=4709 loss=4.6824
step=4710 loss=4.4372
step=4711 loss=3.7172
step=4712 loss=3.7752
step=4713 loss=4.0133
step=4714 loss=3.4826
step=4715 loss=2.9088
step=4716 loss=1.8626
step=4717 loss=3.1681
step=4718 loss=3.6948
step=4719 loss=3.7308
step=4720 loss=3.6027
step=4721 loss=5.3953
step=4722 loss=4.1719
step=4723 loss=1.8240
step=4724 loss=3.7180
step=4725 loss=4.2918
step=4726 loss=3.8410
step=4727 loss=4.3769
step=4728 loss=5.3026
step=4729 loss=2.9857
step=4730 loss=2.3866
step=4731 loss=6.8309
step=4732 loss=3.6362
step=4733 loss=4.2156
step=4734 loss=3.7100
step=4735 loss=4.4252
step=4736 loss=5.7264
step=4737 loss=1.8502
step=4738 loss=4.3022
step=4739 loss=4.8387
step=4740 loss=1.7890
step=4741 loss=4.5507
step=4742 loss=4.3825
step=4743 loss=5.0300
step=4744 loss=1.6415
step=4745 loss=6.2750
step=4746 loss=4.2036
step=4747 loss=2.2350
step=4748 loss=3.9243
step=4749 loss=5.6821
step=4750 loss=1.8360
step=4751 loss=3.1673
step=4752 loss=3.6796
step=4753 loss=3.7729
step=4754 loss=7.3435
step=4755 loss=6.9300
step=4756 loss=4.9658
step=4757 loss=3.2552
step=4758 loss=5.1217
step=4759 loss=5.9144
step=4760 loss=5.3017
step=4761 loss=4.6205
step=4762 loss=5.2962
step=4763 loss=3.9064
step=4764 loss=3.1294
step=4765 loss=4.6539
step=4766 loss=3.8536
step=4767 loss=3.5006
step=4768 loss=3.2249
step=4769 loss=3.9624
step=4770 loss=7.2453
step=4771 loss=3.8891
step=4772 loss=3.2154
step=4773 loss=5.3743
step=4774 loss=4.4019
step=4775 loss=5.8300
step=4776 loss=3.9249
step=4777 loss=3.7236
step=4778 loss=3.8392
step=4779 loss=3.6958
step=4780 loss=3.6452
step=4781 loss=3.9041
step=4782 loss=3.8702
step=4783 loss=4.7715
step=4784 loss=3.4836
step=4785 loss=3.7257
step=4786 loss=3.6296
step=4787 loss=3.9043
step=4788 loss=1.6987
step=4789 loss=1.4643
step=4790 loss=3.1940
step=4791 loss=4.4765
step=4792 loss=4.3670
step=4793 loss=4.0399
step=4794 loss=3.7686
step=4795 loss=3.6685
step=4796 loss=4.5706
step=4797 loss=5.7076
step=4798 loss=4.4877
step=4799 loss=1.6189
step=4800 loss=4.0770
eval_step=4800 eval_loss=3.5890 eval_ppl=36.20
step=4801 loss=3.6357
step=4802 loss=3.6428
step=4803 loss=3.2090
step=4804 loss=3.7381
step=4805 loss=4.1530
step=4806 loss=3.5126
step=4807 loss=5.0908
step=4808 loss=4.6237
step=4809 loss=3.7727
step=4810 loss=3.8427
step=4811 loss=3.7818
step=4812 loss=4.2447
step=4813 loss=5.1964
step=4814 loss=3.5023
step=4815 loss=4.8409
step=4816 loss=3.8000
step=4817 loss=4.7942
step=4818 loss=3.4515
step=4819 loss=1.6139
step=4820 loss=4.4034
step=4821 loss=6.5355
step=4822 loss=5.0367
step=4823 loss=5.5555
step=4824 loss=1.4927
step=4825 loss=7.9081
step=4826 loss=1.6506
step=4827 loss=3.8190
step=4828 loss=4.9272
step=4829 loss=3.4838
step=4830 loss=3.3724
step=4831 loss=4.3187
step=4832 loss=3.7195
step=4833 loss=4.1679
step=4834 loss=3.5385
step=4835 loss=7.0809
step=4836 loss=6.1867
step=4837 loss=4.4706
step=4838 loss=3.4494
step=4839 loss=3.8838
step=4840 loss=1.5259
step=4841 loss=5.3458
step=4842 loss=3.2163
step=4843 loss=4.0429
step=4844 loss=4.0396
step=4845 loss=3.6732
step=4846 loss=3.2386
step=4847 loss=3.7801
step=4848 loss=4.1227
step=4849 loss=3.9215
step=4850 loss=4.2836
step=4851 loss=3.6565
step=4852 loss=3.6599
step=4853 loss=3.7400
step=4854 loss=4.6053
step=4855 loss=5.2670
step=4856 loss=4.3749
step=4857 loss=5.2843
step=4858 loss=3.8956
step=4859 loss=3.6008
step=4860 loss=3.8792
step=4861 loss=3.8933
step=4862 loss=3.3453
step=4863 loss=3.5033
step=4864 loss=3.6557
step=4865 loss=4.7125
step=4866 loss=3.4237
step=4867 loss=3.2613
step=4868 loss=0.8081
step=4869 loss=2.8288
step=4870 loss=3.6734
step=4871 loss=5.3235
step=4872 loss=8.2501
step=4873 loss=5.5787
step=4874 loss=3.5310
step=4875 loss=5.0690
step=4876 loss=4.4016
step=4877 loss=3.4939
step=4878 loss=4.5514
step=4879 loss=5.4675
step=4880 loss=3.7827
step=4881 loss=1.5965
step=4882 loss=3.4303
step=4883 loss=3.4358
step=4884 loss=4.6282
step=4885 loss=3.5827
step=4886 loss=6.2361
step=4887 loss=4.7555
step=4888 loss=3.1785
step=4889 loss=3.7689
step=4890 loss=4.5739
step=4891 loss=4.5230
step=4892 loss=3.3651
step=4893 loss=4.3879
step=4894 loss=3.2684
step=4895 loss=1.9583
step=4896 loss=3.8506
step=4897 loss=3.9542
step=4898 loss=3.3879
step=4899 loss=4.0738
step=4900 loss=3.9781
step=4901 loss=3.3858
step=4902 loss=3.8982
step=4903 loss=4.7805
step=4904 loss=4.6029
step=4905 loss=7.3891
step=4906 loss=2.9831
step=4907 loss=4.2500
step=4908 loss=1.3163
step=4909 loss=1.8683
step=4910 loss=1.6566
step=4911 loss=1.3012
step=4912 loss=1.8840
step=4913 loss=1.9149
step=4914 loss=6.1995
step=4915 loss=3.2224
step=4916 loss=3.9347
step=4917 loss=1.3799
step=4918 loss=4.1855
step=4919 loss=4.1456
step=4920 loss=3.3877
step=4921 loss=4.3643
step=4922 loss=4.0753
step=4923 loss=1.5789
step=4924 loss=2.8286
step=4925 loss=4.3663
step=4926 loss=4.9141
step=4927 loss=3.6948
step=4928 loss=3.0447
step=4929 loss=5.4099
step=4930 loss=5.0914
step=4931 loss=3.7006
step=4932 loss=3.1771
step=4933 loss=1.6278
step=4934 loss=5.6759
step=4935 loss=3.8494
step=4936 loss=3.7353
step=4937 loss=3.3200
step=4938 loss=3.6505
step=4939 loss=1.8524
step=4940 loss=3.1129
step=4941 loss=3.5224
step=4942 loss=3.9551
step=4943 loss=2.9148
step=4944 loss=4.4767
step=4945 loss=3.9564
step=4946 loss=3.9427
step=4947 loss=3.6329
step=4948 loss=3.6401
step=4949 loss=6.9092
step=4950 loss=6.8329
step=4951 loss=3.4374
step=4952 loss=3.9383
step=4953 loss=3.3077
step=4954 loss=1.8140
step=4955 loss=4.4208
step=4956 loss=3.4429
step=4957 loss=1.2159
step=4958 loss=4.7258
step=4959 loss=1.7606
step=4960 loss=3.6505
step=4961 loss=4.9893
step=4962 loss=5.1186
step=4963 loss=4.2960
step=4964 loss=7.2179
step=4965 loss=3.3670
step=4966 loss=5.0012
step=4967 loss=3.1725
step=4968 loss=3.7931
step=4969 loss=4.2514
step=4970 loss=6.8324
step=4971 loss=3.5641
step=4972 loss=1.2889
step=4973 loss=3.5895
step=4974 loss=2.9577
step=4975 loss=4.3814
step=4976 loss=4.5087
step=4977 loss=3.5352
step=4978 loss=3.9388
step=4979 loss=4.0292
step=4980 loss=4.8065
step=4981 loss=5.7761
step=4982 loss=3.6898
step=4983 loss=5.0996
step=4984 loss=3.5465
step=4985 loss=1.3205
step=4986 loss=4.0878
step=4987 loss=3.6796
step=4988 loss=4.6112
step=4989 loss=3.5115
step=4990 loss=4.3952
step=4991 loss=5.1220
step=4992 loss=3.9313
step=4993 loss=3.7456
step=4994 loss=4.4419
step=4995 loss=6.5566
step=4996 loss=4.2352
step=4997 loss=3.9339
step=4998 loss=1.0789
step=4999 loss=5.1010
step=5000 loss=5.6856
eval_step=5000 eval_loss=3.5794 eval_ppl=35.85
step=5001 loss=3.4983
step=5002 loss=3.9763
step=5003 loss=4.0834
step=5004 loss=3.6759
step=5005 loss=3.8478
step=5006 loss=5.5060
step=5007 loss=3.5490
step=5008 loss=3.9677
step=5009 loss=1.4131
step=5010 loss=3.6657
step=5011 loss=4.6843
step=5012 loss=3.9928
step=5013 loss=1.1748
step=5014 loss=5.3696
step=5015 loss=5.0141
step=5016 loss=3.8673
step=5017 loss=1.4235
step=5018 loss=4.1458
step=5019 loss=4.9555
step=5020 loss=4.1869
step=5021 loss=3.5514
step=5022 loss=4.0890
step=5023 loss=3.8144
step=5024 loss=1.5959
step=5025 loss=2.8625
step=5026 loss=3.9142
step=5027 loss=5.2241
step=5028 loss=3.8981
step=5029 loss=3.7714
step=5030 loss=3.9100
step=5031 loss=4.2355
step=5032 loss=5.3541
step=5033 loss=0.9783
step=5034 loss=3.6479
step=5035 loss=3.5791
step=5036 loss=4.1406
step=5037 loss=4.1393
step=5038 loss=3.1338
step=5039 loss=3.8048
step=5040 loss=4.1687
step=5041 loss=2.2363
step=5042 loss=3.9544
step=5043 loss=3.6843
step=5044 loss=3.7889
step=5045 loss=4.1418
step=5046 loss=3.6115
step=5047 loss=1.7369
step=5048 loss=4.1776
step=5049 loss=3.5209
step=5050 loss=3.9094
step=5051 loss=4.1669
step=5052 loss=3.6924
step=5053 loss=4.2192
step=5054 loss=4.7079
step=5055 loss=4.0688
step=5056 loss=4.1916
step=5057 loss=4.5872
step=5058 loss=3.4796
step=5059 loss=4.0428
step=5060 loss=1.7134
step=5061 loss=3.6968
step=5062 loss=3.9220
step=5063 loss=4.0185
step=5064 loss=3.4075
step=5065 loss=3.7791
step=5066 loss=3.7376
step=5067 loss=4.3550
step=5068 loss=4.1321
step=5069 loss=3.8163
step=5070 loss=3.2048
step=5071 loss=1.4369
step=5072 loss=4.0934
step=5073 loss=4.6155
step=5074 loss=1.3813
step=5075 loss=4.0890
step=5076 loss=4.5864
step=5077 loss=3.9137
step=5078 loss=3.7745
step=5079 loss=3.6913
step=5080 loss=3.7446
step=5081 loss=5.9258
step=5082 loss=3.3614
step=5083 loss=4.5792
step=5084 loss=7.1860
step=5085 loss=3.0922
step=5086 loss=5.8392
step=5087 loss=1.7289
step=5088 loss=3.7043
step=5089 loss=3.7625
step=5090 loss=1.3719
step=5091 loss=4.6963
step=5092 loss=3.6955
step=5093 loss=4.4285
step=5094 loss=3.4739
step=5095 loss=3.6965
step=5096 loss=3.2672
step=5097 loss=1.7406
step=5098 loss=2.3180
step=5099 loss=1.0524
step=5100 loss=2.3619
step=5101 loss=3.3555
step=5102 loss=1.5180
step=5103 loss=3.8377
step=5104 loss=4.6172
step=5105 loss=3.8263
step=5106 loss=5.1567
step=5107 loss=4.0272
step=5108 loss=1.6223
step=5109 loss=4.4687
step=5110 loss=1.5048
step=5111 loss=3.2589
step=5112 loss=3.5236
step=5113 loss=4.4121
step=5114 loss=3.9813
step=5115 loss=3.9336
step=5116 loss=4.0433
step=5117 loss=5.8678
step=5118 loss=1.2778
step=5119 loss=5.6505
step=5120 loss=3.5708
step=5121 loss=3.5640
step=5122 loss=3.4997
step=5123 loss=3.8649
step=5124 loss=3.5144
step=5125 loss=1.2930
step=5126 loss=6.7379
step=5127 loss=4.0374
step=5128 loss=1.2993
step=5129 loss=3.6651
step=5130 loss=1.1102
step=5131 loss=3.6024
step=5132 loss=3.4060
step=5133 loss=1.7119
step=5134 loss=5.6232
step=5135 loss=5.8342
step=5136 loss=2.8996
step=5137 loss=4.1228
step=5138 loss=5.4047
step=5139 loss=3.7759
step=5140 loss=5.2257
step=5141 loss=5.0890
step=5142 loss=3.7142
step=5143 loss=2.8933
step=5144 loss=5.3421
step=5145 loss=3.5916
step=5146 loss=1.3576
step=5147 loss=1.7699
step=5148 loss=5.8907
step=5149 loss=4.0535
step=5150 loss=1.1944
step=5151 loss=5.7147
step=5152 loss=6.4633
step=5153 loss=4.2710
step=5154 loss=3.6471
step=5155 loss=3.4104
step=5156 loss=3.9467
step=5157 loss=6.4983
step=5158 loss=4.0250
step=5159 loss=3.8261
step=5160 loss=1.4807
step=5161 loss=3.6072
step=5162 loss=1.6456
step=5163 loss=3.8835
step=5164 loss=1.4858
step=5165 loss=5.6728
step=5166 loss=4.3287
step=5167 loss=4.1358
step=5168 loss=1.6741
step=5169 loss=7.0602
step=5170 loss=3.7100
step=5171 loss=5.1965
step=5172 loss=4.2729
step=5173 loss=3.3528
step=5174 loss=3.6966
step=5175 loss=4.3087
step=5176 loss=3.5270
step=5177 loss=3.9936
step=5178 loss=3.8763
step=5179 loss=4.4988
step=5180 loss=1.4064
step=5181 loss=5.9169
step=5182 loss=3.8549
step=5183 loss=3.7560
step=5184 loss=3.3719
step=5185 loss=3.7561
step=5186 loss=3.5559
step=5187 loss=3.6466
step=5188 loss=4.4949
step=5189 loss=3.8798
step=5190 loss=2.8838
step=5191 loss=1.1233
step=5192 loss=4.4015
step=5193 loss=5.7205
step=5194 loss=6.7497
step=5195 loss=4.0926
step=5196 loss=3.6069
step=5197 loss=3.7670
step=5198 loss=1.0242
step=5199 loss=5.0142
step=5200 loss=1.9285
eval_step=5200 eval_loss=3.5690 eval_ppl=35.48
step=5201 loss=3.6361
step=5202 loss=1.9332
step=5203 loss=1.6987
step=5204 loss=3.8781
step=5205 loss=1.2238
step=5206 loss=3.7763
step=5207 loss=4.8647
step=5208 loss=4.1537
step=5209 loss=3.8545
step=5210 loss=3.4422
step=5211 loss=4.3877
step=5212 loss=4.4026
step=5213 loss=3.2955
step=5214 loss=2.9973
step=5215 loss=1.6438
step=5216 loss=4.1175
step=5217 loss=5.3667
step=5218 loss=5.6998
step=5219 loss=4.2533
step=5220 loss=5.1657
step=5221 loss=1.4621
step=5222 loss=5.2437
step=5223 loss=4.0295
step=5224 loss=1.3510
step=5225 loss=1.7865
step=5226 loss=1.0353
step=5227 loss=5.3381
step=5228 loss=1.3676
step=5229 loss=3.9531
step=5230 loss=3.2354
step=5231 loss=3.5633
step=5232 loss=5.0770
step=5233 loss=4.3719
step=5234 loss=5.3473
step=5235 loss=3.9036
step=5236 loss=3.6363
step=5237 loss=3.8581
step=5238 loss=5.0664
step=5239 loss=3.5825
step=5240 loss=6.4756
step=5241 loss=4.2008
step=5242 loss=4.0380
step=5243 loss=3.6822
step=5244 loss=6.2710
step=5245 loss=3.7293
step=5246 loss=3.4907
step=5247 loss=5.9904
step=5248 loss=3.7044
step=5249 loss=4.0875
step=5250 loss=1.1422
step=5251 loss=1.5428
step=5252 loss=2.4221
step=5253 loss=1.3506
step=5254 loss=4.1611
step=5255 loss=4.3059
step=5256 loss=3.9185
step=5257 loss=1.3495
step=5258 loss=3.0504
step=5259 loss=3.5367
step=5260 loss=2.0645
step=5261 loss=4.4261
step=5262 loss=5.2005
step=5263 loss=1.3100
step=5264 loss=1.3501
step=5265 loss=3.1894
step=5266 loss=4.1260
step=5267 loss=4.0304
step=5268 loss=0.9483
step=5269 loss=3.2599
step=5270 loss=4.1763
step=5271 loss=3.8485
step=5272 loss=3.7443
step=5273 loss=4.4606
step=5274 loss=5.9350
step=5275 loss=4.1372
step=5276 loss=3.5853
step=5277 loss=4.3656
step=5278 loss=4.5081
step=5279 loss=3.8326
step=5280 loss=3.2858
step=5281 loss=3.5913
step=5282 loss=4.0628
step=5283 loss=4.1695
step=5284 loss=4.3174
step=5285 loss=3.9543
step=5286 loss=3.3673
step=5287 loss=1.6814
step=5288 loss=4.3675
step=5289 loss=4.4297
step=5290 loss=4.4408
step=5291 loss=4.6202
step=5292 loss=3.2076
step=5293 loss=3.7216
step=5294 loss=3.6323
step=5295 loss=4.2103
step=5296 loss=3.4432
step=5297 loss=4.1644
step=5298 loss=3.7018
step=5299 loss=3.4494
step=5300 loss=5.5925
step=5301 loss=4.8712
step=5302 loss=3.7493
step=5303 loss=4.9903
step=5304 loss=4.2106
step=5305 loss=0.8581
step=5306 loss=1.2497
step=5307 loss=3.8787
step=5308 loss=3.6215
step=5309 loss=0.8819
step=5310 loss=4.8321
step=5311 loss=4.3905
step=5312 loss=4.4182
step=5313 loss=3.7789
step=5314 loss=3.9622
step=5315 loss=4.3814
step=5316 loss=3.6806
step=5317 loss=6.1895
step=5318 loss=2.8341
step=5319 loss=5.0936
step=5320 loss=3.6213
step=5321 loss=1.2329
step=5322 loss=1.3340
step=5323 loss=5.2201
step=5324 loss=5.0909
step=5325 loss=3.0016
step=5326 loss=3.4451
step=5327 loss=1.2599
step=5328 loss=1.4027
step=5329 loss=3.7608
step=5330 loss=3.9261
step=5331 loss=3.8640
step=5332 loss=4.7565
step=5333 loss=4.7366
step=5334 loss=5.5025
step=5335 loss=3.6541
step=5336 loss=4.5352
step=5337 loss=4.4031
step=5338 loss=3.8115
step=5339 loss=3.4198
step=5340 loss=3.8915
step=5341 loss=4.6734
step=5342 loss=3.7492
step=5343 loss=5.3298
step=5344 loss=4.8351
step=5345 loss=4.2173
step=5346 loss=5.2725
step=5347 loss=3.7636
step=5348 loss=4.3763
step=5349 loss=3.7275
step=5350 loss=6.6193
step=5351 loss=3.9492
step=5352 loss=3.9675
step=5353 loss=5.3574
step=5354 loss=4.1008
step=5355 loss=5.8118
step=5356 loss=3.8135
step=5357 loss=3.2280
step=5358 loss=3.2908
step=5359 loss=3.6198
step=5360 loss=1.2328
step=5361 loss=5.4514
step=5362 loss=3.4911
step=5363 loss=4.3009
step=5364 loss=3.4677
step=5365 loss=3.5861
step=5366 loss=5.0663
step=5367 loss=1.5538
step=5368 loss=4.5318
step=5369 loss=3.5868
step=5370 loss=3.4089
step=5371 loss=3.7370
step=5372 loss=3.7144
step=5373 loss=4.5721
step=5374 loss=3.4694
step=5375 loss=3.8713
step=5376 loss=4.0692
step=5377 loss=4.1669
step=5378 loss=1.3728
step=5379 loss=5.8357
step=5380 loss=3.8106
step=5381 loss=4.0741
step=5382 loss=3.5050
step=5383 loss=4.9098
step=5384 loss=3.4354
step=5385 loss=3.9827
step=5386 loss=3.5278
step=5387 loss=1.1748
step=5388 loss=4.8209
step=5389 loss=3.7849
step=5390 loss=4.3170
step=5391 loss=4.4785
step=5392 loss=1.0030
step=5393 loss=3.9714
step=5394 loss=4.2474
step=5395 loss=5.7553
step=5396 loss=4.0031
step=5397 loss=4.0347
step=5398 loss=5.1809
step=5399 loss=4.4743
step=5400 loss=2.0904
eval_step=5400 eval_loss=3.5591 eval_ppl=35.13
step=5401 loss=1.7209
step=5402 loss=6.3979
step=5403 loss=3.8878
step=5404 loss=4.2933
step=5405 loss=3.2908
step=5406 loss=3.4148
step=5407 loss=1.3096
step=5408 loss=3.3363
step=5409 loss=4.3690
step=5410 loss=1.0220
step=5411 loss=3.3835
step=5412 loss=1.0689
step=5413 loss=4.0250
step=5414 loss=3.4186
step=5415 loss=1.1612
step=5416 loss=3.9679
step=5417 loss=3.3898
step=5418 loss=3.3651
step=5419 loss=3.9581
step=5420 loss=3.8149
step=5421 loss=5.2766
step=5422 loss=0.4524
step=5423 loss=3.8656
step=5424 loss=3.5703
step=5425 loss=4.4127
step=5426 loss=1.1226
step=5427 loss=4.9106
step=5428 loss=4.8916
step=5429 loss=3.3582
step=5430 loss=4.0307
step=5431 loss=3.7952
step=5432 loss=3.5223
step=5433 loss=3.5467
step=5434 loss=3.6572
step=5435 loss=6.5934
step=5436 loss=6.1383
step=5437 loss=4.2716
step=5438 loss=5.6912
step=5439 loss=3.9444
step=5440 loss=3.8432
step=5441 loss=3.6400
step=5442 loss=3.8372
step=5443 loss=1.1081
step=5444 loss=5.0961
step=5445 loss=6.0006
step=5446 loss=5.4098
step=5447 loss=2.3068
step=5448 loss=4.7157
step=5449 loss=4.3259
step=5450 loss=3.7408
step=5451 loss=3.8316
step=5452 loss=1.5731
step=5453 loss=1.3115
step=5454 loss=4.0294
step=5455 loss=1.2905
step=5456 loss=3.4870
step=5457 loss=3.9084
step=5458 loss=1.2566
step=5459 loss=4.7771
step=5460 loss=3.8438
step=5461 loss=3.7811
step=5462 loss=3.5764
step=5463 loss=1.1472
step=5464 loss=5.2610
step=5465 loss=5.6314
step=5466 loss=1.3909
step=5467 loss=3.6205
step=5468 loss=0.8352
step=5469 loss=4.6990
step=5470 loss=3.5744
step=5471 loss=3.4267
step=5472 loss=3.8113
step=5473 loss=4.3041
step=5474 loss=1.1631
step=5475 loss=1.3263
step=5476 loss=4.3050
step=5477 loss=4.0323
step=5478 loss=5.9052
step=5479 loss=4.0261
step=5480 loss=4.9319
step=5481 loss=2.2857
step=5482 loss=3.4111
step=5483 loss=3.9451
step=5484 loss=3.5571
step=5485 loss=6.2550
step=5486 loss=4.6496
step=5487 loss=1.5326
step=5488 loss=4.3312
step=5489 loss=3.7579
step=5490 loss=3.9837
step=5491 loss=3.7644
step=5492 loss=1.2389
step=5493 loss=4.1894
step=5494 loss=3.8155
step=5495 loss=3.8930
step=5496 loss=5.2270
step=5497 loss=1.2113
step=5498 loss=4.3974
step=5499 loss=3.9787
step=5500 loss=4.1368
step=5501 loss=3.9874
step=5502 loss=3.7456
step=5503 loss=3.4876
step=5504 loss=4.7816
step=5505 loss=5.6575
step=5506 loss=4.5821
step=5507 loss=1.1638
step=5508 loss=3.8858
step=5509 loss=2.2385
step=5510 loss=4.3723
step=5511 loss=3.3800
step=5512 loss=6.1566
step=5513 loss=3.7350
step=5514 loss=3.3434
step=5515 loss=3.5896
step=5516 loss=3.3573
step=5517 loss=4.8376
step=5518 loss=3.5787
step=5519 loss=4.9286
step=5520 loss=4.2628
step=5521 loss=3.9380
step=5522 loss=4.9042
step=5523 loss=3.4858
step=5524 loss=1.2260
step=5525 loss=4.0718
step=5526 loss=8.9027
step=5527 loss=4.2163
step=5528 loss=3.3039
step=5529 loss=5.0704
step=5530 loss=4.5578
step=5531 loss=1.5453
step=5532 loss=3.5333
step=5533 loss=2.7833
step=5534 loss=3.8281
step=5535 loss=3.3918
step=5536 loss=3.6592
step=5537 loss=3.4019
step=5538 loss=4.0052
step=5539 loss=7.4200
step=5540 loss=3.7024
step=5541 loss=3.8557
step=5542 loss=4.6927
step=5543 loss=3.6062
step=5544 loss=3.8094
step=5545 loss=6.1536
step=5546 loss=5.0192
step=5547 loss=5.6703
step=5548 loss=4.5160
step=5549 loss=4.3382
step=5550 loss=1.4684
step=5551 loss=6.5809
step=5552 loss=3.1335
step=5553 loss=4.0907
step=5554 loss=3.5089
step=5555 loss=4.4524
step=5556 loss=3.1390
step=5557 loss=1.4590
step=5558 loss=5.2164
step=5559 loss=3.6239
step=5560 loss=3.0089
step=5561 loss=3.8241
step=5562 loss=5.9008
step=5563 loss=4.5532
step=5564 loss=1.7240
step=5565 loss=3.6056
step=5566 loss=3.9108
step=5567 loss=4.0180
step=5568 loss=4.1485
step=5569 loss=1.4061
step=5570 loss=3.4354
step=5571 loss=1.3736
step=5572 loss=1.2090
step=5573 loss=5.0466
step=5574 loss=2.8394
step=5575 loss=5.0996
step=5576 loss=2.9100
step=5577 loss=0.8447
step=5578 loss=4.2693
step=5579 loss=4.8497
step=5580 loss=3.2896
step=5581 loss=4.2518
step=5582 loss=4.4276
step=5583 loss=3.6691
step=5584 loss=1.1265
step=5585 loss=5.1344
step=5586 loss=4.4055
step=5587 loss=5.2787
step=5588 loss=2.6967
step=5589 loss=1.0889
step=5590 loss=4.8054
step=5591 loss=3.8930
step=5592 loss=3.5707
step=5593 loss=2.0074
step=5594 loss=3.5841
step=5595 loss=3.3886
step=5596 loss=1.4441
step=5597 loss=4.9730
step=5598 loss=4.7416
step=5599 loss=3.9835
step=5600 loss=3.9480
eval_step=5600 eval_loss=3.5492 eval_ppl=34.79
step=5601 loss=3.6219
step=5602 loss=2.2536
step=5603 loss=5.7845
step=5604 loss=3.5321
step=5605 loss=4.1047
step=5606 loss=3.5520
step=5607 loss=5.1313
step=5608 loss=3.2742
step=5609 loss=3.9779
step=5610 loss=3.3285
step=5611 loss=4.2761
step=5612 loss=3.8206
step=5613 loss=3.6867
step=5614 loss=3.9648
step=5615 loss=4.2584
step=5616 loss=3.6592
step=5617 loss=3.8901
step=5618 loss=3.8374
step=5619 loss=3.6243
step=5620 loss=5.9191
step=5621 loss=6.3533
step=5622 loss=3.4241
step=5623 loss=4.2814
step=5624 loss=4.5431
step=5625 loss=5.1880
step=5626 loss=5.5377
step=5627 loss=1.1344
step=5628 loss=4.4502
step=5629 loss=3.8472
step=5630 loss=3.8887
step=5631 loss=4.6728
step=5632 loss=3.9073
step=5633 loss=4.0106
step=5634 loss=3.6794
step=5635 loss=3.5054
step=5636 loss=0.9774
step=5637 loss=4.6413
step=5638 loss=3.7377
step=5639 loss=1.0408
step=5640 loss=4.2080
step=5641 loss=3.7857
step=5642 loss=4.3519
step=5643 loss=3.6949
step=5644 loss=1.3847
step=5645 loss=3.7839
step=5646 loss=0.9025
step=5647 loss=1.5115
step=5648 loss=3.2230
step=5649 loss=3.6937
step=5650 loss=6.2377
step=5651 loss=4.0251
step=5652 loss=4.9015
step=5653 loss=3.9714
step=5654 loss=5.1401
step=5655 loss=4.7769
step=5656 loss=3.4937
step=5657 loss=3.1739
step=5658 loss=3.5411
step=5659 loss=2.4006
step=5660 loss=4.8044
step=5661 loss=1.1684
step=5662 loss=3.1827
step=5663 loss=4.2167
step=5664 loss=5.3389
step=5665 loss=5.2579
step=5666 loss=4.9251
step=5667 loss=4.1045
step=5668 loss=3.4526
step=5669 loss=5.7330
step=5670 loss=4.0399
step=5671 loss=2.1057
step=5672 loss=5.0133
step=5673 loss=1.0234
step=5674 loss=4.7706
step=5675 loss=3.8525
step=5676 loss=4.1875
step=5677 loss=1.1229
step=5678 loss=3.8084
step=5679 loss=4.2987
step=5680 loss=5.9294
step=5681 loss=4.6385
step=5682 loss=1.6894
step=5683 loss=4.0573
step=5684 loss=5.7363
step=5685 loss=3.7550
step=5686 loss=4.3045
step=5687 loss=4.2945
step=5688 loss=4.0721
step=5689 loss=3.7786
step=5690 loss=0.9901
step=5691 loss=3.3389
step=5692 loss=4.1900
step=5693 loss=4.1152
step=5694 loss=3.1423
step=5695 loss=5.9583
step=5696 loss=4.1488
step=5697 loss=3.6027
step=5698 loss=2.0666
step=5699 loss=3.7765
step=5700 loss=4.8206
step=5701 loss=4.0279
step=5702 loss=1.4728
step=5703 loss=1.0636
step=5704 loss=5.6936
step=5705 loss=1.2182
step=5706 loss=4.8845
step=5707 loss=1.2959
step=5708 loss=1.2711
step=5709 loss=2.5925
step=5710 loss=4.7828
step=5711 loss=5.3562
step=5712 loss=3.3772
step=5713 loss=5.1518
step=5714 loss=5.1032
step=5715 loss=3.5101
step=5716 loss=4.2697
step=5717 loss=3.7274
step=5718 loss=4.0959
step=5719 loss=3.1125
step=5720 loss=0.8861
step=5721 loss=3.7295
step=5722 loss=4.2378
step=5723 loss=4.0396
step=5724 loss=3.5807
step=5725 loss=3.6324
step=5726 loss=2.7405
step=5727 loss=5.6076
step=5728 loss=4.7789
step=5729 loss=3.7209
step=5730 loss=3.8665
step=5731 loss=2.9672
step=5732 loss=5.0081
step=5733 loss=3.4717
step=5734 loss=5.4628
step=5735 loss=4.8572
step=5736 loss=4.0646
step=5737 loss=3.6336
step=5738 loss=3.9420
step=5739 loss=2.0919
step=5740 loss=4.6838
step=5741 loss=3.5237
step=5742 loss=3.6494
step=5743 loss=7.2305
step=5744 loss=0.9288
step=5745 loss=1.6765
step=5746 loss=4.3072
step=5747 loss=4.1594
step=5748 loss=3.9837
step=5749 loss=4.0483
step=5750 loss=4.2464
step=5751 loss=5.8558
step=5752 loss=3.2926
step=5753 loss=2.3555
step=5754 loss=5.4156
step=5755 loss=3.1575
step=5756 loss=3.4421
step=5757 loss=4.0159
step=5758 loss=4.2911
step=5759 loss=3.9663
step=5760 loss=6.2882
step=5761 loss=2.9667
step=5762 loss=4.6159
step=5763 loss=3.9372
step=5764 loss=3.0851
step=5765 loss=1.2909
step=5766 loss=3.9441
step=5767 loss=4.3523
step=5768 loss=3.6051
step=5769 loss=3.8305
step=5770 loss=4.2954
step=5771 loss=4.5720
step=5772 loss=1.3692
step=5773 loss=4.8786
step=5774 loss=4.5774
step=5775 loss=5.5505
step=5776 loss=3.6876
step=5777 loss=4.5171
step=5778 loss=1.6786
step=5779 loss=3.8425
step=5780 loss=4.5071
step=5781 loss=4.5933
step=5782 loss=4.8504
step=5783 loss=3.8100
step=5784 loss=3.5452
step=5785 loss=3.5873
step=5786 loss=1.2194
step=5787 loss=0.7866
step=5788 loss=5.0577
step=5789 loss=4.1360
step=5790 loss=3.5739
step=5791 loss=5.3329
step=5792 loss=0.8298
step=5793 loss=3.0538
step=5794 loss=1.1750
step=5795 loss=3.7045
step=5796 loss=4.0551
step=5797 loss=3.1016
step=5798 loss=3.5964
step=5799 loss=3.6167
step=5800 loss=6.1342
eval_step=5800 eval_loss=3.5402 eval_ppl=34.47
step=5801 loss=2.2324
step=5802 loss=3.7964
step=5803 loss=4.0049
step=5804 loss=2.0311
step=5805 loss=3.1137
step=5806 loss=3.3653
step=5807 loss=3.4091
step=5808 loss=4.9488
step=5809 loss=3.8083
step=5810 loss=3.8447
step=5811 loss=3.8993
step=5812 loss=4.1950
step=5813 loss=4.2487
step=5814 loss=4.1806
step=5815 loss=3.9553
step=5816 loss=3.2827
step=5817 loss=2.3107
step=5818 loss=3.4566
step=5819 loss=3.8248
step=5820 loss=0.9300
step=5821 loss=3.9766
step=5822 loss=1.3510
step=5823 loss=7.4932
step=5824 loss=4.0992
step=5825 loss=3.3001
step=5826 loss=7.0056
step=5827 loss=3.3992
step=5828 loss=3.8397
step=5829 loss=3.4970
step=5830 loss=1.2794
step=5831 loss=3.9261
step=5832 loss=6.4472
step=5833 loss=3.2546
step=5834 loss=3.7672
step=5835 loss=1.2768
step=5836 loss=6.0325
step=5837 loss=3.4730
step=5838 loss=5.1102
step=5839 loss=3.5555
step=5840 loss=1.0467
step=5841 loss=5.4356
step=5842 loss=3.6582
step=5843 loss=6.9037
step=5844 loss=4.6637
step=5845 loss=3.9456
step=5846 loss=3.8519
step=5847 loss=3.8185
step=5848 loss=3.6471
step=5849 loss=4.0355
step=5850 loss=3.4942
step=5851 loss=4.5636
step=5852 loss=3.8313
step=5853 loss=3.9685
step=5854 loss=4.9730
step=5855 loss=4.6196
step=5856 loss=4.1428
step=5857 loss=4.8263
step=5858 loss=4.0813
step=5859 loss=4.1604
step=5860 loss=3.5855
step=5861 loss=0.8409
step=5862 loss=4.3926
step=5863 loss=3.9997
step=5864 loss=1.4388
step=5865 loss=3.5403
step=5866 loss=3.1612
step=5867 loss=3.5888
step=5868 loss=3.3484
step=5869 loss=3.6909
step=5870 loss=3.1942
step=5871 loss=5.2913
step=5872 loss=0.8094
step=5873 loss=4.3468
step=5874 loss=3.4269
step=5875 loss=0.7602
step=5876 loss=4.1628
step=5877 loss=2.7373
step=5878 loss=3.6945
step=5879 loss=3.8246
step=5880 loss=3.7266
step=5881 loss=6.4551
step=5882 loss=3.8265
step=5883 loss=2.8167
step=5884 loss=3.4422
step=5885 loss=0.8428
step=5886 loss=4.7015
step=5887 loss=3.9541
step=5888 loss=5.2368
step=5889 loss=3.4847
step=5890 loss=5.5587
step=5891 loss=0.6277
step=5892 loss=0.7146
step=5893 loss=1.0429
step=5894 loss=4.1405
step=5895 loss=3.8279
step=5896 loss=1.4968
step=5897 loss=3.7593
step=5898 loss=3.5741
step=5899 loss=4.2608
step=5900 loss=5.4793
step=5901 loss=2.8173
step=5902 loss=0.7624
step=5903 loss=4.1213
step=5904 loss=4.0893
step=5905 loss=0.9540
step=5906 loss=3.7684
step=5907 loss=6.0774
step=5908 loss=4.1769
step=5909 loss=6.2311
step=5910 loss=3.1594
step=5911 loss=4.2546
step=5912 loss=3.6508
step=5913 loss=3.5310
step=5914 loss=3.7906
step=5915 loss=3.7509
step=5916 loss=3.7577
step=5917 loss=3.6811
step=5918 loss=6.4282
step=5919 loss=5.6995
step=5920 loss=3.7603
step=5921 loss=3.6098
step=5922 loss=3.6741
step=5923 loss=6.6101
step=5924 loss=3.3972
step=5925 loss=1.1086
step=5926 loss=1.1730
step=5927 loss=3.6262
step=5928 loss=3.8613
step=5929 loss=3.5533
step=5930 loss=4.0065
step=5931 loss=1.7147
step=5932 loss=3.5457
step=5933 loss=5.9075
step=5934 loss=3.5308
step=5935 loss=3.4057
step=5936 loss=0.8393
step=5937 loss=3.6264
step=5938 loss=3.3389
step=5939 loss=4.2954
step=5940 loss=3.3810
step=5941 loss=4.5446
step=5942 loss=3.6174
step=5943 loss=4.1399
step=5944 loss=2.9688
step=5945 loss=4.5150
step=5946 loss=3.5545
step=5947 loss=6.3384
step=5948 loss=4.0454
step=5949 loss=3.4008
step=5950 loss=5.1196
step=5951 loss=3.7694
step=5952 loss=3.7568
step=5953 loss=4.0031
step=5954 loss=1.6765
step=5955 loss=0.7381
step=5956 loss=4.6968
step=5957 loss=0.9332
step=5958 loss=6.9708
step=5959 loss=2.8385
step=5960 loss=4.4632
step=5961 loss=3.2514
step=5962 loss=3.5728
step=5963 loss=4.5872
step=5964 loss=3.8426
step=5965 loss=3.4946
step=5966 loss=3.1842
step=5967 loss=4.0244
step=5968 loss=3.6897
step=5969 loss=1.1968
step=5970 loss=4.9899
step=5971 loss=1.1347
step=5972 loss=4.2983
step=5973 loss=3.9963
step=5974 loss=3.0802
step=5975 loss=6.0405
step=5976 loss=3.7733
step=5977 loss=3.9988
step=5978 loss=5.1249
step=5979 loss=4.1430
step=5980 loss=3.3199
step=5981 loss=3.5659
step=5982 loss=3.4255
step=5983 loss=4.5302
step=5984 loss=7.0627
step=5985 loss=6.5558
step=5986 loss=3.3135
step=5987 loss=3.0802
step=5988 loss=4.1475
step=5989 loss=6.2475
step=5990 loss=2.9742
step=5991 loss=3.7200
step=5992 loss=3.5013
step=5993 loss=3.6726
step=5994 loss=3.3911
step=5995 loss=3.9091
step=5996 loss=0.7584
step=5997 loss=5.9167
step=5998 loss=3.1106
step=5999 loss=4.6365
step=6000 loss=4.3040
eval_step=6000 eval_loss=3.5318 eval_ppl=34.19
step=6001 loss=0.8584
step=6002 loss=6.4914
step=6003 loss=4.1695
step=6004 loss=5.7826
step=6005 loss=1.1401
step=6006 loss=4.9175
step=6007 loss=3.7048
step=6008 loss=4.0321
step=6009 loss=3.2343
step=6010 loss=1.1537
step=6011 loss=0.9212
step=6012 loss=3.7246
step=6013 loss=4.1202
step=6014 loss=0.8485
step=6015 loss=3.5919
step=6016 loss=0.8795
step=6017 loss=0.8161
step=6018 loss=1.2072
step=6019 loss=4.5624
step=6020 loss=4.0255
step=6021 loss=4.4420
step=6022 loss=3.8323
step=6023 loss=5.0977
step=6024 loss=0.9324
step=6025 loss=4.3000
step=6026 loss=3.9654
step=6027 loss=3.3776
step=6028 loss=0.2746
step=6029 loss=4.1687
step=6030 loss=3.7186
step=6031 loss=4.4613
step=6032 loss=3.6489
step=6033 loss=0.6773
step=6034 loss=4.4623
step=6035 loss=3.7119
step=6036 loss=1.8580
step=6037 loss=3.2073
step=6038 loss=3.2757
step=6039 loss=4.2621
step=6040 loss=1.1261
step=6041 loss=3.3111
step=6042 loss=3.6487
step=6043 loss=4.0194
step=6044 loss=4.3866
step=6045 loss=3.3623
step=6046 loss=4.2313
step=6047 loss=5.2841
step=6048 loss=3.9884
step=6049 loss=3.8234
step=6050 loss=6.0953
step=6051 loss=3.8272
step=6052 loss=0.8445
step=6053 loss=3.5553
step=6054 loss=3.3609
step=6055 loss=3.1607
step=6056 loss=3.8621
step=6057 loss=3.5099
step=6058 loss=6.4326
step=6059 loss=1.0362
step=6060 loss=2.9762
step=6061 loss=5.8100
step=6062 loss=0.6018
step=6063 loss=3.1509
step=6064 loss=4.2763
step=6065 loss=3.4048
step=6066 loss=4.0162
step=6067 loss=4.0885
step=6068 loss=3.2367
step=6069 loss=3.8346
step=6070 loss=4.7954
step=6071 loss=4.0254
step=6072 loss=1.0118
step=6073 loss=1.4173
step=6074 loss=3.8381
step=6075 loss=5.0987
step=6076 loss=1.1637
step=6077 loss=3.6868
step=6078 loss=5.9777
step=6079 loss=6.0212
step=6080 loss=6.1554
step=6081 loss=3.8212
step=6082 loss=5.0711
step=6083 loss=2.9943
step=6084 loss=3.3701
step=6085 loss=3.3556
step=6086 loss=4.2083
step=6087 loss=4.2838
step=6088 loss=0.7208
step=6089 loss=4.3889
step=6090 loss=4.5190
step=6091 loss=3.1776
step=6092 loss=3.8621
step=6093 loss=5.2016
step=6094 loss=4.5268
step=6095 loss=4.7045
step=6096 loss=3.6658
step=6097 loss=3.5798
step=6098 loss=0.9079
step=6099 loss=2.6660
step=6100 loss=5.0471
step=6101 loss=6.7567
step=6102 loss=3.3024
step=6103 loss=4.4287
step=6104 loss=3.7774
step=6105 loss=4.4309
step=6106 loss=3.4496
step=6107 loss=4.2358
step=6108 loss=3.5237
step=6109 loss=3.8803
step=6110 loss=0.7721
step=6111 loss=3.8515
step=6112 loss=3.9714
step=6113 loss=6.4072
step=6114 loss=3.5788
step=6115 loss=4.6897
step=6116 loss=1.3311
step=6117 loss=0.7848
step=6118 loss=4.0119
step=6119 loss=3.8824
step=6120 loss=3.2787
step=6121 loss=4.7602
step=6122 loss=0.6566
step=6123 loss=4.0088
step=6124 loss=4.5629
step=6125 loss=4.5874
step=6126 loss=5.1361
step=6127 loss=3.3445
step=6128 loss=1.7512
step=6129 loss=3.6797
step=6130 loss=3.7834
step=6131 loss=0.9054
step=6132 loss=4.7534
step=6133 loss=5.2089
step=6134 loss=3.7928
step=6135 loss=3.4757
step=6136 loss=3.2252
step=6137 loss=3.9108
step=6138 loss=3.9092
step=6139 loss=3.3173
step=6140 loss=3.6793
step=6141 loss=3.7444
step=6142 loss=0.6692
step=6143 loss=3.8383
step=6144 loss=3.7516
step=6145 loss=0.8572
step=6146 loss=1.2366
step=6147 loss=2.0848
step=6148 loss=3.9328
step=6149 loss=6.5890
step=6150 loss=5.0523
step=6151 loss=4.2619
step=6152 loss=0.9474
step=6153 loss=4.2075
step=6154 loss=4.1883
step=6155 loss=6.3886
step=6156 loss=4.1393
step=6157 loss=3.6594
step=6158 loss=4.5400
step=6159 loss=4.4267
step=6160 loss=5.0488
step=6161 loss=1.0550
step=6162 loss=4.1949
step=6163 loss=4.8550
step=6164 loss=4.1631
step=6165 loss=0.7468
step=6166 loss=0.9156
step=6167 loss=3.9802
step=6168 loss=4.4110
step=6169 loss=3.5914
step=6170 loss=0.7434
step=6171 loss=1.0450
step=6172 loss=3.8553
step=6173 loss=4.3235
step=6174 loss=3.6315
step=6175 loss=3.3721
step=6176 loss=0.6285
step=6177 loss=3.5087
step=6178 loss=4.4377
step=6179 loss=0.8762
step=6180 loss=4.1128
step=6181 loss=1.6909
step=6182 loss=4.0156
step=6183 loss=3.7035
step=6184 loss=3.8608
step=6185 loss=3.7950
step=6186 loss=4.1728
step=6187 loss=3.9846
step=6188 loss=4.2043
step=6189 loss=4.0964
step=6190 loss=4.3638
step=6191 loss=4.1689
step=6192 loss=3.8222
step=6193 loss=3.8934
step=6194 loss=3.9267
step=6195 loss=0.5793
step=6196 loss=3.7815
step=6197 loss=3.8344
step=6198 loss=6.4155
step=6199 loss=4.5929
step=6200 loss=4.4606
eval_step=6200 eval_loss=3.5243 eval_ppl=33.93
step=6201 loss=1.1370
step=6202 loss=3.5940
step=6203 loss=0.4254
step=6204 loss=4.0278
step=6205 loss=0.9018
step=6206 loss=3.7478
step=6207 loss=4.1573
step=6208 loss=1.0198
step=6209 loss=3.7907
step=6210 loss=4.4549
step=6211 loss=4.6777
step=6212 loss=4.0171
step=6213 loss=4.6148
step=6214 loss=4.9710
step=6215 loss=3.6729
step=6216 loss=4.3330
step=6217 loss=3.9255
step=6218 loss=4.3030
step=6219 loss=4.0981
step=6220 loss=5.8988
step=6221 loss=0.7818
step=6222 loss=5.4535
step=6223 loss=3.9202
step=6224 loss=3.5959
step=6225 loss=3.9712
step=6226 loss=1.3326
step=6227 loss=5.9353
step=6228 loss=0.9442
step=6229 loss=4.6722
step=6230 loss=0.7467
step=6231 loss=4.4234
step=6232 loss=3.7757
step=6233 loss=6.0735
step=6234 loss=4.3468
step=6235 loss=3.9783
step=6236 loss=3.7823
step=6237 loss=4.1563
step=6238 loss=3.1564
step=6239 loss=4.3665
step=6240 loss=3.5029
step=6241 loss=3.4789
step=6242 loss=4.5602
step=6243 loss=3.7774
step=6244 loss=2.7460
step=6245 loss=0.7112
step=6246 loss=4.3648
step=6247 loss=3.4430
step=6248 loss=6.2249
step=6249 loss=3.5489
step=6250 loss=3.8272
step=6251 loss=4.3473
step=6252 loss=5.4825
step=6253 loss=3.6740
step=6254 loss=3.3911
step=6255 loss=3.6470
step=6256 loss=0.5499
step=6257 loss=3.9625
step=6258 loss=4.4008
step=6259 loss=3.0301
step=6260 loss=1.0784
step=6261 loss=3.7585
step=6262 loss=4.1099
step=6263 loss=1.2591
step=6264 loss=3.5989
step=6265 loss=3.5750
step=6266 loss=3.9259
step=6267 loss=8.4660
step=6268 loss=5.0848
step=6269 loss=3.5500
step=6270 loss=0.8345
step=6271 loss=4.0588
step=6272 loss=4.0274
step=6273 loss=5.4090
step=6274 loss=3.7453
step=6275 loss=4.0006
step=6276 loss=3.5405
step=6277 loss=3.5225
step=6278 loss=5.1159
step=6279 loss=3.7441
step=6280 loss=3.8032
step=6281 loss=7.1909
step=6282 loss=4.4296
step=6283 loss=3.5150
step=6284 loss=4.4326
step=6285 loss=5.4308
step=6286 loss=3.5088
step=6287 loss=4.0475
step=6288 loss=4.5408
step=6289 loss=3.6394
step=6290 loss=0.6496
step=6291 loss=3.5245
step=6292 loss=4.7695
step=6293 loss=1.4514
step=6294 loss=4.9888
step=6295 loss=3.8139
step=6296 loss=4.3363
step=6297 loss=3.2643
step=6298 loss=0.5842
step=6299 loss=4.3174
step=6300 loss=3.5417
step=6301 loss=0.7883
step=6302 loss=1.5669
step=6303 loss=3.8596
step=6304 loss=4.2586
step=6305 loss=3.8232
step=6306 loss=3.4002
step=6307 loss=1.0079
step=6308 loss=4.6049
step=6309 loss=5.5709
step=6310 loss=3.4659
step=6311 loss=4.4191
step=6312 loss=5.5688
step=6313 loss=3.3915
step=6314 loss=1.2327
step=6315 loss=3.2607
step=6316 loss=3.6479
step=6317 loss=3.4854
step=6318 loss=3.5448
step=6319 loss=4.5669
step=6320 loss=3.7098
step=6321 loss=3.6421
step=6322 loss=4.8554
step=6323 loss=4.8664
step=6324 loss=3.9425
step=6325 loss=4.0085
step=6326 loss=3.8127
step=6327 loss=3.3265
step=6328 loss=6.0369
step=6329 loss=3.7089
step=6330 loss=4.3341
step=6331 loss=6.4714
step=6332 loss=5.7792
step=6333 loss=4.6198
step=6334 loss=4.0646
step=6335 loss=4.8970
step=6336 loss=3.7140
step=6337 loss=3.8720
step=6338 loss=0.7877
step=6339 loss=2.9172
step=6340 loss=3.6596
step=6341 loss=4.0739
step=6342 loss=0.9024
step=6343 loss=4.2060
step=6344 loss=3.3280
step=6345 loss=5.2417
step=6346 loss=6.2684
step=6347 loss=4.9723
step=6348 loss=4.0047
step=6349 loss=5.4636
step=6350 loss=4.0693
step=6351 loss=3.0185
step=6352 loss=0.9803
step=6353 loss=3.5475
step=6354 loss=3.6554
step=6355 loss=3.6293
step=6356 loss=3.5965
step=6357 loss=0.6858
step=6358 loss=3.4522
step=6359 loss=4.8077
step=6360 loss=5.4606
step=6361 loss=0.9980
step=6362 loss=4.2284
step=6363 loss=3.4626
step=6364 loss=3.8703
step=6365 loss=4.8385
step=6366 loss=4.0164
step=6367 loss=0.6782
step=6368 loss=3.0369
step=6369 loss=4.5494
step=6370 loss=5.8188
step=6371 loss=2.9533
step=6372 loss=4.1010
step=6373 loss=4.3875
step=6374 loss=5.9852
step=6375 loss=1.2923
step=6376 loss=1.1469
step=6377 loss=0.8518
step=6378 loss=6.4595
step=6379 loss=3.6886
step=6380 loss=3.4151
step=6381 loss=0.3873
step=6382 loss=3.3935
step=6383 loss=3.2132
step=6384 loss=0.9659
step=6385 loss=4.0563
step=6386 loss=3.5875
step=6387 loss=3.9299
step=6388 loss=2.9936
step=6389 loss=3.8540
step=6390 loss=3.6479
step=6391 loss=3.9671
step=6392 loss=4.4221
step=6393 loss=3.9676
step=6394 loss=2.6824
step=6395 loss=5.0897
step=6396 loss=4.2722
step=6397 loss=3.4338
step=6398 loss=1.2221
step=6399 loss=4.0680
step=6400 loss=3.7345
eval_step=6400 eval_loss=3.5178 eval_ppl=33.71
step=6401 loss=3.7303
step=6402 loss=0.6873
step=6403 loss=3.1484
step=6404 loss=4.1558
step=6405 loss=3.2940
step=6406 loss=3.3127
step=6407 loss=3.4480
step=6408 loss=4.4099
step=6409 loss=6.4752
step=6410 loss=4.8752
step=6411 loss=4.2504
step=6412 loss=3.9671
step=6413 loss=5.3366
step=6414 loss=3.4545
step=6415 loss=3.4807
step=6416 loss=2.5678
step=6417 loss=4.0338
step=6418 loss=5.1087
step=6419 loss=3.9460
step=6420 loss=4.7637
step=6421 loss=3.8786
step=6422 loss=3.7570
step=6423 loss=0.9199
step=6424 loss=4.6562
step=6425 loss=4.7286
step=6426 loss=3.8081
step=6427 loss=4.7045
step=6428 loss=4.1608
step=6429 loss=3.9629
step=6430 loss=3.4010
step=6431 loss=5.8366
step=6432 loss=5.8895
step=6433 loss=3.3904
step=6434 loss=0.5512
step=6435 loss=3.6297
step=6436 loss=5.7662
step=6437 loss=4.5779
step=6438 loss=3.4251
step=6439 loss=3.9042
step=6440 loss=0.9982
step=6441 loss=3.6138
step=6442 loss=3.3846
step=6443 loss=0.5614
step=6444 loss=4.4011
step=6445 loss=1.2340
step=6446 loss=3.6235
step=6447 loss=3.3067
step=6448 loss=6.3884
step=6449 loss=6.4559
step=6450 loss=3.8155
step=6451 loss=3.9587
step=6452 loss=5.3235
step=6453 loss=4.1101
step=6454 loss=3.8519
step=6455 loss=3.8504
step=6456 loss=0.5694
step=6457 loss=3.5760
step=6458 loss=4.2822
step=6459 loss=0.6108
step=6460 loss=3.5520
step=6461 loss=3.8292
step=6462 loss=5.5590
step=6463 loss=2.2779
step=6464 loss=5.4770
step=6465 loss=0.7333
step=6466 loss=4.4711
step=6467 loss=6.9807
step=6468 loss=5.4947
step=6469 loss=4.5543
step=6470 loss=3.2527
step=6471 loss=3.8165
step=6472 loss=5.2944
step=6473 loss=4.6267
step=6474 loss=3.5263
step=6475 loss=0.8388
step=6476 loss=3.8302
step=6477 loss=6.2802
step=6478 loss=5.0506
step=6479 loss=3.8130
step=6480 loss=3.6221
step=6481 loss=4.0077
step=6482 loss=3.7307
step=6483 loss=1.0735
step=6484 loss=0.7174
step=6485 loss=4.4476
step=6486 loss=4.4188
step=6487 loss=1.0284
step=6488 loss=1.0408
step=6489 loss=4.7002
step=6490 loss=4.4064
step=6491 loss=3.7825
step=6492 loss=5.7784
step=6493 loss=4.1803
step=6494 loss=0.5067
step=6495 loss=4.1180
step=6496 loss=3.9010
step=6497 loss=3.4078
step=6498 loss=3.9112
step=6499 loss=3.5445
step=6500 loss=4.8861
step=6501 loss=3.8938
step=6502 loss=5.1182
step=6503 loss=4.2335
step=6504 loss=3.3461
step=6505 loss=4.2698
step=6506 loss=0.7269
step=6507 loss=4.0318
step=6508 loss=4.2331
step=6509 loss=3.6571
step=6510 loss=4.3446
step=6511 loss=3.3879
step=6512 loss=5.1910
step=6513 loss=4.0590
step=6514 loss=0.8180
step=6515 loss=0.5641
step=6516 loss=3.9687
step=6517 loss=3.8267
step=6518 loss=4.2433
step=6519 loss=1.9264
step=6520 loss=1.0008
step=6521 loss=3.6471
step=6522 loss=0.8421
step=6523 loss=4.1096
step=6524 loss=3.6603
step=6525 loss=3.8090
step=6526 loss=3.6112
step=6527 loss=1.8146
step=6528 loss=1.4620
step=6529 loss=4.7779
step=6530 loss=3.6599
step=6531 loss=3.4929
step=6532 loss=3.4946
step=6533 loss=3.9341
step=6534 loss=3.4980
step=6535 loss=6.2191
step=6536 loss=3.7874
step=6537 loss=3.5482
step=6538 loss=0.5227
step=6539 loss=4.7999
step=6540 loss=3.4635
step=6541 loss=3.8353
step=6542 loss=3.6363
step=6543 loss=4.3860
step=6544 loss=3.6892
step=6545 loss=0.4494
step=6546 loss=4.0723
step=6547 loss=3.5623
step=6548 loss=1.2986
step=6549 loss=3.9761
step=6550 loss=4.9356
step=6551 loss=0.5705
step=6552 loss=0.3962
step=6553 loss=3.9882
step=6554 loss=0.8654
step=6555 loss=5.6703
step=6556 loss=0.3997
step=6557 loss=5.6703
step=6558 loss=6.0325
step=6559 loss=5.1352
step=6560 loss=4.2816
step=6561 loss=5.1163
step=6562 loss=4.4877
step=6563 loss=5.9578
step=6564 loss=5.5371
step=6565 loss=3.8737
step=6566 loss=0.6849
step=6567 loss=4.0803
step=6568 loss=1.0793
step=6569 loss=0.4395
step=6570 loss=3.3681
step=6571 loss=1.9269
step=6572 loss=6.0067
step=6573 loss=0.6433
step=6574 loss=5.5226
step=6575 loss=0.5955
step=6576 loss=4.2722
step=6577 loss=0.8448
step=6578 loss=3.4300
step=6579 loss=4.2440
step=6580 loss=3.4388
step=6581 loss=3.8839
step=6582 loss=3.5457
step=6583 loss=0.5875
step=6584 loss=3.5394
step=6585 loss=6.1166
step=6586 loss=3.1798
step=6587 loss=4.6215
step=6588 loss=4.7550
step=6589 loss=0.6039
step=6590 loss=3.7240
step=6591 loss=3.5673
step=6592 loss=3.7383
step=6593 loss=3.4367
step=6594 loss=4.1084
step=6595 loss=4.1671
step=6596 loss=4.2630
step=6597 loss=6.5607
step=6598 loss=4.6033
step=6599 loss=4.1621
step=6600 loss=3.3479
eval_step=6600 eval_loss=3.5118 eval_ppl=33.51
step=6601 loss=4.4326
step=6602 loss=4.1299
step=6603 loss=0.4909
step=6604 loss=4.3970
step=6605 loss=4.4134
step=6606 loss=3.2658
step=6607 loss=4.5303
step=6608 loss=3.4168
step=6609 loss=4.1797
step=6610 loss=3.3884
step=6611 loss=3.1132
step=6612 loss=7.3084
step=6613 loss=4.2925
step=6614 loss=0.7530
step=6615 loss=5.5080
step=6616 loss=0.5687
step=6617 loss=4.5920
step=6618 loss=5.0318
step=6619 loss=5.3466
step=6620 loss=5.7652
step=6621 loss=3.6855
step=6622 loss=0.8604
step=6623 loss=3.6783
step=6624 loss=3.8547
step=6625 loss=4.5261
step=6626 loss=3.3526
step=6627 loss=3.6740
step=6628 loss=3.5544
step=6629 loss=6.4393
step=6630 loss=3.7161
step=6631 loss=0.7906
step=6632 loss=3.9493
step=6633 loss=3.2658
step=6634 loss=0.4164
step=6635 loss=8.4684
step=6636 loss=0.9664
step=6637 loss=4.1996
step=6638 loss=1.3161
step=6639 loss=4.9048
step=6640 loss=0.5765
step=6641 loss=4.3409
step=6642 loss=5.7599
step=6643 loss=4.6956
step=6644 loss=3.2430
step=6645 loss=5.7949
step=6646 loss=0.9752
step=6647 loss=5.7628
step=6648 loss=4.9758
step=6649 loss=4.2154
step=6650 loss=5.0365
step=6651 loss=5.2681
step=6652 loss=4.6427
step=6653 loss=3.2073
step=6654 loss=3.8389
step=6655 loss=0.7688
step=6656 loss=3.1842
step=6657 loss=3.9173
step=6658 loss=4.3832
step=6659 loss=3.5028
step=6660 loss=0.3356
step=6661 loss=4.3945
step=6662 loss=4.6385
step=6663 loss=3.0851
step=6664 loss=5.3189
step=6665 loss=3.7729
step=6666 loss=4.0476
step=6667 loss=3.0585
step=6668 loss=0.5539
step=6669 loss=4.2620
step=6670 loss=3.2045
step=6671 loss=3.8421
step=6672 loss=4.2617
step=6673 loss=0.5633
step=6674 loss=4.2589
step=6675 loss=3.4934
step=6676 loss=3.5404
step=6677 loss=3.7392
step=6678 loss=4.4246
step=6679 loss=0.3728
step=6680 loss=4.4072
step=6681 loss=5.9828
step=6682 loss=5.8632
step=6683 loss=3.7193
step=6684 loss=3.9743
step=6685 loss=3.9255
step=6686 loss=4.1008
step=6687 loss=0.3749
step=6688 loss=0.6322
step=6689 loss=5.0356
step=6690 loss=3.5283
step=6691 loss=3.7682
step=6692 loss=3.9671
step=6693 loss=3.9479
step=6694 loss=3.4376
step=6695 loss=3.1905
step=6696 loss=4.7263
step=6697 loss=3.0764
step=6698 loss=0.3560
step=6699 loss=3.8844
step=6700 loss=0.9292
step=6701 loss=0.5927
step=6702 loss=3.9494
step=6703 loss=3.0035
step=6704 loss=3.6023
step=6705 loss=3.8266
step=6706 loss=3.9800
step=6707 loss=2.9679
step=6708 loss=3.4745
step=6709 loss=6.9238
step=6710 loss=3.9008
step=6711 loss=3.7721
step=6712 loss=3.4985
step=6713 loss=4.1045
step=6714 loss=4.0241
step=6715 loss=3.6299
step=6716 loss=3.3871
step=6717 loss=3.8487
step=6718 loss=0.4692
step=6719 loss=3.5387
step=6720 loss=4.7418
step=6721 loss=2.9176
step=6722 loss=4.2371
step=6723 loss=4.4348
step=6724 loss=3.5425
step=6725 loss=3.7339
step=6726 loss=3.9224
step=6727 loss=3.6467
step=6728 loss=0.5511
step=6729 loss=3.8058
step=6730 loss=4.6701
step=6731 loss=3.7870
step=6732 loss=4.6069
step=6733 loss=4.9178
step=6734 loss=4.5247
step=6735 loss=3.0682
step=6736 loss=6.0212
step=6737 loss=4.0350
step=6738 loss=3.3918
step=6739 loss=0.4578
step=6740 loss=4.8376
step=6741 loss=3.5082
step=6742 loss=3.3791
step=6743 loss=1.0210
step=6744 loss=4.9547
step=6745 loss=3.8412
step=6746 loss=4.2437
step=6747 loss=4.9295
step=6748 loss=3.7735
step=6749 loss=5.1200
step=6750 loss=4.1743
step=6751 loss=7.0005
step=6752 loss=3.2618
step=6753 loss=3.3322
step=6754 loss=4.1011
step=6755 loss=4.9210
step=6756 loss=3.0805
step=6757 loss=3.6732
step=6758 loss=4.0110
step=6759 loss=3.9434
step=6760 loss=5.3376
step=6761 loss=1.4916
step=6762 loss=0.5016
step=6763 loss=3.9921
step=6764 loss=3.6497
step=6765 loss=3.5479
step=6766 loss=4.4153
step=6767 loss=6.9322
step=6768 loss=4.0295
step=6769 loss=4.0389
step=6770 loss=2.0208
step=6771 loss=4.2721
step=6772 loss=5.2091
step=6773 loss=3.4750
step=6774 loss=3.9333
step=6775 loss=3.4956
step=6776 loss=0.2879
step=6777 loss=0.8965
step=6778 loss=3.5412
step=6779 loss=3.8906
step=6780 loss=2.0531
step=6781 loss=5.6699
step=6782 loss=0.5867
step=6783 loss=3.7648
step=6784 loss=4.5285
step=6785 loss=4.3255
step=6786 loss=3.8271
step=6787 loss=4.3509
step=6788 loss=3.3006
step=6789 loss=3.7597
step=6790 loss=3.7150
step=6791 loss=5.5872
step=6792 loss=5.1726
step=6793 loss=4.1699
step=6794 loss=3.8728
step=6795 loss=3.1203
step=6796 loss=3.3217
step=6797 loss=4.0715
step=6798 loss=4.5405
step=6799 loss=4.8875
step=6800 loss=3.3623
eval_step=6800 eval_loss=3.5067 eval_ppl=33.34
step=6801 loss=3.4455
step=6802 loss=3.5842
step=6803 loss=0.6977
step=6804 loss=3.4816
step=6805 loss=6.8607
step=6806 loss=0.3610
step=6807 loss=4.1378
step=6808 loss=0.4770
step=6809 loss=5.5220
step=6810 loss=4.7106
step=6811 loss=3.3653
step=6812 loss=4.0761
step=6813 loss=6.5274
step=6814 loss=4.2380
step=6815 loss=3.6258
step=6816 loss=3.6884
step=6817 loss=3.1812
step=6818 loss=5.6218
step=6819 loss=0.3687
step=6820 loss=0.6343
step=6821 loss=4.7372
step=6822 loss=0.6013
step=6823 loss=4.3255
step=6824 loss=0.7029
step=6825 loss=4.0037
step=6826 loss=4.8641
step=6827 loss=2.8841
step=6828 loss=4.6388
step=6829 loss=4.6260
step=6830 loss=3.9040
step=6831 loss=4.4242
step=6832 loss=5.2776
step=6833 loss=3.0373
step=6834 loss=4.8060
step=6835 loss=4.7129
step=6836 loss=6.4641
step=6837 loss=3.4402
step=6838 loss=4.2003
step=6839 loss=3.7361
step=6840 loss=3.8586
step=6841 loss=3.1946
step=6842 loss=0.4970
step=6843 loss=4.0439
step=6844 loss=4.2710
step=6845 loss=9.1846
step=6846 loss=3.9192
step=6847 loss=4.7160
step=6848 loss=4.9163
step=6849 loss=3.9457
step=6850 loss=0.4082
step=6851 loss=6.2544
step=6852 loss=6.2406
step=6853 loss=5.3573
step=6854 loss=4.8307
step=6855 loss=3.6760
step=6856 loss=2.0702
step=6857 loss=6.4129
step=6858 loss=3.7926
step=6859 loss=0.4999
step=6860 loss=3.3176
step=6861 loss=1.4548
step=6862 loss=1.7606
step=6863 loss=3.6903
step=6864 loss=4.9733
step=6865 loss=4.1086
step=6866 loss=3.7320
step=6867 loss=4.8730
step=6868 loss=5.0832
step=6869 loss=5.8164
step=6870 loss=4.7603
step=6871 loss=1.1117
step=6872 loss=3.9769
step=6873 loss=0.8111
step=6874 loss=4.1760
step=6875 loss=3.4497
step=6876 loss=0.7490
step=6877 loss=6.3428
step=6878 loss=2.1120
step=6879 loss=3.9545
step=6880 loss=0.4191
step=6881 loss=3.9667
step=6882 loss=3.9506
step=6883 loss=4.0954
step=6884 loss=4.0332
step=6885 loss=1.7425
step=6886 loss=0.4535
step=6887 loss=4.2825
step=6888 loss=3.6779
step=6889 loss=3.5162
step=6890 loss=3.5808
step=6891 loss=3.2120
step=6892 loss=3.4277
step=6893 loss=4.2285
step=6894 loss=5.3678
step=6895 loss=3.8194
step=6896 loss=4.2334
step=6897 loss=0.7261
step=6898 loss=3.9950
step=6899 loss=4.1989
step=6900 loss=3.8343
step=6901 loss=3.8460
step=6902 loss=3.3438
step=6903 loss=3.4671
step=6904 loss=0.5813
step=6905 loss=4.1731
step=6906 loss=3.9563
step=6907 loss=3.6696
step=6908 loss=0.5022
step=6909 loss=3.7300
step=6910 loss=4.5943
step=6911 loss=3.6756
step=6912 loss=4.0778
step=6913 loss=6.5943
step=6914 loss=0.7219
step=6915 loss=4.1308
step=6916 loss=0.2167
step=6917 loss=4.6762
step=6918 loss=4.2928
step=6919 loss=3.8905
step=6920 loss=3.8785
step=6921 loss=1.0098
step=6922 loss=2.8028
step=6923 loss=4.9364
step=6924 loss=3.4944
step=6925 loss=3.7476
step=6926 loss=2.6769
step=6927 loss=0.3626
step=6928 loss=3.8593
step=6929 loss=3.3323
step=6930 loss=8.1055
step=6931 loss=4.2287
step=6932 loss=3.8333
step=6933 loss=3.2847
step=6934 loss=3.6821
step=6935 loss=3.5294
step=6936 loss=4.0295
step=6937 loss=4.2442
step=6938 loss=3.4656
step=6939 loss=3.4029
step=6940 loss=3.4273
step=6941 loss=3.9971
step=6942 loss=0.5804
step=6943 loss=6.7331
step=6944 loss=0.5548
step=6945 loss=3.6567
step=6946 loss=2.3678
step=6947 loss=0.5515
step=6948 loss=4.4590
step=6949 loss=3.8159
step=6950 loss=3.9393
step=6951 loss=6.1548
step=6952 loss=0.6571
step=6953 loss=4.0677
step=6954 loss=4.3130
step=6955 loss=3.9400
step=6956 loss=4.3480
step=6957 loss=5.4153
step=6958 loss=3.6244
step=6959 loss=3.6798
step=6960 loss=3.5771
step=6961 loss=4.6262
step=6962 loss=4.6887
step=6963 loss=5.1562
step=6964 loss=4.0817
step=6965 loss=3.5635
step=6966 loss=3.7885
step=6967 loss=4.0372
step=6968 loss=5.9535
step=6969 loss=4.6923
step=6970 loss=3.6666
step=6971 loss=3.5445
step=6972 loss=4.5360
step=6973 loss=3.5243
step=6974 loss=4.8071
step=6975 loss=3.6493
step=6976 loss=0.6691
step=6977 loss=3.8116
step=6978 loss=3.6598
step=6979 loss=0.3450
step=6980 loss=4.0332
step=6981 loss=0.7869
step=6982 loss=3.7660
step=6983 loss=3.9368
step=6984 loss=3.8095
step=6985 loss=6.2553
step=6986 loss=3.8719
step=6987 loss=3.6025
step=6988 loss=3.4233
step=6989 loss=3.5806
step=6990 loss=3.9792
step=6991 loss=4.1292
step=6992 loss=4.7973
step=6993 loss=5.7992
step=6994 loss=4.0591
step=6995 loss=1.8207
step=6996 loss=2.3491
step=6997 loss=0.3094
step=6998 loss=3.0920
step=6999 loss=5.6776
step=7000 loss=0.5645
eval_step=7000 eval_loss=3.5026 eval_ppl=33.20
step=7001 loss=4.0525
step=7002 loss=3.5994
step=7003 loss=5.6565
step=7004 loss=5.5504
step=7005 loss=3.5423
step=7006 loss=4.1881
step=7007 loss=3.7490
step=7008 loss=1.2919
step=7009 loss=4.0651
step=7010 loss=0.7265
step=7011 loss=0.4602
step=7012 loss=4.5977
step=7013 loss=4.2750
step=7014 loss=3.8177
step=7015 loss=3.6968
step=7016 loss=3.5750
step=7017 loss=2.6167
step=7018 loss=0.4267
step=7019 loss=0.6718
step=7020 loss=3.3774
step=7021 loss=4.9216
step=7022 loss=3.5313
step=7023 loss=5.9902
step=7024 loss=0.4763
step=7025 loss=3.6242
step=7026 loss=0.6473
step=7027 loss=3.5373
step=7028 loss=3.5246
step=7029 loss=0.4604
step=7030 loss=3.1526
step=7031 loss=4.8211
step=7032 loss=3.3817
step=7033 loss=2.0531
step=7034 loss=3.6617
step=7035 loss=4.0259
step=7036 loss=0.6280
step=7037 loss=4.5689
step=7038 loss=4.5835
step=7039 loss=4.0443
step=7040 loss=4.2330
step=7041 loss=5.2177
step=7042 loss=0.1825
step=7043 loss=5.1451
step=7044 loss=0.2857
step=7045 loss=3.7120
step=7046 loss=3.5239
step=7047 loss=3.4632
step=7048 loss=3.5899
step=7049 loss=4.1749
step=7050 loss=3.5421
step=7051 loss=3.7676
step=7052 loss=4.8931
step=7053 loss=3.6883
step=7054 loss=4.0517
step=7055 loss=0.5095
step=7056 loss=3.7728
step=7057 loss=0.6725
step=7058 loss=5.3110
step=7059 loss=5.6616
step=7060 loss=4.5897
step=7061 loss=3.3820
step=7062 loss=5.7466
step=7063 loss=0.4010
step=7064 loss=3.2533
step=7065 loss=0.5313
step=7066 loss=4.8282
step=7067 loss=3.6485
step=7068 loss=3.9360
step=7069 loss=4.2045
step=7070 loss=7.8357
step=7071 loss=4.0157
step=7072 loss=4.2222
step=7073 loss=3.5486
step=7074 loss=3.8269
step=7075 loss=3.8381
step=7076 loss=3.7279
step=7077 loss=3.6761
step=7078 loss=3.7748
step=7079 loss=3.3377
step=7080 loss=3.8615
step=7081 loss=4.0817
step=7082 loss=4.0584
step=7083 loss=3.8371
step=7084 loss=0.2674
step=7085 loss=4.0834
step=7086 loss=3.6539
step=7087 loss=3.9534
step=7088 loss=0.3647
step=7089 loss=4.7909
step=7090 loss=3.9368
step=7091 loss=3.8526
step=7092 loss=4.2274
step=7093 loss=4.4064
step=7094 loss=3.5494
step=7095 loss=3.4815
step=7096 loss=3.8210
step=7097 loss=3.9703
step=7098 loss=0.5581
step=7099 loss=3.6831
step=7100 loss=3.5488
step=7101 loss=3.2034
step=7102 loss=3.6097
step=7103 loss=3.5948
step=7104 loss=0.6104
step=7105 loss=4.4583
step=7106 loss=3.7930
step=7107 loss=7.1042
step=7108 loss=0.6450
step=7109 loss=3.1946
step=7110 loss=0.3291
step=7111 loss=3.5795
step=7112 loss=6.6122
step=7113 loss=7.0602
step=7114 loss=3.7683
step=7115 loss=3.9857
step=7116 loss=4.8650
step=7117 loss=0.6648
step=7118 loss=4.3745
step=7119 loss=8.2622
step=7120 loss=0.2664
step=7121 loss=4.1347
step=7122 loss=4.8260
step=7123 loss=4.0507
step=7124 loss=5.7343
step=7125 loss=0.5978
step=7126 loss=0.3069
step=7127 loss=4.1826
step=7128 loss=3.6157
step=7129 loss=0.3405
step=7130 loss=3.7752
step=7131 loss=3.5207
step=7132 loss=4.1198
step=7133 loss=3.7699
step=7134 loss=4.4912
step=7135 loss=3.5828
step=7136 loss=3.8681
step=7137 loss=5.6435
step=7138 loss=4.0158
step=7139 loss=3.0223
step=7140 loss=3.6477
step=7141 loss=3.8046
step=7142 loss=3.6611
step=7143 loss=3.9474
step=7144 loss=4.1111
step=7145 loss=3.5332
step=7146 loss=0.4179
step=7147 loss=3.8367
step=7148 loss=3.8850
step=7149 loss=0.4862
step=7150 loss=3.8367
step=7151 loss=3.8524
step=7152 loss=0.4658
step=7153 loss=3.5337
step=7154 loss=5.2929
step=7155 loss=4.9161
step=7156 loss=3.6921
step=7157 loss=3.8559
step=7158 loss=3.5079
step=7159 loss=3.1138
step=7160 loss=3.5339
step=7161 loss=4.5675
step=7162 loss=4.2071
step=7163 loss=5.0097
step=7164 loss=3.5495
step=7165 loss=4.4075
step=7166 loss=3.5334
step=7167 loss=4.9868
step=7168 loss=3.8168
step=7169 loss=3.8491
step=7170 loss=1.0387
step=7171 loss=4.6450
step=7172 loss=0.7249
step=7173 loss=3.4557
step=7174 loss=4.1592
step=7175 loss=4.0531
step=7176 loss=4.6359
step=7177 loss=3.4169
step=7178 loss=3.9439
step=7179 loss=4.2378
step=7180 loss=3.7142
step=7181 loss=3.6909
step=7182 loss=4.6154
step=7183 loss=4.3153
step=7184 loss=4.8381
step=7185 loss=3.9617
step=7186 loss=7.0596
step=7187 loss=0.3169
step=7188 loss=4.3380
step=7189 loss=3.8538
step=7190 loss=3.4942
step=7191 loss=0.3062
step=7192 loss=4.2279
step=7193 loss=1.1319
step=7194 loss=4.0093
step=7195 loss=4.2590
step=7196 loss=3.7480
step=7197 loss=5.6636
step=7198 loss=6.2653
step=7199 loss=4.1396
step=7200 loss=2.8057
eval_step=7200 eval_loss=3.4992 eval_ppl=33.09
step=7201 loss=0.5507
step=7202 loss=0.3342
step=7203 loss=0.2541
step=7204 loss=2.3751
step=7205 loss=5.0981
step=7206 loss=0.3354
step=7207 loss=3.5511
step=7208 loss=3.5307
step=7209 loss=4.6915
step=7210 loss=7.5472
step=7211 loss=3.8394
step=7212 loss=3.8192
step=7213 loss=3.9950
step=7214 loss=3.8767
step=7215 loss=3.7418
step=7216 loss=5.4814
step=7217 loss=3.3196
step=7218 loss=3.7867
step=7219 loss=0.3352
step=7220 loss=0.3569
step=7221 loss=5.6264
step=7222 loss=3.6287
step=7223 loss=0.2975
step=7224 loss=3.3057
step=7225 loss=3.7264
step=7226 loss=4.7236
step=7227 loss=3.8008
step=7228 loss=4.0028
step=7229 loss=4.0625
step=7230 loss=2.0376
step=7231 loss=3.8709
step=7232 loss=3.9461
step=7233 loss=0.6131
step=7234 loss=4.2954
step=7235 loss=3.5740
step=7236 loss=4.0960
step=7237 loss=3.9869
step=7238 loss=3.7522
step=7239 loss=3.6114
step=7240 loss=0.5316
step=7241 loss=4.0426
step=7242 loss=4.6001
step=7243 loss=4.3403
step=7244 loss=0.6056
step=7245 loss=3.4553
step=7246 loss=3.0477
step=7247 loss=3.7385
step=7248 loss=4.1369
step=7249 loss=3.2051
step=7250 loss=3.8034
step=7251 loss=3.6840
step=7252 loss=0.2165
step=7253 loss=3.8260
step=7254 loss=3.7011
step=7255 loss=3.8583
step=7256 loss=3.5638
step=7257 loss=3.7140
step=7258 loss=3.7816
step=7259 loss=3.4645
step=7260 loss=0.2473
step=7261 loss=5.2464
step=7262 loss=3.7311
step=7263 loss=5.0782
step=7264 loss=3.7735
step=7265 loss=0.4790
step=7266 loss=6.3339
step=7267 loss=3.8873
step=7268 loss=4.7787
step=7269 loss=6.0149
step=7270 loss=4.3970
step=7271 loss=0.5413
step=7272 loss=3.5039
step=7273 loss=4.5632
step=7274 loss=3.4209
step=7275 loss=5.1482
step=7276 loss=0.4772
step=7277 loss=6.3857
step=7278 loss=4.4208
step=7279 loss=4.0150
step=7280 loss=3.9797
step=7281 loss=4.2317
step=7282 loss=3.9214
step=7283 loss=4.1185
step=7284 loss=0.4507
step=7285 loss=3.9145
step=7286 loss=3.8100
step=7287 loss=3.5730
step=7288 loss=5.5269
step=7289 loss=3.6679
step=7290 loss=4.0191
step=7291 loss=2.9069
step=7292 loss=5.9718
step=7293 loss=4.5803
step=7294 loss=4.0098
step=7295 loss=5.8223
step=7296 loss=3.4320
step=7297 loss=3.4827
step=7298 loss=0.6203
step=7299 loss=3.7943
step=7300 loss=3.7727
step=7301 loss=3.0609
step=7302 loss=4.2380
step=7303 loss=3.8630
step=7304 loss=3.6134
step=7305 loss=5.4153
step=7306 loss=6.0393
step=7307 loss=0.4056
step=7308 loss=4.5616
step=7309 loss=3.1088
step=7310 loss=3.8197
step=7311 loss=3.8066
step=7312 loss=0.5017
step=7313 loss=0.4039
step=7314 loss=3.8183
step=7315 loss=0.6088
step=7316 loss=4.3045
step=7317 loss=3.9344
step=7318 loss=6.0180
step=7319 loss=3.7694
step=7320 loss=4.9983
step=7321 loss=3.3207
step=7322 loss=0.2635
step=7323 loss=3.4985
step=7324 loss=3.9540
step=7325 loss=3.9044
step=7326 loss=4.1865
step=7327 loss=3.4291
step=7328 loss=3.7171
step=7329 loss=3.7531
step=7330 loss=0.2467
step=7331 loss=4.3729
step=7332 loss=3.1241
step=7333 loss=3.7848
step=7334 loss=3.1317
step=7335 loss=0.5658
step=7336 loss=3.3282
step=7337 loss=3.5142
step=7338 loss=4.5574
step=7339 loss=3.9832
step=7340 loss=4.8863
step=7341 loss=3.6721
step=7342 loss=3.5930
step=7343 loss=5.5733
step=7344 loss=3.9379
step=7345 loss=3.2878
step=7346 loss=1.3255
step=7347 loss=1.6154
step=7348 loss=4.4277
step=7349 loss=1.6078
step=7350 loss=3.7355
step=7351 loss=3.4510
step=7352 loss=0.2327
step=7353 loss=3.4787
step=7354 loss=4.0072
step=7355 loss=4.4557
step=7356 loss=4.4420
step=7357 loss=3.5289
step=7358 loss=4.1951
step=7359 loss=4.8509
step=7360 loss=0.4911
step=7361 loss=3.6525
step=7362 loss=0.6381
step=7363 loss=3.8530
step=7364 loss=4.5815
step=7365 loss=3.5811
step=7366 loss=4.0756
step=7367 loss=3.5136
step=7368 loss=4.2735
step=7369 loss=3.7702
step=7370 loss=3.2171
step=7371 loss=3.2129
step=7372 loss=4.4048
step=7373 loss=4.0171
step=7374 loss=4.5379
step=7375 loss=4.4928
step=7376 loss=4.3896
step=7377 loss=4.1242
step=7378 loss=3.8417
step=7379 loss=5.2545
step=7380 loss=3.2568
step=7381 loss=4.2917
step=7382 loss=0.2988
step=7383 loss=0.5434
step=7384 loss=0.3944
step=7385 loss=4.1315
step=7386 loss=3.0339
step=7387 loss=7.2113
step=7388 loss=3.9364
step=7389 loss=0.2535
step=7390 loss=3.4001
step=7391 loss=0.4113
step=7392 loss=2.8599
step=7393 loss=4.1587
step=7394 loss=3.5081
step=7395 loss=3.2676
step=7396 loss=4.8004
step=7397 loss=6.4926
step=7398 loss=3.4979
step=7399 loss=4.3455
step=7400 loss=4.5695
eval_step=7400 eval_loss=3.4961 eval_ppl=32.99
step=7401 loss=5.7215
step=7402 loss=4.2777
step=7403 loss=0.4530
step=7404 loss=3.7564
step=7405 loss=3.5361
step=7406 loss=0.3329
step=7407 loss=4.4057
step=7408 loss=0.4022
step=7409 loss=3.8324
step=7410 loss=4.4245
step=7411 loss=4.5729
step=7412 loss=0.3787
step=7413 loss=1.0376
step=7414 loss=3.5444
step=7415 loss=4.1401
step=7416 loss=5.4327
step=7417 loss=5.8404
step=7418 loss=3.4559
step=7419 loss=3.9190
step=7420 loss=3.9448
step=7421 loss=3.1216
step=7422 loss=5.9728
step=7423 loss=5.9107
step=7424 loss=0.3313
step=7425 loss=3.4113
step=7426 loss=0.3355
step=7427 loss=3.3645
step=7428 loss=3.8504
step=7429 loss=5.1313
step=7430 loss=0.1847
step=7431 loss=2.1866
step=7432 loss=3.7425
step=7433 loss=0.2136
step=7434 loss=3.9103
step=7435 loss=4.3296
step=7436 loss=4.6848
step=7437 loss=4.9281
step=7438 loss=3.5768
step=7439 loss=3.6878
step=7440 loss=3.7877
step=7441 loss=2.8537
step=7442 loss=3.9115
step=7443 loss=0.3216
step=7444 loss=4.1942
step=7445 loss=3.8910
step=7446 loss=6.3429
step=7447 loss=0.1956
step=7448 loss=3.5181
step=7449 loss=4.9942
step=7450 loss=3.2695
step=7451 loss=3.7845
step=7452 loss=4.1137
step=7453 loss=6.4048
step=7454 loss=0.2393
step=7455 loss=3.5620
step=7456 loss=3.0456
step=7457 loss=3.7370
step=7458 loss=3.4411
step=7459 loss=6.3982
step=7460 loss=4.8743
step=7461 loss=3.7411
step=7462 loss=0.3548
step=7463 loss=3.8644
step=7464 loss=0.9597
step=7465 loss=3.9185
step=7466 loss=5.7455
step=7467 loss=3.2467
step=7468 loss=3.6756
step=7469 loss=3.4538
step=7470 loss=8.1689
step=7471 loss=4.0181
step=7472 loss=3.7320
step=7473 loss=6.9380
step=7474 loss=3.4584
step=7475 loss=0.4045
step=7476 loss=3.6617
step=7477 loss=4.3226
step=7478 loss=2.9973
step=7479 loss=0.3370
step=7480 loss=3.7493
step=7481 loss=3.2599
step=7482 loss=0.5367
step=7483 loss=3.4065
step=7484 loss=5.3202
step=7485 loss=0.2193
step=7486 loss=3.7222
step=7487 loss=3.8305
step=7488 loss=4.3618
step=7489 loss=4.4121
step=7490 loss=0.6666
step=7491 loss=3.6506
step=7492 loss=3.6119
step=7493 loss=0.4447
step=7494 loss=3.8265
step=7495 loss=0.2538
step=7496 loss=4.0036
step=7497 loss=0.8461
step=7498 loss=0.5486
step=7499 loss=5.4178
step=7500 loss=3.7409
step=7501 loss=3.1583
step=7502 loss=0.4586
step=7503 loss=3.3208
step=7504 loss=3.8363
step=7505 loss=3.4795
step=7506 loss=3.5136
step=7507 loss=0.2950
step=7508 loss=5.7149
step=7509 loss=3.6254
step=7510 loss=3.6532
step=7511 loss=0.4482
step=7512 loss=3.4500
step=7513 loss=3.7161
step=7514 loss=4.0410
step=7515 loss=4.7460
step=7516 loss=4.4411
step=7517 loss=3.8034
step=7518 loss=3.4380
step=7519 loss=3.7034
step=7520 loss=5.4892
step=7521 loss=1.2432
step=7522 loss=0.5115
step=7523 loss=4.2746
step=7524 loss=5.7335
step=7525 loss=4.3071
step=7526 loss=0.3664
step=7527 loss=4.3093
step=7528 loss=0.2147
step=7529 loss=3.1917
step=7530 loss=0.2553
step=7531 loss=5.2064
step=7532 loss=1.8253
step=7533 loss=4.5945
step=7534 loss=0.1975
step=7535 loss=0.5678
step=7536 loss=4.5341
step=7537 loss=3.4432
step=7538 loss=3.9853
step=7539 loss=4.3416
step=7540 loss=4.2444
step=7541 loss=0.4882
step=7542 loss=3.2660
step=7543 loss=3.7841
step=7544 loss=3.9711
step=7545 loss=3.8318
step=7546 loss=5.8865
step=7547 loss=4.6344
step=7548 loss=4.1655
step=7549 loss=6.8217
step=7550 loss=4.2513
step=7551 loss=3.6087
step=7552 loss=0.5269
step=7553 loss=0.2608
step=7554 loss=4.2714
step=7555 loss=3.9571
step=7556 loss=5.6837
step=7557 loss=0.3187
step=7558 loss=3.4919
step=7559 loss=3.8150
step=7560 loss=3.7682
step=7561 loss=3.3619
step=7562 loss=3.7830
step=7563 loss=4.4021
step=7564 loss=2.8607
step=7565 loss=3.7311
step=7566 loss=2.9578
step=7567 loss=3.2800
step=7568 loss=0.3814
step=7569 loss=3.5610
step=7570 loss=4.2814
step=7571 loss=3.1780
step=7572 loss=0.3748
step=7573 loss=5.1893
step=7574 loss=2.6005
step=7575 loss=3.6932
step=7576 loss=4.6558
step=7577 loss=5.1806
step=7578 loss=3.3492
step=7579 loss=3.4022
step=7580 loss=3.2567
step=7581 loss=4.5934
step=7582 loss=3.3143
step=7583 loss=4.3815
step=7584 loss=4.9205
step=7585 loss=3.9461
step=7586 loss=3.3308
step=7587 loss=0.1768
step=7588 loss=3.9050
step=7589 loss=3.6796
step=7590 loss=3.4117
step=7591 loss=0.2214
step=7592 loss=4.3534
step=7593 loss=3.9892
step=7594 loss=0.2915
step=7595 loss=3.0027
step=7596 loss=3.8847
step=7597 loss=3.9524
step=7598 loss=4.6528
step=7599 loss=6.1724
step=7600 loss=1.4650
eval_step=7600 eval_loss=3.4936 eval_ppl=32.90
step=7601 loss=3.0398
step=7602 loss=4.1204
step=7603 loss=3.4621
step=7604 loss=0.2410
step=7605 loss=4.5618
step=7606 loss=4.4249
step=7607 loss=3.8756
step=7608 loss=4.0859
step=7609 loss=0.3783
step=7610 loss=3.7040
step=7611 loss=4.4754
step=7612 loss=3.8640
step=7613 loss=3.3483
step=7614 loss=5.9820
step=7615 loss=3.8062
step=7616 loss=5.9896
step=7617 loss=4.3525
step=7618 loss=0.2652
step=7619 loss=5.7012
step=7620 loss=5.4916
step=7621 loss=4.5723
step=7622 loss=4.1719
step=7623 loss=5.7446
step=7624 loss=6.6965
step=7625 loss=3.6875
step=7626 loss=4.2836
step=7627 loss=4.1625
step=7628 loss=0.2168
step=7629 loss=5.3115
step=7630 loss=4.2317
step=7631 loss=0.3784
step=7632 loss=0.4495
step=7633 loss=6.6787
step=7634 loss=4.3651
step=7635 loss=3.2395
step=7636 loss=4.1342
step=7637 loss=4.0147
step=7638 loss=3.5707
step=7639 loss=3.7002
step=7640 loss=3.6488
step=7641 loss=6.5470
step=7642 loss=5.0523
step=7643 loss=3.1805
step=7644 loss=0.6510
step=7645 loss=5.7380
step=7646 loss=4.7505
step=7647 loss=4.0283
step=7648 loss=4.4182
step=7649 loss=0.3262
step=7650 loss=4.3428
step=7651 loss=0.6398
step=7652 loss=0.3113
step=7653 loss=0.4561
step=7654 loss=4.0425
step=7655 loss=3.6009
step=7656 loss=3.6038
step=7657 loss=3.6779
step=7658 loss=3.7136
step=7659 loss=4.5994
step=7660 loss=3.2920
step=7661 loss=5.1717
step=7662 loss=3.2787
step=7663 loss=3.7465
step=7664 loss=0.5389
step=7665 loss=5.7709
step=7666 loss=4.7554
step=7667 loss=3.5622
step=7668 loss=3.3587
step=7669 loss=5.8893
step=7670 loss=4.0265
step=7671 loss=1.9829
step=7672 loss=0.1364
step=7673 loss=3.5499
step=7674 loss=0.4343
step=7675 loss=0.3522
step=7676 loss=3.8286
step=7677 loss=0.7251
step=7678 loss=3.9583
step=7679 loss=3.8137
step=7680 loss=4.4451
step=7681 loss=3.4869
step=7682 loss=0.5085
step=7683 loss=3.6364
step=7684 loss=3.9480
step=7685 loss=4.3745
step=7686 loss=4.5906
step=7687 loss=0.4576
step=7688 loss=6.3778
step=7689 loss=3.9207
step=7690 loss=3.2882
step=7691 loss=4.0100
step=7692 loss=0.0904
step=7693 loss=2.8341
step=7694 loss=0.3674
step=7695 loss=3.5236
step=7696 loss=3.9536
step=7697 loss=0.2534
step=7698 loss=4.7803
step=7699 loss=0.3513
step=7700 loss=3.6312
step=7701 loss=4.3743
step=7702 loss=3.9623
step=7703 loss=3.6781
step=7704 loss=0.4308
step=7705 loss=3.9418
step=7706 loss=4.3044
step=7707 loss=3.2028
step=7708 loss=3.7743
step=7709 loss=4.8471
step=7710 loss=3.8965
step=7711 loss=5.0194
step=7712 loss=4.0225
step=7713 loss=3.8597
step=7714 loss=4.0345
step=7715 loss=3.6464
step=7716 loss=4.0243
step=7717 loss=3.8098
step=7718 loss=0.3067
step=7719 loss=4.1073
step=7720 loss=3.6998
step=7721 loss=3.2510
step=7722 loss=5.4952
step=7723 loss=5.0223
step=7724 loss=3.4056
step=7725 loss=3.4619
step=7726 loss=0.1839
step=7727 loss=0.3086
step=7728 loss=5.3641
step=7729 loss=3.8684
step=7730 loss=3.7579
step=7731 loss=4.0477
step=7732 loss=3.5420
step=7733 loss=0.3389
step=7734 loss=3.4178
step=7735 loss=1.8459
step=7736 loss=4.1620
step=7737 loss=4.3881
step=7738 loss=4.0836
step=7739 loss=3.1935
step=7740 loss=4.0912
step=7741 loss=3.1352
step=7742 loss=4.2582
step=7743 loss=3.9667
step=7744 loss=3.8200
step=7745 loss=3.9255
step=7746 loss=7.2757
step=7747 loss=3.3230
step=7748 loss=3.6021
step=7749 loss=4.0174
step=7750 loss=3.8212
step=7751 loss=4.0420
step=7752 loss=0.4893
step=7753 loss=0.2234
step=7754 loss=0.6546
step=7755 loss=3.1115
step=7756 loss=3.7338
step=7757 loss=3.8322
step=7758 loss=2.9796
step=7759 loss=3.6714
step=7760 loss=4.4644
step=7761 loss=4.2574
step=7762 loss=3.6625
step=7763 loss=0.2027
step=7764 loss=3.8526
step=7765 loss=3.9829
step=7766 loss=3.6896
step=7767 loss=3.7308
step=7768 loss=4.4319
step=7769 loss=4.2961
step=7770 loss=4.4783
step=7771 loss=3.5882
step=7772 loss=4.1213
step=7773 loss=4.0853
step=7774 loss=5.4730
step=7775 loss=4.1763
step=7776 loss=4.7400
step=7777 loss=4.1428
step=7778 loss=4.9521
step=7779 loss=4.1723
step=7780 loss=3.5949
step=7781 loss=0.4482
step=7782 loss=4.0660
step=7783 loss=4.0543
step=7784 loss=4.0984
step=7785 loss=0.3934
step=7786 loss=0.5638
step=7787 loss=2.9320
step=7788 loss=4.1748
step=7789 loss=2.0477
step=7790 loss=3.7938
step=7791 loss=3.9870
step=7792 loss=3.4941
step=7793 loss=6.9037
step=7794 loss=0.2211
step=7795 loss=4.4072
step=7796 loss=0.1425
step=7797 loss=4.6122
step=7798 loss=4.4143
step=7799 loss=0.4918
step=7800 loss=2.8668
eval_step=7800 eval_loss=3.4905 eval_ppl=32.80
step=7801 loss=5.2573
step=7802 loss=3.6136
step=7803 loss=3.9805
step=7804 loss=3.4974
step=7805 loss=3.2758
step=7806 loss=3.5783
step=7807 loss=3.9825
step=7808 loss=5.3792
step=7809 loss=3.2830
step=7810 loss=3.6448
step=7811 loss=3.9646
step=7812 loss=0.1952
step=7813 loss=0.9315
step=7814 loss=3.3527
step=7815 loss=4.3231
step=7816 loss=3.2487
step=7817 loss=5.9863
step=7818 loss=3.6400
step=7819 loss=3.5005
step=7820 loss=3.9870
step=7821 loss=4.1085
step=7822 loss=5.9196
step=7823 loss=3.9758
step=7824 loss=3.6080
step=7825 loss=0.4456
step=7826 loss=4.3973
step=7827 loss=5.3973
step=7828 loss=3.8964
step=7829 loss=3.4659
step=7830 loss=0.6336
step=7831 loss=5.9541
step=7832 loss=3.9705
step=7833 loss=0.4127
step=7834 loss=4.1339
step=7835 loss=3.2407
step=7836 loss=3.4998
step=7837 loss=5.3617
step=7838 loss=0.2773
step=7839 loss=3.8224
step=7840 loss=4.0172
step=7841 loss=0.2107
step=7842 loss=4.8632
step=7843 loss=2.9833
step=7844 loss=4.4402
step=7845 loss=6.6111
step=7846 loss=0.4184
step=7847 loss=3.5062
step=7848 loss=0.6570
step=7849 loss=5.6951
step=7850 loss=3.7142
step=7851 loss=3.4797
step=7852 loss=3.8732
step=7853 loss=6.6946
step=7854 loss=5.1131
step=7855 loss=3.9188
step=7856 loss=5.3496
step=7857 loss=4.6268
step=7858 loss=0.1833
step=7859 loss=3.3634
step=7860 loss=3.4887
step=7861 loss=4.0644
step=7862 loss=0.9552
step=7863 loss=3.1902
step=7864 loss=3.9409
step=7865 loss=3.8708
step=7866 loss=5.1688
step=7867 loss=3.5575
step=7868 loss=6.9865
step=7869 loss=4.2665
step=7870 loss=3.5711
step=7871 loss=3.2057
step=7872 loss=3.1049
step=7873 loss=3.7266
step=7874 loss=3.4434
step=7875 loss=3.2312
step=7876 loss=4.9474
step=7877 loss=3.5335
step=7878 loss=3.1865
step=7879 loss=3.4590
step=7880 loss=3.1333
step=7881 loss=0.4020
step=7882 loss=4.3523
step=7883 loss=4.9708
step=7884 loss=4.0906
step=7885 loss=6.3184
step=7886 loss=0.4473
step=7887 loss=3.6341
step=7888 loss=4.6164
step=7889 loss=3.7011
step=7890 loss=5.0873
step=7891 loss=0.5094
step=7892 loss=4.0963
step=7893 loss=0.2366
step=7894 loss=3.1858
step=7895 loss=3.3133
step=7896 loss=3.3195
step=7897 loss=3.1905
step=7898 loss=4.9889
step=7899 loss=4.1635
step=7900 loss=4.2727
step=7901 loss=3.4685
step=7902 loss=7.0462
step=7903 loss=3.3064
step=7904 loss=4.7741
step=7905 loss=4.5559
step=7906 loss=2.0387
step=7907 loss=3.5926
step=7908 loss=3.6173
step=7909 loss=3.7425
step=7910 loss=3.4504
step=7911 loss=3.5322
step=7912 loss=4.6072
step=7913 loss=3.9814
step=7914 loss=3.3430
step=7915 loss=7.7565
step=7916 loss=3.6061
step=7917 loss=3.7857
step=7918 loss=4.1777
step=7919 loss=4.3765
step=7920 loss=0.4875
step=7921 loss=3.4555
step=7922 loss=3.4680
step=7923 loss=0.4815
step=7924 loss=2.9596
step=7925 loss=3.9265
step=7926 loss=5.9041
step=7927 loss=3.7154
step=7928 loss=3.1865
step=7929 loss=3.5313
step=7930 loss=4.0795
step=7931 loss=3.7259
step=7932 loss=3.8776
step=7933 loss=3.6623
step=7934 loss=3.7014
step=7935 loss=0.6332
step=7936 loss=4.2868
step=7937 loss=4.1118
step=7938 loss=3.7333
step=7939 loss=4.6823
step=7940 loss=3.4122
step=7941 loss=0.0958
step=7942 loss=4.1665
step=7943 loss=3.2724
step=7944 loss=3.1770
step=7945 loss=3.9955
step=7946 loss=3.6155
step=7947 loss=3.2104
step=7948 loss=3.3890
step=7949 loss=4.1203
step=7950 loss=0.4436
step=7951 loss=4.6942
step=7952 loss=0.2932
step=7953 loss=0.2499
step=7954 loss=3.5236
step=7955 loss=0.3089
step=7956 loss=4.9566
step=7957 loss=3.7059
step=7958 loss=0.3021
step=7959 loss=4.7991
step=7960 loss=3.4310
step=7961 loss=4.9213
step=7962 loss=5.1636
step=7963 loss=4.8430
step=7964 loss=2.9870
step=7965 loss=5.3171
step=7966 loss=4.0094
step=7967 loss=3.7390
step=7968 loss=3.5018
step=7969 loss=3.9527
step=7970 loss=3.9367
step=7971 loss=0.9600
step=7972 loss=4.9826
step=7973 loss=3.6260
step=7974 loss=3.0809
step=7975 loss=4.2722
step=7976 loss=0.7366
step=7977 loss=3.7719
step=7978 loss=3.9374
step=7979 loss=3.8099
step=7980 loss=4.3443
step=7981 loss=3.8822
step=7982 loss=5.5228
step=7983 loss=3.1891
step=7984 loss=4.2947
step=7985 loss=4.0601
step=7986 loss=0.2815
step=7987 loss=4.3240
step=7988 loss=4.6424
step=7989 loss=2.0259
step=7990 loss=3.2622
step=7991 loss=8.0123
step=7992 loss=3.5543
step=7993 loss=0.2713
step=7994 loss=3.9204
step=7995 loss=4.8127
step=7996 loss=3.8995
step=7997 loss=3.5717
step=7998 loss=4.1461
step=7999 loss=4.1693
step=8000 loss=0.4432
eval_step=8000 eval_loss=3.4883 eval_ppl=32.73
step=8001 loss=3.5351
step=8002 loss=4.2753
step=8003 loss=4.3080
step=8004 loss=3.3213
step=8005 loss=6.8667
step=8006 loss=1.1164
step=8007 loss=3.2444
step=8008 loss=5.6187
step=8009 loss=4.1785
step=8010 loss=3.3672
step=8011 loss=4.1665
step=8012 loss=4.2817
step=8013 loss=3.8455
step=8014 loss=4.2566
step=8015 loss=3.9610
step=8016 loss=3.4296
step=8017 loss=3.7068
step=8018 loss=3.5727
step=8019 loss=4.4866
step=8020 loss=3.9396
step=8021 loss=3.3503
step=8022 loss=3.5325
step=8023 loss=0.1353
step=8024 loss=3.9801
step=8025 loss=0.2775
step=8026 loss=4.7866
step=8027 loss=3.9610
step=8028 loss=0.1712
step=8029 loss=3.9017
step=8030 loss=1.0313
step=8031 loss=5.1385
step=8032 loss=3.9708
step=8033 loss=3.7377
step=8034 loss=3.3995
step=8035 loss=3.4312
step=8036 loss=3.5490
step=8037 loss=3.3570
step=8038 loss=3.2398
step=8039 loss=3.6224
step=8040 loss=0.1571
step=8041 loss=5.9700
step=8042 loss=0.8278
step=8043 loss=0.9378
step=8044 loss=3.8442
step=8045 loss=3.7844
step=8046 loss=6.0099
step=8047 loss=4.1549
step=8048 loss=4.8987
step=8049 loss=3.6079
step=8050 loss=3.2429
step=8051 loss=0.1311
step=8052 loss=0.3160
step=8053 loss=3.7544
step=8054 loss=3.6406
step=8055 loss=4.5553
step=8056 loss=3.6147
step=8057 loss=3.6982
step=8058 loss=3.1019
step=8059 loss=3.4245
step=8060 loss=0.3506
step=8061 loss=4.0338
step=8062 loss=4.1029
step=8063 loss=4.1563
step=8064 loss=3.7697
step=8065 loss=1.6895
step=8066 loss=3.7656
step=8067 loss=3.7784
step=8068 loss=3.5779
step=8069 loss=3.1238
step=8070 loss=6.4369
step=8071 loss=3.6298
step=8072 loss=3.8611
step=8073 loss=0.3798
step=8074 loss=4.4485
step=8075 loss=3.3404
step=8076 loss=4.0869
step=8077 loss=3.5365
step=8078 loss=3.9337
step=8079 loss=4.2004
step=8080 loss=2.8851
step=8081 loss=5.5949
step=8082 loss=1.9663
step=8083 loss=3.4469
step=8084 loss=0.3098
step=8085 loss=3.0198
step=8086 loss=4.2540
step=8087 loss=3.5828
step=8088 loss=3.7163
step=8089 loss=3.5316
step=8090 loss=4.0873
step=8091 loss=3.9996
step=8092 loss=0.1942
step=8093 loss=3.5783
step=8094 loss=4.3080
step=8095 loss=3.3206
step=8096 loss=4.1700
step=8097 loss=0.3087
step=8098 loss=3.6099
step=8099 loss=3.7824
step=8100 loss=0.2520
step=8101 loss=4.4474
step=8102 loss=4.7445
step=8103 loss=4.2694
step=8104 loss=0.1064
step=8105 loss=3.5614
step=8106 loss=3.5804
step=8107 loss=4.8245
step=8108 loss=3.8681
step=8109 loss=4.4890
step=8110 loss=4.2306
step=8111 loss=3.7055
step=8112 loss=3.9093
step=8113 loss=0.5556
step=8114 loss=3.5202
step=8115 loss=3.9699
step=8116 loss=4.0703
step=8117 loss=0.5318
step=8118 loss=3.3483
step=8119 loss=5.1961
step=8120 loss=4.4068
step=8121 loss=5.4076
step=8122 loss=3.9188
step=8123 loss=6.7993
step=8124 loss=3.5831
step=8125 loss=3.4263
step=8126 loss=3.8853
step=8127 loss=0.2960
step=8128 loss=3.7419
step=8129 loss=0.1176
step=8130 loss=4.3794
step=8131 loss=3.7149
step=8132 loss=3.8853
step=8133 loss=3.9462
step=8134 loss=3.4292
step=8135 loss=4.9775
step=8136 loss=3.4371
step=8137 loss=3.6630
step=8138 loss=3.9551
step=8139 loss=3.6932
step=8140 loss=3.4463
step=8141 loss=3.2493
step=8142 loss=3.2331
step=8143 loss=6.3107
step=8144 loss=0.7855
step=8145 loss=3.8246
step=8146 loss=3.6013
step=8147 loss=3.8513
step=8148 loss=3.7677
step=8149 loss=3.4512
step=8150 loss=4.5005
step=8151 loss=3.8172
step=8152 loss=0.4958
step=8153 loss=3.9649
step=8154 loss=5.7929
step=8155 loss=3.6994
step=8156 loss=0.6215
step=8157 loss=5.0678
step=8158 loss=4.0132
step=8159 loss=0.8984
step=8160 loss=3.7356
step=8161 loss=3.8546
step=8162 loss=3.6548
step=8163 loss=3.9421
step=8164 loss=0.4045
step=8165 loss=4.3901
step=8166 loss=2.9866
step=8167 loss=0.3247
step=8168 loss=0.3610
step=8169 loss=4.1546
step=8170 loss=3.8104
step=8171 loss=3.9077
step=8172 loss=3.9560
step=8173 loss=4.0467
step=8174 loss=4.4311
step=8175 loss=4.2496
step=8176 loss=4.3372
step=8177 loss=3.3129
step=8178 loss=0.2621
step=8179 loss=3.9631
step=8180 loss=3.6499
step=8181 loss=0.2425
step=8182 loss=0.3547
step=8183 loss=5.9653
step=8184 loss=0.1964
step=8185 loss=0.3267
step=8186 loss=4.5392
step=8187 loss=8.3329
step=8188 loss=5.4528
step=8189 loss=3.8901
step=8190 loss=3.3380
step=8191 loss=4.5638
step=8192 loss=5.3991
step=8193 loss=3.9213
step=8194 loss=0.2839
step=8195 loss=4.0427
step=8196 loss=5.3927
step=8197 loss=3.5204
step=8198 loss=0.4739
step=8199 loss=4.0545
step=8200 loss=3.7715
eval_step=8200 eval_loss=3.4857 eval_ppl=32.64
step=8201 loss=4.3875
step=8202 loss=3.4453
step=8203 loss=0.3508
step=8204 loss=3.8239
step=8205 loss=3.5104
step=8206 loss=3.1254
step=8207 loss=4.2103
step=8208 loss=4.3078
step=8209 loss=3.5714
step=8210 loss=4.7799
step=8211 loss=5.2582
step=8212 loss=0.3970
step=8213 loss=6.8468
step=8214 loss=3.1654
step=8215 loss=3.7898
step=8216 loss=0.1311
step=8217 loss=3.7262
step=8218 loss=0.3443
step=8219 loss=2.9651
step=8220 loss=6.6902
step=8221 loss=6.3091
step=8222 loss=3.8886
step=8223 loss=3.7706
step=8224 loss=4.4820
step=8225 loss=3.7350
step=8226 loss=3.8712
step=8227 loss=0.2799
step=8228 loss=0.7938
step=8229 loss=4.0364
step=8230 loss=4.0675
step=8231 loss=6.0554
step=8232 loss=1.0974
step=8233 loss=4.3367
step=8234 loss=4.3024
step=8235 loss=4.3777
step=8236 loss=4.0577
step=8237 loss=5.0895
step=8238 loss=3.6313
step=8239 loss=4.4357
step=8240 loss=4.9297
step=8241 loss=3.9332
step=8242 loss=4.5337
step=8243 loss=3.8507
step=8244 loss=5.8110
step=8245 loss=4.0495
step=8246 loss=3.7422
step=8247 loss=0.2422
step=8248 loss=3.6103
step=8249 loss=0.1928
step=8250 loss=3.8607
step=8251 loss=3.5425
step=8252 loss=3.7549
step=8253 loss=0.3125
step=8254 loss=0.2779
step=8255 loss=6.6790
step=8256 loss=3.3539
step=8257 loss=3.5527
step=8258 loss=0.3833
step=8259 loss=0.9797
step=8260 loss=3.9583
step=8261 loss=4.0242
step=8262 loss=3.3226
step=8263 loss=3.6876
step=8264 loss=4.1475
step=8265 loss=3.7103
step=8266 loss=4.1348
step=8267 loss=2.6808
step=8268 loss=3.3206
step=8269 loss=3.4661
step=8270 loss=3.2508
step=8271 loss=4.1818
step=8272 loss=3.5084
step=8273 loss=3.7542
step=8274 loss=3.8524
step=8275 loss=3.5631
step=8276 loss=5.7494
step=8277 loss=3.7045
step=8278 loss=3.6605
step=8279 loss=0.7337
step=8280 loss=3.6937
step=8281 loss=3.5781
step=8282 loss=3.5410
step=8283 loss=4.1040
step=8284 loss=3.4525
step=8285 loss=3.1857
step=8286 loss=0.1914
step=8287 loss=3.6254
step=8288 loss=0.4448
step=8289 loss=5.2015
step=8290 loss=4.3308
step=8291 loss=0.3066
step=8292 loss=3.5663
step=8293 loss=0.2873
step=8294 loss=4.6009
step=8295 loss=2.9391
step=8296 loss=3.8627
step=8297 loss=3.9657
step=8298 loss=0.2443
step=8299 loss=4.8511
step=8300 loss=3.3525
step=8301 loss=3.2823
step=8302 loss=2.9869
step=8303 loss=3.8287
step=8304 loss=5.1137
step=8305 loss=3.6590
step=8306 loss=3.6682
step=8307 loss=3.7998
step=8308 loss=3.9866
step=8309 loss=4.2842
step=8310 loss=0.1297
step=8311 loss=0.5972
step=8312 loss=3.6115
step=8313 loss=0.7772
step=8314 loss=5.6251
step=8315 loss=5.1347
step=8316 loss=0.2210
step=8317 loss=3.7275
step=8318 loss=3.5819
step=8319 loss=0.4474
step=8320 loss=3.7987
step=8321 loss=3.6738
step=8322 loss=0.1915
step=8323 loss=3.1182
step=8324 loss=3.9781
step=8325 loss=0.8531
step=8326 loss=3.9471
step=8327 loss=4.0929
step=8328 loss=3.5960
step=8329 loss=5.3142
step=8330 loss=4.7845
step=8331 loss=4.5707
step=8332 loss=3.6663
step=8333 loss=1.0859
step=8334 loss=3.2270
step=8335 loss=5.8495
step=8336 loss=5.1271
step=8337 loss=4.0334
step=8338 loss=4.0620
step=8339 loss=3.7259
step=8340 loss=0.2132
step=8341 loss=1.1140
step=8342 loss=3.3995
step=8343 loss=0.8271
step=8344 loss=4.0052
step=8345 loss=3.9366
step=8346 loss=3.4249
step=8347 loss=4.0929
step=8348 loss=3.9474
step=8349 loss=4.6130
step=8350 loss=3.2620
step=8351 loss=5.7490
step=8352 loss=0.1375
step=8353 loss=5.2324
step=8354 loss=3.6025
step=8355 loss=5.9164
step=8356 loss=3.5920
step=8357 loss=3.6369
step=8358 loss=3.8145
step=8359 loss=3.4217
step=8360 loss=0.2517
step=8361 loss=1.1119
step=8362 loss=4.7524
step=8363 loss=4.8268
step=8364 loss=4.9929
step=8365 loss=3.5220
step=8366 loss=0.8519
step=8367 loss=3.3538
step=8368 loss=4.1405
step=8369 loss=7.0936
step=8370 loss=3.4492
step=8371 loss=3.6765
step=8372 loss=3.4617
step=8373 loss=3.3055
step=8374 loss=4.0076
step=8375 loss=3.9204
step=8376 loss=0.1892
step=8377 loss=4.2742
step=8378 loss=6.0158
step=8379 loss=4.3862
step=8380 loss=6.4515
step=8381 loss=5.0063
step=8382 loss=0.2832
step=8383 loss=3.8821
step=8384 loss=3.4841
step=8385 loss=0.3542
step=8386 loss=5.4708
step=8387 loss=2.6547
step=8388 loss=3.9303
step=8389 loss=4.5889
step=8390 loss=4.5301
step=8391 loss=3.9338
step=8392 loss=4.2648
step=8393 loss=4.3148
step=8394 loss=3.7303
step=8395 loss=3.1503
step=8396 loss=0.5083
step=8397 loss=4.2120
step=8398 loss=3.3105
step=8399 loss=0.3148
step=8400 loss=3.9940
eval_step=8400 eval_loss=3.4839 eval_ppl=32.59
step=8401 loss=3.8964
step=8402 loss=3.8703
step=8403 loss=6.4904
step=8404 loss=0.4047
step=8405 loss=4.2903
step=8406 loss=4.1101
step=8407 loss=3.1836
step=8408 loss=0.3927
step=8409 loss=3.8738
step=8410 loss=4.9819
step=8411 loss=3.9918
step=8412 loss=3.8173
step=8413 loss=4.0696
step=8414 loss=4.5744
step=8415 loss=4.1056
step=8416 loss=3.9220
step=8417 loss=3.7474
step=8418 loss=3.6820
step=8419 loss=4.2054
step=8420 loss=3.6066
step=8421 loss=4.3509
step=8422 loss=4.0650
step=8423 loss=0.3570
step=8424 loss=4.4334
step=8425 loss=3.5836
step=8426 loss=3.5419
step=8427 loss=0.2998
step=8428 loss=4.1798
step=8429 loss=3.6165
step=8430 loss=3.4420
step=8431 loss=3.8410
step=8432 loss=4.9756
step=8433 loss=0.3870
step=8434 loss=3.3078
step=8435 loss=4.5054
step=8436 loss=5.8514
step=8437 loss=3.2418
step=8438 loss=3.6348
step=8439 loss=4.0719
step=8440 loss=0.3405
step=8441 loss=3.6206
step=8442 loss=4.5814
step=8443 loss=3.1939
step=8444 loss=4.5236
step=8445 loss=4.0236
step=8446 loss=7.5429
step=8447 loss=3.5488
step=8448 loss=7.7021
step=8449 loss=3.6769
step=8450 loss=0.3235
step=8451 loss=3.2521
step=8452 loss=3.1954
step=8453 loss=4.2428
step=8454 loss=0.8317
step=8455 loss=4.5127
step=8456 loss=4.8149
step=8457 loss=3.9647
step=8458 loss=0.2020
step=8459 loss=3.5097
step=8460 loss=3.6272
step=8461 loss=4.6029
step=8462 loss=3.8349
step=8463 loss=0.2275
step=8464 loss=6.2107
step=8465 loss=3.1936
step=8466 loss=4.0222
step=8467 loss=4.1365
step=8468 loss=0.6673
step=8469 loss=5.9414
step=8470 loss=0.2767
step=8471 loss=6.9766
step=8472 loss=0.9370
step=8473 loss=3.8093
step=8474 loss=0.3173
step=8475 loss=3.0535
step=8476 loss=2.8942
step=8477 loss=5.1713
step=8478 loss=0.2733
step=8479 loss=0.3831
step=8480 loss=3.0656
step=8481 loss=3.8358
step=8482 loss=3.8599
step=8483 loss=4.1477
step=8484 loss=3.2776
step=8485 loss=3.6068
step=8486 loss=3.1381
step=8487 loss=3.2372
step=8488 loss=0.2992
step=8489 loss=0.1559
step=8490 loss=4.3907
step=8491 loss=3.5620
step=8492 loss=3.0116
step=8493 loss=4.3611
step=8494 loss=3.6818
step=8495 loss=4.4917
step=8496 loss=3.7866
step=8497 loss=2.8954
step=8498 loss=3.8894
step=8499 loss=1.4398
step=8500 loss=3.9309
step=8501 loss=3.9672
step=8502 loss=4.4428
step=8503 loss=4.1430
step=8504 loss=4.6964
step=8505 loss=0.4542
step=8506 loss=3.3667
step=8507 loss=5.2594
step=8508 loss=3.5896
step=8509 loss=3.6764
step=8510 loss=4.0918
step=8511 loss=3.8571
step=8512 loss=3.8740
step=8513 loss=0.4770
step=8514 loss=3.2781
step=8515 loss=0.2630
step=8516 loss=3.6778
step=8517 loss=0.5360
step=8518 loss=4.6078
step=8519 loss=3.9556
step=8520 loss=3.9764
step=8521 loss=5.1502
step=8522 loss=0.1831
step=8523 loss=4.0034
step=8524 loss=5.3968
step=8525 loss=3.5323
step=8526 loss=5.2827
step=8527 loss=3.9796
step=8528 loss=3.6162
step=8529 loss=3.9627
step=8530 loss=4.4898
step=8531 loss=3.8572
step=8532 loss=2.9696
step=8533 loss=4.0871
step=8534 loss=3.9992
step=8535 loss=4.4944
step=8536 loss=0.3255
step=8537 loss=3.2714
step=8538 loss=4.0792
step=8539 loss=3.8461
step=8540 loss=0.3738
step=8541 loss=0.4807
step=8542 loss=4.3560
step=8543 loss=4.4138
step=8544 loss=3.8959
step=8545 loss=5.2156
step=8546 loss=0.2341
step=8547 loss=4.1282
step=8548 loss=3.7058
step=8549 loss=6.1019
step=8550 loss=3.5754
step=8551 loss=3.1781
step=8552 loss=4.0858
step=8553 loss=5.9482
step=8554 loss=6.3209
step=8555 loss=3.2402
step=8556 loss=3.2315
step=8557 loss=6.3321
step=8558 loss=4.9429
step=8559 loss=3.4698
step=8560 loss=3.8693
step=8561 loss=6.2841
step=8562 loss=0.1108
step=8563 loss=3.8767
step=8564 loss=3.8796
step=8565 loss=3.0831
step=8566 loss=3.4446
step=8567 loss=4.4499
step=8568 loss=5.3849
step=8569 loss=2.8988
step=8570 loss=3.2242
step=8571 loss=5.1846
step=8572 loss=0.2296
step=8573 loss=3.7495
step=8574 loss=5.0549
step=8575 loss=4.7803
step=8576 loss=4.2149
step=8577 loss=4.0812
step=8578 loss=1.9513
step=8579 loss=3.3560
step=8580 loss=4.6866
step=8581 loss=0.7087
step=8582 loss=3.4781
step=8583 loss=3.0167
step=8584 loss=3.6648
step=8585 loss=5.6578
step=8586 loss=0.4144
step=8587 loss=0.4083
step=8588 loss=0.2271
step=8589 loss=5.0971
step=8590 loss=0.3522
step=8591 loss=3.7458
step=8592 loss=4.1564
step=8593 loss=4.2745
step=8594 loss=3.6015
step=8595 loss=4.3115
step=8596 loss=3.9288
step=8597 loss=3.2090
step=8598 loss=0.1496
step=8599 loss=4.3274
step=8600 loss=5.9302
eval_step=8600 eval_loss=3.4821 eval_ppl=32.53
step=8601 loss=4.3513
step=8602 loss=3.6653
step=8603 loss=5.2627
step=8604 loss=6.4168
step=8605 loss=2.6291
step=8606 loss=4.3511
step=8607 loss=3.4310
step=8608 loss=4.8275
step=8609 loss=3.8425
step=8610 loss=3.5943
step=8611 loss=3.8930
step=8612 loss=3.9952
step=8613 loss=0.6016
step=8614 loss=1.0150
step=8615 loss=3.2369
step=8616 loss=3.2543
step=8617 loss=3.3266
step=8618 loss=4.1109
step=8619 loss=4.2904
step=8620 loss=5.8681
step=8621 loss=0.1703
step=8622 loss=3.1491
step=8623 loss=3.6769
step=8624 loss=4.0574
step=8625 loss=3.8107
step=8626 loss=6.4872
step=8627 loss=4.7082
step=8628 loss=3.5735
step=8629 loss=4.2135
step=8630 loss=3.8413
step=8631 loss=4.6503
step=8632 loss=2.6426
step=8633 loss=5.0463
step=8634 loss=3.9324
step=8635 loss=3.9157
step=8636 loss=0.4311
step=8637 loss=3.5393
step=8638 loss=2.9576
step=8639 loss=4.4495
step=8640 loss=3.7899
step=8641 loss=3.6256
step=8642 loss=3.9966
step=8643 loss=3.1461
step=8644 loss=3.5341
step=8645 loss=2.7799
step=8646 loss=2.7652
step=8647 loss=3.6512
step=8648 loss=4.3560
step=8649 loss=0.0898
step=8650 loss=3.8451
step=8651 loss=3.9778
step=8652 loss=5.8114
step=8653 loss=4.1706
step=8654 loss=3.4414
step=8655 loss=0.5688
step=8656 loss=0.2525
step=8657 loss=4.0563
step=8658 loss=3.2564
step=8659 loss=0.2393
step=8660 loss=0.1687
step=8661 loss=4.0376
step=8662 loss=3.5565
step=8663 loss=4.4559
step=8664 loss=3.3396
step=8665 loss=3.9963
step=8666 loss=4.2546
step=8667 loss=0.2706
step=8668 loss=3.8698
step=8669 loss=0.3509
step=8670 loss=3.0188
step=8671 loss=0.6339
step=8672 loss=3.5548
step=8673 loss=6.5377
step=8674 loss=0.1547
step=8675 loss=3.6357
step=8676 loss=3.6253
step=8677 loss=3.4492
step=8678 loss=4.7604
step=8679 loss=3.6275
step=8680 loss=3.2465
step=8681 loss=3.8259
step=8682 loss=3.6221
step=8683 loss=4.4123
step=8684 loss=4.7977
step=8685 loss=0.2800
step=8686 loss=2.4797
step=8687 loss=5.6402
step=8688 loss=3.6715
step=8689 loss=3.3467
step=8690 loss=5.1605
step=8691 loss=3.5214
step=8692 loss=4.0515
step=8693 loss=0.2770
step=8694 loss=4.1642
step=8695 loss=3.5600
step=8696 loss=0.1963
step=8697 loss=3.5988
step=8698 loss=5.7544
step=8699 loss=3.4667
step=8700 loss=4.2308
step=8701 loss=0.1522
step=8702 loss=3.1581
step=8703 loss=3.5105
step=8704 loss=3.1156
step=8705 loss=5.5374
step=8706 loss=3.5436
step=8707 loss=3.6337
step=8708 loss=3.6250
step=8709 loss=1.7645
step=8710 loss=4.2742
step=8711 loss=3.9560
step=8712 loss=4.0179
step=8713 loss=3.0912
step=8714 loss=3.5644
step=8715 loss=2.2475
step=8716 loss=4.1116
step=8717 loss=3.7429
step=8718 loss=0.1795
step=8719 loss=0.3534
step=8720 loss=4.2274
step=8721 loss=3.7373
step=8722 loss=3.7961
step=8723 loss=3.7146
step=8724 loss=0.1384
step=8725 loss=3.6207
step=8726 loss=3.1661
step=8727 loss=5.6380
step=8728 loss=3.7108
step=8729 loss=2.8493
step=8730 loss=3.1016
step=8731 loss=4.4248
step=8732 loss=3.6216
step=8733 loss=0.3397
step=8734 loss=4.0464
step=8735 loss=3.7933
step=8736 loss=3.6655
step=8737 loss=5.7178
step=8738 loss=0.3433
step=8739 loss=3.3322
step=8740 loss=2.0127
step=8741 loss=4.4871
step=8742 loss=3.3366
step=8743 loss=2.9359
step=8744 loss=3.9158
step=8745 loss=4.2128
step=8746 loss=4.3685
step=8747 loss=3.2923
step=8748 loss=3.3324
step=8749 loss=0.3132
step=8750 loss=3.9033
step=8751 loss=3.7963
step=8752 loss=0.0905
step=8753 loss=4.2452
step=8754 loss=3.7878
step=8755 loss=6.2437
step=8756 loss=3.4917
step=8757 loss=3.8105
step=8758 loss=3.8151
step=8759 loss=0.3520
step=8760 loss=3.1551
step=8761 loss=0.2645
step=8762 loss=3.8361
step=8763 loss=4.8236
step=8764 loss=3.4324
step=8765 loss=3.9503
step=8766 loss=3.5878
step=8767 loss=3.5228
step=8768 loss=0.2178
step=8769 loss=5.6667
step=8770 loss=3.8637
step=8771 loss=3.1570
step=8772 loss=5.4831
step=8773 loss=0.4102
step=8774 loss=5.1791
step=8775 loss=3.6158
step=8776 loss=0.1730
step=8777 loss=3.9324
step=8778 loss=3.8076
step=8779 loss=4.4956
step=8780 loss=3.4803
step=8781 loss=0.1636
step=8782 loss=5.5482
step=8783 loss=0.3707
step=8784 loss=1.0400
step=8785 loss=4.2926
step=8786 loss=3.6988
step=8787 loss=3.5240
step=8788 loss=4.0707
step=8789 loss=4.3923
step=8790 loss=2.6448
step=8791 loss=6.9996
step=8792 loss=3.5305
step=8793 loss=5.7203
step=8794 loss=3.9539
step=8795 loss=0.9289
step=8796 loss=3.6885
step=8797 loss=4.6774
step=8798 loss=3.4368
step=8799 loss=3.7254
step=8800 loss=5.5355
eval_step=8800 eval_loss=3.4805 eval_ppl=32.47
step=8801 loss=4.7217
step=8802 loss=0.9552
step=8803 loss=0.3032
step=8804 loss=4.1547
step=8805 loss=3.8686
step=8806 loss=3.5128
step=8807 loss=4.0590
step=8808 loss=3.6025
step=8809 loss=3.8863
step=8810 loss=3.8390
step=8811 loss=4.1691
step=8812 loss=0.1668
step=8813 loss=3.5664
step=8814 loss=2.9721
step=8815 loss=3.7073
step=8816 loss=3.6677
step=8817 loss=0.1826
step=8818 loss=3.7506
step=8819 loss=4.5895
step=8820 loss=3.8213
step=8821 loss=4.2188
step=8822 loss=6.7962
step=8823 loss=3.5046
step=8824 loss=4.9434
step=8825 loss=6.4902
step=8826 loss=3.2861
step=8827 loss=3.8671
step=8828 loss=4.2737
step=8829 loss=4.0552
step=8830 loss=0.1623
step=8831 loss=4.1555
step=8832 loss=4.4734
step=8833 loss=0.1190
step=8834 loss=0.1666
step=8835 loss=3.7757
step=8836 loss=3.6974
step=8837 loss=3.9417
step=8838 loss=4.4250
step=8839 loss=3.4591
step=8840 loss=4.8634
step=8841 loss=3.6900
step=8842 loss=2.5918
step=8843 loss=4.5898
step=8844 loss=0.2947
step=8845 loss=2.6877
step=8846 loss=4.0843
step=8847 loss=4.4277
step=8848 loss=3.7074
step=8849 loss=3.6809
step=8850 loss=3.3738
step=8851 loss=4.0555
step=8852 loss=3.3084
step=8853 loss=3.9587
step=8854 loss=3.3205
step=8855 loss=3.8999
step=8856 loss=0.3565
step=8857 loss=3.5692
step=8858 loss=3.9044
step=8859 loss=4.8293
step=8860 loss=4.5038
step=8861 loss=6.5585
step=8862 loss=4.3903
step=8863 loss=3.8392
step=8864 loss=3.8085
step=8865 loss=3.2187
step=8866 loss=0.1769
step=8867 loss=4.9074
step=8868 loss=3.9197
step=8869 loss=3.7377
step=8870 loss=6.2400
step=8871 loss=4.6659
step=8872 loss=3.4376
step=8873 loss=3.9381
step=8874 loss=0.1220
step=8875 loss=4.8906
step=8876 loss=0.1864
step=8877 loss=4.3090
step=8878 loss=3.9644
step=8879 loss=4.2270
step=8880 loss=1.9993
step=8881 loss=3.1114
step=8882 loss=3.0387
step=8883 loss=3.4471
step=8884 loss=6.0085
step=8885 loss=0.2342
step=8886 loss=4.7661
step=8887 loss=0.1952
step=8888 loss=4.4769
step=8889 loss=3.4657
step=8890 loss=4.3416
step=8891 loss=5.1883
step=8892 loss=3.2436
step=8893 loss=0.4085
step=8894 loss=0.3336
step=8895 loss=3.8723
step=8896 loss=0.4837
step=8897 loss=3.9704
step=8898 loss=4.2756
step=8899 loss=4.1713
step=8900 loss=3.8719
step=8901 loss=5.3575
step=8902 loss=3.8840
step=8903 loss=3.8001
step=8904 loss=3.7900
step=8905 loss=1.4564
step=8906 loss=4.3712
step=8907 loss=4.0623
step=8908 loss=3.6915
step=8909 loss=4.3662
step=8910 loss=0.9962
step=8911 loss=3.8836
step=8912 loss=3.3543
step=8913 loss=3.4318
step=8914 loss=0.5619
step=8915 loss=3.5148
step=8916 loss=3.6896
step=8917 loss=0.2601
step=8918 loss=4.0400
step=8919 loss=0.2261
step=8920 loss=5.1441
step=8921 loss=0.2416
step=8922 loss=3.4093
step=8923 loss=3.3242
step=8924 loss=4.2764
step=8925 loss=4.2440
step=8926 loss=4.3544
step=8927 loss=3.2418
step=8928 loss=0.1377
step=8929 loss=0.5527
step=8930 loss=4.0116
step=8931 loss=3.5016
step=8932 loss=3.4911
step=8933 loss=6.4383
step=8934 loss=4.7466
step=8935 loss=5.6459
step=8936 loss=4.1708
step=8937 loss=4.7488
step=8938 loss=3.5050
step=8939 loss=4.6021
step=8940 loss=4.2839
step=8941 loss=3.4432
step=8942 loss=3.9751
step=8943 loss=0.1597
step=8944 loss=3.5650
step=8945 loss=2.9810
step=8946 loss=1.1454
step=8947 loss=3.9790
step=8948 loss=3.5491
step=8949 loss=0.3590
step=8950 loss=0.2058
step=8951 loss=4.1111
step=8952 loss=6.9156
step=8953 loss=3.8021
step=8954 loss=4.5623
step=8955 loss=3.8764
step=8956 loss=3.1869
step=8957 loss=3.5942
step=8958 loss=3.7146
step=8959 loss=4.0952
step=8960 loss=3.8129
step=8961 loss=4.2788
step=8962 loss=4.9971
step=8963 loss=4.5440
step=8964 loss=0.0890
step=8965 loss=3.8256
step=8966 loss=3.5048
step=8967 loss=3.6677
step=8968 loss=4.9763
step=8969 loss=3.3485
step=8970 loss=3.3753
step=8971 loss=3.1408
step=8972 loss=4.4933
step=8973 loss=4.8415
step=8974 loss=2.9699
step=8975 loss=0.2575
step=8976 loss=4.1302
step=8977 loss=0.2971
step=8978 loss=1.0964
step=8979 loss=3.3200
step=8980 loss=0.1504
step=8981 loss=3.7902
step=8982 loss=1.0841
step=8983 loss=4.0580
step=8984 loss=4.4875
step=8985 loss=0.4908
step=8986 loss=5.5509
step=8987 loss=4.1079
step=8988 loss=3.6163
step=8989 loss=4.4274
step=8990 loss=0.2381
step=8991 loss=0.2464
step=8992 loss=6.1609
step=8993 loss=3.9252
step=8994 loss=0.1514
step=8995 loss=3.2951
step=8996 loss=3.4278
step=8997 loss=6.2589
step=8998 loss=3.5032
step=8999 loss=4.1132
step=9000 loss=3.1227
eval_step=9000 eval_loss=3.4781 eval_ppl=32.40
step=9001 loss=3.7810
step=9002 loss=4.1620
step=9003 loss=3.6363
step=9004 loss=3.5625
step=9005 loss=3.3999
step=9006 loss=5.6130
step=9007 loss=3.5155
step=9008 loss=4.4471
step=9009 loss=0.2508
step=9010 loss=4.0011
step=9011 loss=4.2783
step=9012 loss=3.8665
step=9013 loss=3.5312
step=9014 loss=3.9979
step=9015 loss=6.6301
step=9016 loss=4.9622
step=9017 loss=3.1677
step=9018 loss=3.6670
step=9019 loss=3.2687
step=9020 loss=0.3168
step=9021 loss=4.4546
step=9022 loss=3.4814
step=9023 loss=0.1735
step=9024 loss=3.8269
step=9025 loss=0.2014
step=9026 loss=0.4002
step=9027 loss=3.5000
step=9028 loss=4.2470
step=9029 loss=4.1984
step=9030 loss=3.5318
step=9031 loss=3.2254
step=9032 loss=0.9062
step=9033 loss=4.3724
step=9034 loss=3.8654
step=9035 loss=4.3057
step=9036 loss=3.3775
step=9037 loss=0.4284
step=9038 loss=0.5071
step=9039 loss=3.6240
step=9040 loss=3.9865
step=9041 loss=3.2224
step=9042 loss=6.2256
step=9043 loss=6.8523
step=9044 loss=3.4736
step=9045 loss=3.0734
step=9046 loss=3.9610
step=9047 loss=3.8294
step=9048 loss=0.1918
step=9049 loss=3.7434
step=9050 loss=4.7814
step=9051 loss=1.8674
step=9052 loss=7.1720
step=9053 loss=5.4042
step=9054 loss=4.7559
step=9055 loss=4.1032
step=9056 loss=7.1652
step=9057 loss=3.9300
step=9058 loss=4.2174
step=9059 loss=5.7940
step=9060 loss=0.1386
step=9061 loss=3.4268
step=9062 loss=4.0986
step=9063 loss=4.3471
step=9064 loss=3.8638
step=9065 loss=3.7337
step=9066 loss=5.7781
step=9067 loss=3.5460
step=9068 loss=4.2892
step=9069 loss=4.0428
step=9070 loss=3.5137
step=9071 loss=4.4596
step=9072 loss=3.6403
step=9073 loss=4.5149
step=9074 loss=4.3130
step=9075 loss=4.2133
step=9076 loss=4.8528
step=9077 loss=5.7779
step=9078 loss=6.6437
step=9079 loss=4.2674
step=9080 loss=4.5620
step=9081 loss=6.2406
step=9082 loss=3.7382
step=9083 loss=4.3611
step=9084 loss=3.6071
step=9085 loss=4.4058
step=9086 loss=0.1349
step=9087 loss=3.8015
step=9088 loss=3.4881
step=9089 loss=4.4029
step=9090 loss=4.2818
step=9091 loss=4.8655
step=9092 loss=3.9335
step=9093 loss=3.9752
step=9094 loss=0.3099
step=9095 loss=4.4124
step=9096 loss=3.6131
step=9097 loss=0.1549
step=9098 loss=3.3546
step=9099 loss=0.1430
step=9100 loss=0.1540
step=9101 loss=0.2928
step=9102 loss=3.9056
step=9103 loss=3.7216
step=9104 loss=3.9287
step=9105 loss=4.9179
step=9106 loss=5.4024
step=9107 loss=5.0390
step=9108 loss=2.9349
step=9109 loss=3.4971
step=9110 loss=3.1990
step=9111 loss=3.5973
step=9112 loss=4.8437
step=9113 loss=4.1438
step=9114 loss=3.5333
step=9115 loss=3.3404
step=9116 loss=0.5569
step=9117 loss=4.0798
step=9118 loss=3.6033
step=9119 loss=3.3221
step=9120 loss=6.0453
step=9121 loss=0.1466
step=9122 loss=4.8529
step=9123 loss=3.7280
step=9124 loss=4.0052
step=9125 loss=3.5840
step=9126 loss=5.1204
step=9127 loss=3.9706
step=9128 loss=3.8986
step=9129 loss=0.3606
step=9130 loss=4.7412
step=9131 loss=3.6224
step=9132 loss=3.6656
step=9133 loss=0.5692
step=9134 loss=4.1292
step=9135 loss=4.2819
step=9136 loss=0.1554
step=9137 loss=4.0245
step=9138 loss=4.3612
step=9139 loss=3.6581
step=9140 loss=3.2777
step=9141 loss=4.6761
step=9142 loss=4.9657
step=9143 loss=0.2367
step=9144 loss=3.7761
step=9145 loss=3.6525
step=9146 loss=3.8644
step=9147 loss=4.2764
step=9148 loss=3.7202
step=9149 loss=8.0606
step=9150 loss=3.8166
step=9151 loss=3.4537
step=9152 loss=0.4718
step=9153 loss=3.7435
step=9154 loss=0.4347
step=9155 loss=3.0193
step=9156 loss=3.8979
step=9157 loss=0.6075
step=9158 loss=5.6293
step=9159 loss=6.3515
step=9160 loss=0.2860
step=9161 loss=0.5359
step=9162 loss=0.1418
step=9163 loss=0.4732
step=9164 loss=3.9684
step=9165 loss=0.8927
step=9166 loss=4.8718
step=9167 loss=3.5266
step=9168 loss=3.7721
step=9169 loss=3.3808
step=9170 loss=4.1373
step=9171 loss=3.5694
step=9172 loss=4.3949
step=9173 loss=3.6540
step=9174 loss=4.4610
step=9175 loss=3.8537
step=9176 loss=0.2180
step=9177 loss=3.6455
step=9178 loss=5.7369
step=9179 loss=0.1361
step=9180 loss=3.6990
step=9181 loss=3.0829
step=9182 loss=4.5302
step=9183 loss=0.2705
step=9184 loss=3.9676
step=9185 loss=3.7029
step=9186 loss=0.1556
step=9187 loss=3.6656
step=9188 loss=5.4404
step=9189 loss=3.3631
step=9190 loss=4.1567
step=9191 loss=4.3468
step=9192 loss=0.3397
step=9193 loss=4.3521
step=9194 loss=3.5450
step=9195 loss=5.6931
step=9196 loss=4.3047
step=9197 loss=5.2554
step=9198 loss=0.2448
step=9199 loss=3.8269
step=9200 loss=3.2908
eval_step=9200 eval_loss=3.4774 eval_ppl=32.37
step=9201 loss=7.9950
step=9202 loss=3.3422
step=9203 loss=3.9649
step=9204 loss=0.5518
step=9205 loss=5.5959
step=9206 loss=3.8086
step=9207 loss=6.0391
step=9208 loss=3.4408
step=9209 loss=5.1182
step=9210 loss=4.6016
step=9211 loss=4.1156
step=9212 loss=3.7796
step=9213 loss=3.5989
step=9214 loss=4.3965
step=9215 loss=4.6033
step=9216 loss=3.0444
step=9217 loss=0.9678
step=9218 loss=4.1035
step=9219 loss=5.4205
step=9220 loss=3.7926
step=9221 loss=3.5354
step=9222 loss=4.9105
step=9223 loss=6.8282
step=9224 loss=3.8179
step=9225 loss=3.8899
step=9226 loss=4.4334
step=9227 loss=3.7082
step=9228 loss=5.5797
step=9229 loss=3.7673
step=9230 loss=6.8574
step=9231 loss=4.4031
step=9232 loss=3.6113
step=9233 loss=3.8593
step=9234 loss=4.8218
step=9235 loss=0.1374
step=9236 loss=3.8310
step=9237 loss=0.2038
step=9238 loss=3.3978
step=9239 loss=3.3555
step=9240 loss=0.1766
step=9241 loss=3.5576
step=9242 loss=0.2224
step=9243 loss=3.7723
step=9244 loss=3.8068
step=9245 loss=3.9650
step=9246 loss=3.7598
step=9247 loss=4.5906
step=9248 loss=3.7471
step=9249 loss=4.0275
step=9250 loss=3.6559
step=9251 loss=5.9759
step=9252 loss=4.6351
step=9253 loss=4.0020
step=9254 loss=3.8781
step=9255 loss=3.5230
step=9256 loss=3.9640
step=9257 loss=3.5139
step=9258 loss=3.3238
step=9259 loss=3.5356
step=9260 loss=0.3399
step=9261 loss=7.1765
step=9262 loss=6.1580
step=9263 loss=0.1332
step=9264 loss=3.7526
step=9265 loss=3.6804
step=9266 loss=3.6165
step=9267 loss=3.6975
step=9268 loss=5.3409
step=9269 loss=3.7160
step=9270 loss=3.8035
step=9271 loss=3.5750
step=9272 loss=4.6948
step=9273 loss=1.4289
step=9274 loss=3.5464
step=9275 loss=0.2309
step=9276 loss=3.5251
step=9277 loss=3.8232
step=9278 loss=3.6068
step=9279 loss=3.6774
step=9280 loss=0.2516
step=9281 loss=3.4145
step=9282 loss=4.1408
step=9283 loss=4.3119
step=9284 loss=3.4749
step=9285 loss=0.2999
step=9286 loss=0.0608
step=9287 loss=4.0161
step=9288 loss=3.0095
step=9289 loss=4.1583
step=9290 loss=0.6034
step=9291 loss=3.7547
step=9292 loss=3.8646
step=9293 loss=3.2653
step=9294 loss=4.1170
step=9295 loss=3.2729
step=9296 loss=3.9249
step=9297 loss=4.0236
step=9298 loss=0.1296
step=9299 loss=3.3615
step=9300 loss=3.8095
step=9301 loss=3.2976
step=9302 loss=4.0315
step=9303 loss=0.4751
step=9304 loss=2.9832
step=9305 loss=0.3194
step=9306 loss=3.6769
step=9307 loss=3.6254
step=9308 loss=6.1383
step=9309 loss=2.2265
step=9310 loss=5.7046
step=9311 loss=3.3901
step=9312 loss=3.2800
step=9313 loss=3.8361
step=9314 loss=6.8913
step=9315 loss=4.8810
step=9316 loss=5.0137
step=9317 loss=4.2718
step=9318 loss=4.5642
step=9319 loss=5.8539
step=9320 loss=3.4678
step=9321 loss=3.4532
step=9322 loss=0.2114
step=9323 loss=6.7254
step=9324 loss=7.3716
step=9325 loss=5.9468
step=9326 loss=3.5876
step=9327 loss=0.3220
step=9328 loss=3.5873
step=9329 loss=3.7378
step=9330 loss=3.8407
step=9331 loss=5.2505
step=9332 loss=5.4024
step=9333 loss=0.1139
step=9334 loss=4.4562
step=9335 loss=4.2628
step=9336 loss=3.5489
step=9337 loss=3.4896
step=9338 loss=3.6357
step=9339 loss=3.7917
step=9340 loss=4.2215
step=9341 loss=4.8146
step=9342 loss=0.1991
step=9343 loss=3.5687
step=9344 loss=6.9157
step=9345 loss=0.6110
step=9346 loss=0.1625
step=9347 loss=3.3657
step=9348 loss=0.1320
step=9349 loss=3.3416
step=9350 loss=0.5645
step=9351 loss=3.9243
step=9352 loss=0.7432
step=9353 loss=3.3805
step=9354 loss=6.8300
step=9355 loss=0.1885
step=9356 loss=5.7971
step=9357 loss=3.8747
step=9358 loss=3.5858
step=9359 loss=5.8905
step=9360 loss=3.0654
step=9361 loss=4.2102
step=9362 loss=4.8623
step=9363 loss=4.3495
step=9364 loss=7.6968
step=9365 loss=3.6514
step=9366 loss=4.1061
step=9367 loss=3.9249
step=9368 loss=0.3392
step=9369 loss=4.8150
step=9370 loss=3.2472
step=9371 loss=4.0626
step=9372 loss=3.8579
step=9373 loss=3.9002
step=9374 loss=3.8681
step=9375 loss=5.0292
step=9376 loss=4.8505
step=9377 loss=5.9727
step=9378 loss=3.1514
step=9379 loss=3.3469
step=9380 loss=0.6453
step=9381 loss=3.9403
step=9382 loss=3.6601
step=9383 loss=3.5179
step=9384 loss=0.1455
step=9385 loss=3.2165
step=9386 loss=0.0898
step=9387 loss=3.9295
step=9388 loss=3.7185
step=9389 loss=3.8928
step=9390 loss=3.4399
step=9391 loss=3.3794
step=9392 loss=0.4321
step=9393 loss=3.9084
step=9394 loss=3.6060
step=9395 loss=3.1799
step=9396 loss=3.6138
step=9397 loss=3.8956
step=9398 loss=3.4655
step=9399 loss=3.3235
step=9400 loss=0.1024
eval_step=9400 eval_loss=3.4752 eval_ppl=32.30
step=9401 loss=3.5339
step=9402 loss=3.4567
step=9403 loss=3.5663
step=9404 loss=5.5077
step=9405 loss=0.3500
step=9406 loss=4.1002
step=9407 loss=0.2585
step=9408 loss=0.2624
step=9409 loss=4.2922
step=9410 loss=4.1248
step=9411 loss=3.9692
step=9412 loss=5.2762
step=9413 loss=0.1982
step=9414 loss=4.2123
step=9415 loss=3.7042
step=9416 loss=0.3527
step=9417 loss=3.8674
step=9418 loss=0.1926
step=9419 loss=3.6325
step=9420 loss=3.2180
step=9421 loss=0.0827
step=9422 loss=3.9461
step=9423 loss=4.1924
step=9424 loss=3.3306
step=9425 loss=0.1413
step=9426 loss=3.1318
step=9427 loss=5.3185
step=9428 loss=3.4758
step=9429 loss=3.0426
step=9430 loss=3.8065
step=9431 loss=0.2429
step=9432 loss=0.1323
step=9433 loss=3.7318
step=9434 loss=3.5899
step=9435 loss=4.2654
step=9436 loss=4.3044
step=9437 loss=4.4609
step=9438 loss=0.2655
step=9439 loss=3.7866
step=9440 loss=4.6510
step=9441 loss=3.5527
step=9442 loss=4.6044
step=9443 loss=0.1367
step=9444 loss=4.3037
step=9445 loss=1.2290
step=9446 loss=2.6263
step=9447 loss=4.2592
step=9448 loss=3.8202
step=9449 loss=0.1917
step=9450 loss=3.4360
step=9451 loss=3.7214
step=9452 loss=3.3771
step=9453 loss=4.9285
step=9454 loss=3.4444
step=9455 loss=3.6824
step=9456 loss=4.9088
step=9457 loss=6.3790
step=9458 loss=4.4252
step=9459 loss=4.7234
step=9460 loss=4.5571
step=9461 loss=4.3102
step=9462 loss=4.3418
step=9463 loss=3.7083
step=9464 loss=6.1216
step=9465 loss=3.6946
step=9466 loss=0.2407
step=9467 loss=5.3097
step=9468 loss=4.1841
step=9469 loss=3.6219
step=9470 loss=3.8769
step=9471 loss=5.1503
step=9472 loss=4.0804
step=9473 loss=0.1959
step=9474 loss=5.0988
step=9475 loss=3.5991
step=9476 loss=3.7308
step=9477 loss=3.7186
step=9478 loss=4.1086
step=9479 loss=4.6635
step=9480 loss=0.4564
step=9481 loss=3.9862
step=9482 loss=3.5803
step=9483 loss=3.6360
step=9484 loss=3.8268
step=9485 loss=0.2763
step=9486 loss=4.3091
step=9487 loss=0.0835
step=9488 loss=3.9467
step=9489 loss=3.9591
step=9490 loss=3.6856
step=9491 loss=3.6665
step=9492 loss=5.8586
step=9493 loss=0.1092
step=9494 loss=0.1082
step=9495 loss=3.8931
step=9496 loss=4.3767
step=9497 loss=3.4685
step=9498 loss=3.8032
step=9499 loss=1.8945
step=9500 loss=3.2310
step=9501 loss=3.6502
step=9502 loss=4.4984
step=9503 loss=4.7477
step=9504 loss=4.8216
step=9505 loss=0.1860
step=9506 loss=3.5850
step=9507 loss=6.1662
step=9508 loss=3.7084
step=9509 loss=3.4987
step=9510 loss=5.3714
step=9511 loss=4.3259
step=9512 loss=0.1903
step=9513 loss=4.4057
step=9514 loss=0.1327
step=9515 loss=0.1093
step=9516 loss=4.0801
step=9517 loss=3.3068
step=9518 loss=3.6431
step=9519 loss=3.5829
step=9520 loss=3.1744
step=9521 loss=3.5478
step=9522 loss=3.1400
step=9523 loss=3.4661
step=9524 loss=4.0010
step=9525 loss=4.0490
step=9526 loss=3.6537
step=9527 loss=4.1691
step=9528 loss=3.0319
step=9529 loss=4.3484
step=9530 loss=3.5264
step=9531 loss=0.0702
step=9532 loss=3.6637
step=9533 loss=4.7645
step=9534 loss=3.6927
step=9535 loss=3.5222
step=9536 loss=0.0855
step=9537 loss=3.5972
step=9538 loss=4.2631
step=9539 loss=4.3888
step=9540 loss=4.3167
step=9541 loss=3.8841
step=9542 loss=3.6718
step=9543 loss=4.3202
step=9544 loss=3.8136
step=9545 loss=5.1267
step=9546 loss=3.6236
step=9547 loss=4.6641
step=9548 loss=4.0425
step=9549 loss=5.4702
step=9550 loss=3.8686
step=9551 loss=3.0379
step=9552 loss=4.3496
step=9553 loss=4.1007
step=9554 loss=3.8981
step=9555 loss=3.6742
step=9556 loss=7.4096
step=9557 loss=3.2928
step=9558 loss=3.5142
step=9559 loss=0.0744
step=9560 loss=0.2094
step=9561 loss=3.7559
step=9562 loss=3.6702
step=9563 loss=3.4173
step=9564 loss=3.6080
step=9565 loss=3.9495
step=9566 loss=3.3866
step=9567 loss=3.5059
step=9568 loss=6.1596
step=9569 loss=3.8144
step=9570 loss=3.9233
step=9571 loss=3.3691
step=9572 loss=0.2253
step=9573 loss=3.6200
step=9574 loss=3.0004
step=9575 loss=4.0718
step=9576 loss=3.3647
step=9577 loss=4.0796
step=9578 loss=0.1381
step=9579 loss=4.9467
step=9580 loss=4.2932
step=9581 loss=5.8948
step=9582 loss=0.2179
step=9583 loss=3.7695
step=9584 loss=3.5156
step=9585 loss=3.7759
step=9586 loss=5.6436
step=9587 loss=4.0690
step=9588 loss=3.7758
step=9589 loss=3.4454
step=9590 loss=3.8022
step=9591 loss=0.5618
step=9592 loss=3.7468
step=9593 loss=3.8558
step=9594 loss=0.2990
step=9595 loss=4.0227
step=9596 loss=3.1694
step=9597 loss=4.6085
step=9598 loss=3.7277
step=9599 loss=3.0592
step=9600 loss=3.8653
eval_step=9600 eval_loss=3.4737 eval_ppl=32.26
step=9601 loss=3.4009
step=9602 loss=3.7886
step=9603 loss=3.8675
step=9604 loss=0.1614
step=9605 loss=0.1334
step=9606 loss=3.8625
step=9607 loss=0.1370
step=9608 loss=3.3533
step=9609 loss=3.3600
step=9610 loss=0.0826
step=9611 loss=4.8488
step=9612 loss=4.3284
step=9613 loss=3.8404
step=9614 loss=4.2736
step=9615 loss=3.5240
step=9616 loss=3.3476
step=9617 loss=1.0670
step=9618 loss=4.1641
step=9619 loss=0.1889
step=9620 loss=5.7081
step=9621 loss=4.0087
step=9622 loss=3.5675
step=9623 loss=5.7950
step=9624 loss=3.7341
step=9625 loss=4.3974
step=9626 loss=3.8228
step=9627 loss=3.7363
step=9628 loss=5.0240
step=9629 loss=3.6961
step=9630 loss=4.5212
step=9631 loss=3.4354
step=9632 loss=4.0724
step=9633 loss=3.8074
step=9634 loss=3.4395
step=9635 loss=5.7578
step=9636 loss=4.1319
step=9637 loss=4.4820
step=9638 loss=3.8512
step=9639 loss=0.4007
step=9640 loss=0.2298
step=9641 loss=5.4467
step=9642 loss=0.0873
step=9643 loss=3.8704
step=9644 loss=3.5132
step=9645 loss=3.3642
step=9646 loss=3.0407
step=9647 loss=3.8553
step=9648 loss=3.6434
step=9649 loss=3.2862
step=9650 loss=0.1593
step=9651 loss=3.2077
step=9652 loss=4.2429
step=9653 loss=5.1029
step=9654 loss=0.0860
step=9655 loss=0.3507
step=9656 loss=3.4445
step=9657 loss=3.8733
step=9658 loss=4.4488
step=9659 loss=0.1596
step=9660 loss=4.6553
step=9661 loss=3.4486
step=9662 loss=3.3139
step=9663 loss=3.8197
step=9664 loss=3.0106
step=9665 loss=3.5062
step=9666 loss=4.2844
step=9667 loss=0.1579
step=9668 loss=2.9751
step=9669 loss=3.2488
step=9670 loss=0.1855
step=9671 loss=0.3046
step=9672 loss=0.2016
step=9673 loss=4.1314
step=9674 loss=4.1339
step=9675 loss=4.3045
step=9676 loss=3.9218
step=9677 loss=4.3025
step=9678 loss=3.9220
step=9679 loss=3.7449
step=9680 loss=4.5583
step=9681 loss=0.1769
step=9682 loss=3.7012
step=9683 loss=3.2962
step=9684 loss=3.9309
step=9685 loss=3.6508
step=9686 loss=0.0719
step=9687 loss=0.1374
step=9688 loss=4.2788
step=9689 loss=3.2462
step=9690 loss=3.6172
step=9691 loss=0.1774
step=9692 loss=4.1434
step=9693 loss=3.4650
step=9694 loss=4.2103
step=9695 loss=3.0477
step=9696 loss=3.0976
step=9697 loss=6.0213
step=9698 loss=3.3516
step=9699 loss=4.2248
step=9700 loss=6.5143
step=9701 loss=3.7069
step=9702 loss=3.6344
step=9703 loss=4.0341
step=9704 loss=5.6366
step=9705 loss=0.1550
step=9706 loss=4.6971
step=9707 loss=3.9184
step=9708 loss=0.1332
step=9709 loss=3.6072
step=9710 loss=3.7801
step=9711 loss=3.6753
step=9712 loss=3.6565
step=9713 loss=3.0521
step=9714 loss=3.4689
step=9715 loss=0.3785
step=9716 loss=3.9242
step=9717 loss=0.9910
step=9718 loss=4.0542
step=9719 loss=0.2744
step=9720 loss=5.9530
step=9721 loss=0.1795
step=9722 loss=3.7623
step=9723 loss=0.9069
step=9724 loss=5.1226
step=9725 loss=4.3934
step=9726 loss=0.1027
step=9727 loss=3.8180
step=9728 loss=3.3658
step=9729 loss=0.1075
step=9730 loss=0.2040
step=9731 loss=5.5915
step=9732 loss=3.3175
step=9733 loss=3.2326
step=9734 loss=4.5569
step=9735 loss=4.2605
step=9736 loss=3.5694
step=9737 loss=4.3801
step=9738 loss=3.9221
step=9739 loss=4.0418
step=9740 loss=3.9817
step=9741 loss=0.1081
step=9742 loss=3.8734
step=9743 loss=4.2823
step=9744 loss=0.2263
step=9745 loss=3.6327
step=9746 loss=3.8586
step=9747 loss=4.9739
step=9748 loss=3.2986
step=9749 loss=3.8056
step=9750 loss=4.4495
step=9751 loss=3.5522
step=9752 loss=0.2970
step=9753 loss=0.4289
step=9754 loss=3.7787
step=9755 loss=3.2695
step=9756 loss=4.2391
step=9757 loss=3.3335
step=9758 loss=3.7462
step=9759 loss=3.8987
step=9760 loss=0.0817
step=9761 loss=5.1009
step=9762 loss=4.5011
step=9763 loss=3.8082
step=9764 loss=3.8313
step=9765 loss=0.2043
step=9766 loss=6.2578
step=9767 loss=4.6477
step=9768 loss=3.2167
step=9769 loss=6.8703
step=9770 loss=3.7859
step=9771 loss=4.1619
step=9772 loss=4.1726
step=9773 loss=3.7976
step=9774 loss=4.1083
step=9775 loss=4.0234
step=9776 loss=0.1187
step=9777 loss=2.4400
step=9778 loss=0.0975
step=9779 loss=3.5572
step=9780 loss=0.4156
step=9781 loss=3.8726
step=9782 loss=4.0060
step=9783 loss=3.7031
step=9784 loss=0.1545
step=9785 loss=4.1260
step=9786 loss=3.2770
step=9787 loss=3.9643
step=9788 loss=0.1949
step=9789 loss=3.6798
step=9790 loss=4.0957
step=9791 loss=4.9786
step=9792 loss=1.8957
step=9793 loss=3.5790
step=9794 loss=4.0584
step=9795 loss=3.6348
step=9796 loss=3.4368
step=9797 loss=3.2989
step=9798 loss=5.2877
step=9799 loss=0.0786
step=9800 loss=3.4629
eval_step=9800 eval_loss=3.4721 eval_ppl=32.20
step=9801 loss=4.4728
step=9802 loss=4.4695
step=9803 loss=3.7273
step=9804 loss=6.0379
step=9805 loss=2.7954
step=9806 loss=4.0484
step=9807 loss=0.1617
step=9808 loss=4.3612
step=9809 loss=3.8979
step=9810 loss=4.3010
step=9811 loss=3.6043
step=9812 loss=3.0943
step=9813 loss=3.3852
step=9814 loss=4.0249
step=9815 loss=2.9650
step=9816 loss=3.2394
step=9817 loss=3.5819
step=9818 loss=0.1884
step=9819 loss=5.3513
step=9820 loss=0.1534
step=9821 loss=0.1727
step=9822 loss=0.1490
step=9823 loss=0.0813
step=9824 loss=0.0754
step=9825 loss=3.8983
step=9826 loss=4.0083
step=9827 loss=4.5146
step=9828 loss=5.8683
step=9829 loss=3.1480
step=9830 loss=6.6607
step=9831 loss=5.3660
step=9832 loss=0.0908
step=9833 loss=3.1654
step=9834 loss=4.5791
step=9835 loss=3.1827
step=9836 loss=3.8028
step=9837 loss=3.3936
step=9838 loss=0.1535
step=9839 loss=3.9460
step=9840 loss=3.7530
step=9841 loss=0.4971
step=9842 loss=3.5840
step=9843 loss=0.0753
step=9844 loss=3.1424
step=9845 loss=3.9523
step=9846 loss=3.4024
step=9847 loss=4.3922
step=9848 loss=3.6250
step=9849 loss=6.2690
step=9850 loss=0.2031
step=9851 loss=4.1745
step=9852 loss=5.5589
step=9853 loss=3.6504
step=9854 loss=3.4189
step=9855 loss=3.8049
step=9856 loss=4.1464
step=9857 loss=4.5982
step=9858 loss=4.3191
step=9859 loss=4.0756
step=9860 loss=3.9549
step=9861 loss=0.1209
step=9862 loss=5.2539
step=9863 loss=4.4011
step=9864 loss=3.5032
step=9865 loss=0.1484
step=9866 loss=5.0284
step=9867 loss=5.3855
step=9868 loss=3.8218
step=9869 loss=3.8223
step=9870 loss=3.8937
step=9871 loss=4.4934
step=9872 loss=1.0140
step=9873 loss=2.1452
step=9874 loss=3.3827
step=9875 loss=4.6296
step=9876 loss=3.1577
step=9877 loss=1.6441
step=9878 loss=3.7748
step=9879 loss=3.5881
step=9880 loss=4.0351
step=9881 loss=3.5257
step=9882 loss=4.3726
step=9883 loss=0.1137
step=9884 loss=0.2740
step=9885 loss=4.1172
step=9886 loss=5.9137
step=9887 loss=3.5393
step=9888 loss=0.1468
step=9889 loss=4.0662
step=9890 loss=3.7102
step=9891 loss=3.9499
step=9892 loss=3.5919
step=9893 loss=0.1308
step=9894 loss=5.3217
step=9895 loss=0.1519
step=9896 loss=0.1086
step=9897 loss=0.0966
step=9898 loss=3.3304
step=9899 loss=2.7819
step=9900 loss=4.9755
step=9901 loss=4.6392
step=9902 loss=4.4173
step=9903 loss=3.2666
step=9904 loss=0.1473
step=9905 loss=3.2176
step=9906 loss=4.5223
step=9907 loss=4.0626
step=9908 loss=7.1834
step=9909 loss=3.8060
step=9910 loss=4.1706
step=9911 loss=3.3498
step=9912 loss=3.8953
step=9913 loss=3.8883
step=9914 loss=5.5233
step=9915 loss=3.9479
step=9916 loss=0.1020
step=9917 loss=3.7620
step=9918 loss=3.8227
step=9919 loss=5.4053
step=9920 loss=4.9065
step=9921 loss=3.9254
step=9922 loss=0.1543
step=9923 loss=4.9980
step=9924 loss=4.0413
step=9925 loss=3.3061
step=9926 loss=6.7004
step=9927 loss=0.5835
step=9928 loss=3.6841
step=9929 loss=3.8631
step=9930 loss=3.3702
step=9931 loss=0.1317
step=9932 loss=3.7375
step=9933 loss=9.3816
step=9934 loss=4.0345
step=9935 loss=5.2386
step=9936 loss=3.9100
step=9937 loss=4.1710
step=9938 loss=6.2012
step=9939 loss=4.2255
step=9940 loss=0.3940
step=9941 loss=2.8524
step=9942 loss=0.1422
step=9943 loss=4.1396
step=9944 loss=0.2323
step=9945 loss=4.1142
step=9946 loss=5.1796
step=9947 loss=4.2779
step=9948 loss=3.8880
step=9949 loss=3.7600
step=9950 loss=3.4937
step=9951 loss=4.1847
step=9952 loss=3.5959
step=9953 loss=4.1862
step=9954 loss=3.5699
step=9955 loss=4.1234
step=9956 loss=3.6283
step=9957 loss=6.2613
step=9958 loss=3.4054
step=9959 loss=0.0881
step=9960 loss=3.9020
step=9961 loss=3.6826
step=9962 loss=5.6562
step=9963 loss=3.0988
step=9964 loss=3.5182
step=9965 loss=3.8288
step=9966 loss=0.2311
step=9967 loss=0.1052
step=9968 loss=2.8632
step=9969 loss=3.6560
step=9970 loss=3.2234
step=9971 loss=3.9411
step=9972 loss=3.7142
step=9973 loss=3.0819
step=9974 loss=0.0908
step=9975 loss=4.0136
step=9976 loss=5.5695
step=9977 loss=3.3757
step=9978 loss=0.2662
step=9979 loss=3.5549
step=9980 loss=3.2946
step=9981 loss=0.1602
step=9982 loss=3.3982
step=9983 loss=4.0085
step=9984 loss=3.7884
step=9985 loss=4.8211
step=9986 loss=3.4725
step=9987 loss=3.5731
step=9988 loss=3.7257
step=9989 loss=0.1907
step=9990 loss=3.6565
step=9991 loss=0.0942
step=9992 loss=0.1319
step=9993 loss=0.1232
step=9994 loss=3.7051
step=9995 loss=4.0619
step=9996 loss=3.7901
step=9997 loss=4.0718
step=9998 loss=3.9098
step=9999 loss=3.5171
step=10000 loss=3.8788
eval_step=10000 eval_loss=3.4704 eval_ppl=32.15
epsilon_rdp(opacus)=2.870 delta=1e-05
