/home/wlwuser/hy/conda/envs/dp-gated/lib/python3.12/site-packages/opacus/privacy_engine.py:96: UserWarning: Secure RNG turned off. This is perfectly fine for experimentation as it allows for much faster training performance, but remember to turn it on and retrain one last time before production with ``secure_mode`` turned on.
  warnings.warn(
`loss_type=None` was set in the config but it is unrecognized. Using the default loss: `ForCausalLMLoss`.
step=001 loss=4.2715
step=002 loss=4.0638
step=003 loss=3.2092
step=004 loss=4.1010
step=005 loss=3.9276
step=006 loss=4.4201
step=007 loss=3.6681
step=008 loss=2.8755
step=009 loss=4.0695
step=010 loss=3.2260
step=011 loss=3.2987
step=012 loss=3.5411
step=013 loss=4.2143
step=014 loss=3.1621
step=015 loss=4.3445
step=016 loss=3.0755
step=017 loss=3.5048
step=018 loss=3.4321
step=019 loss=4.2461
step=020 loss=3.7380
step=021 loss=3.9469
step=022 loss=5.4881
step=023 loss=7.0279
step=024 loss=3.4934
step=025 loss=3.4462
step=026 loss=4.3753
step=027 loss=4.4490
step=028 loss=2.9265
step=029 loss=3.8617
step=030 loss=3.2688
step=031 loss=5.8774
step=032 loss=3.4274
step=033 loss=4.0408
step=034 loss=3.2634
step=035 loss=4.8869
step=036 loss=3.2485
step=037 loss=3.8381
step=038 loss=3.7972
step=039 loss=3.0779
step=040 loss=3.4388
step=041 loss=3.5643
step=042 loss=4.2989
step=043 loss=4.5926
step=044 loss=3.2025
step=045 loss=6.3847
step=046 loss=3.6080
step=047 loss=2.8705
step=048 loss=3.6088
step=049 loss=3.0399
step=050 loss=3.9703
step=051 loss=3.2303
step=052 loss=4.7247
step=053 loss=6.7217
step=054 loss=4.3261
step=055 loss=6.1481
step=056 loss=4.7457
step=057 loss=4.2084
step=058 loss=3.6800
step=059 loss=4.8630
step=060 loss=5.2892
step=061 loss=3.4912
step=062 loss=3.3139
step=063 loss=4.6415
step=064 loss=4.5404
step=065 loss=3.4295
step=066 loss=2.7052
step=067 loss=4.1971
step=068 loss=4.6095
step=069 loss=3.7750
step=070 loss=4.4504
step=071 loss=3.2504
step=072 loss=3.2376
step=073 loss=3.7348
step=074 loss=3.6713
step=075 loss=3.7805
step=076 loss=2.7017
step=077 loss=3.2342
step=078 loss=4.3262
step=079 loss=6.0374
step=080 loss=5.5718
step=081 loss=4.2586
step=082 loss=4.2863
step=083 loss=3.7081
step=084 loss=4.0163
step=085 loss=3.6107
step=086 loss=6.0512
step=087 loss=3.8597
step=088 loss=3.4310
step=089 loss=3.1318
step=090 loss=4.3840
step=091 loss=3.0031
step=092 loss=3.6192
step=093 loss=3.3099
step=094 loss=3.6879
step=095 loss=3.8237
step=096 loss=4.6644
step=097 loss=4.8148
step=098 loss=4.2662
step=099 loss=5.6369
step=100 loss=3.0279
step=101 loss=3.9213
step=102 loss=4.9244
step=103 loss=4.3582
step=104 loss=4.1523
step=105 loss=4.7236
step=106 loss=3.0592
step=107 loss=6.2305
step=108 loss=3.3708
step=109 loss=4.1578
step=110 loss=7.7175
step=111 loss=6.6157
step=112 loss=6.5280
step=113 loss=4.8829
step=114 loss=3.9589
step=115 loss=3.9733
step=116 loss=4.0223
step=117 loss=5.0603
step=118 loss=4.3262
step=119 loss=3.6895
step=120 loss=3.5040
step=121 loss=4.0790
step=122 loss=3.6822
step=123 loss=3.6772
step=124 loss=3.4211
step=125 loss=3.0621
step=126 loss=3.5697
step=127 loss=5.1424
step=128 loss=4.2659
step=129 loss=3.3285
step=130 loss=4.0198
step=131 loss=5.9964
step=132 loss=5.4324
step=133 loss=3.5877
step=134 loss=3.5483
step=135 loss=4.1296
step=136 loss=4.3054
step=137 loss=3.6897
step=138 loss=4.2202
step=139 loss=3.5398
step=140 loss=3.5948
step=141 loss=3.2571
step=142 loss=4.4328
step=143 loss=3.9182
step=144 loss=5.4377
step=145 loss=4.5230
step=146 loss=3.4955
step=147 loss=2.8558
step=148 loss=3.1107
step=149 loss=4.4737
step=150 loss=4.0698
step=151 loss=2.9931
step=152 loss=3.5794
step=153 loss=4.7918
step=154 loss=3.4943
step=155 loss=4.7684
step=156 loss=4.1939
step=157 loss=4.1878
step=158 loss=3.9650
step=159 loss=4.2820
step=160 loss=3.0811
step=161 loss=2.8175
step=162 loss=3.8387
step=163 loss=3.6670
step=164 loss=3.3497
step=165 loss=5.1339
step=166 loss=5.2166
step=167 loss=3.8449
step=168 loss=3.2383
step=169 loss=3.8113
step=170 loss=4.0476
step=171 loss=2.8599
step=172 loss=3.3456
step=173 loss=4.2819
step=174 loss=3.3773
step=175 loss=3.9146
step=176 loss=5.4273
step=177 loss=4.2288
step=178 loss=3.4011
step=179 loss=5.0901
step=180 loss=3.8726
step=181 loss=3.4075
step=182 loss=3.8269
step=183 loss=6.4837
step=184 loss=3.8855
step=185 loss=4.1916
step=186 loss=5.4709
step=187 loss=3.1175
step=188 loss=3.1840
step=189 loss=5.7517
step=190 loss=3.7740
step=191 loss=3.0516
step=192 loss=8.2225
step=193 loss=3.7208
step=194 loss=4.4911
step=195 loss=3.8833
step=196 loss=3.9718
step=197 loss=3.0178
step=198 loss=4.3384
step=199 loss=3.4989
step=200 loss=5.3750
eval_step=200 eval_loss=3.7570 eval_ppl=42.82
step=201 loss=4.1783
step=202 loss=4.5088
step=203 loss=5.0348
step=204 loss=6.0987
step=205 loss=3.1806
step=206 loss=3.7855
step=207 loss=3.8439
step=208 loss=3.3471
step=209 loss=3.4951
step=210 loss=3.9798
step=211 loss=2.9432
step=212 loss=3.9533
step=213 loss=3.9906
step=214 loss=5.2963
step=215 loss=3.5193
step=216 loss=3.9980
step=217 loss=5.1912
step=218 loss=2.8853
step=219 loss=4.6377
step=220 loss=5.9640
step=221 loss=5.4519
step=222 loss=6.6506
step=223 loss=3.8176
step=224 loss=3.7576
step=225 loss=7.8079
step=226 loss=3.4278
step=227 loss=4.4073
step=228 loss=5.5976
step=229 loss=3.3154
step=230 loss=5.3630
step=231 loss=3.8978
step=232 loss=3.8923
step=233 loss=4.1457
step=234 loss=4.4400
step=235 loss=4.0202
step=236 loss=3.1740
step=237 loss=3.8808
step=238 loss=4.2769
step=239 loss=3.6314
step=240 loss=4.2268
step=241 loss=3.7817
step=242 loss=3.3870
step=243 loss=3.2399
step=244 loss=3.7019
step=245 loss=4.0856
step=246 loss=2.9503
step=247 loss=2.6661
step=248 loss=3.6451
step=249 loss=4.7079
step=250 loss=6.7441
step=251 loss=3.3682
step=252 loss=3.2832
step=253 loss=3.7784
step=254 loss=3.5008
step=255 loss=4.0065
step=256 loss=3.6418
step=257 loss=2.2549
step=258 loss=5.6061
step=259 loss=3.1674
step=260 loss=4.5998
step=261 loss=3.7887
step=262 loss=4.2275
step=263 loss=3.9153
step=264 loss=4.2094
step=265 loss=4.0512
step=266 loss=3.7717
step=267 loss=3.0304
step=268 loss=5.5927
step=269 loss=3.3342
step=270 loss=4.2128
step=271 loss=4.6115
step=272 loss=3.5037
step=273 loss=3.3715
step=274 loss=3.2821
step=275 loss=4.9906
step=276 loss=2.9881
step=277 loss=4.0245
step=278 loss=5.9748
step=279 loss=3.8991
step=280 loss=5.5346
step=281 loss=3.1840
step=282 loss=2.7120
step=283 loss=5.0663
step=284 loss=3.9278
step=285 loss=4.1244
step=286 loss=2.8585
step=287 loss=3.4188
step=288 loss=4.3887
step=289 loss=4.0654
step=290 loss=4.4472
step=291 loss=4.2756
step=292 loss=3.2831
step=293 loss=3.2366
step=294 loss=2.9308
step=295 loss=6.5287
step=296 loss=4.1277
step=297 loss=4.4250
step=298 loss=2.8196
step=299 loss=3.0959
step=300 loss=3.2691
step=301 loss=3.5993
step=302 loss=3.1828
step=303 loss=3.8086
step=304 loss=3.3264
step=305 loss=3.3421
step=306 loss=4.3290
step=307 loss=3.5577
step=308 loss=3.8844
step=309 loss=3.0276
step=310 loss=4.2714
step=311 loss=3.1908
step=312 loss=6.6130
step=313 loss=3.8792
step=314 loss=3.4086
step=315 loss=3.4441
step=316 loss=3.1870
step=317 loss=3.8638
step=318 loss=3.1984
step=319 loss=5.3427
step=320 loss=4.3995
step=321 loss=3.8955
step=322 loss=3.9036
step=323 loss=4.1069
step=324 loss=4.6001
step=325 loss=5.6930
step=326 loss=3.4899
step=327 loss=3.1024
step=328 loss=3.0921
step=329 loss=7.0397
step=330 loss=4.1589
step=331 loss=4.8176
step=332 loss=3.3277
step=333 loss=4.6465
step=334 loss=3.7851
step=335 loss=3.5865
step=336 loss=5.1688
step=337 loss=3.3430
step=338 loss=4.1276
step=339 loss=3.8685
step=340 loss=4.9653
step=341 loss=3.9707
step=342 loss=3.1025
step=343 loss=2.8782
step=344 loss=3.8760
step=345 loss=3.7184
step=346 loss=4.2251
step=347 loss=4.0437
step=348 loss=3.5027
step=349 loss=4.4256
step=350 loss=4.1440
step=351 loss=3.2199
step=352 loss=3.6405
step=353 loss=3.3678
step=354 loss=4.4246
step=355 loss=3.3943
step=356 loss=3.7819
step=357 loss=3.5615
step=358 loss=2.7215
step=359 loss=2.9269
step=360 loss=3.6326
step=361 loss=2.9067
step=362 loss=4.2377
step=363 loss=6.0575
step=364 loss=3.5916
step=365 loss=3.9960
step=366 loss=3.6716
step=367 loss=5.0663
step=368 loss=3.4751
step=369 loss=6.7154
step=370 loss=6.4739
step=371 loss=3.7508
step=372 loss=3.3195
step=373 loss=5.5455
step=374 loss=3.9992
step=375 loss=3.4374
step=376 loss=3.5758
step=377 loss=4.3342
step=378 loss=2.8120
step=379 loss=3.1887
step=380 loss=3.5724
step=381 loss=3.8436
step=382 loss=3.2655
step=383 loss=5.9433
step=384 loss=3.9112
step=385 loss=3.8123
step=386 loss=3.8245
step=387 loss=4.4580
step=388 loss=4.5563
step=389 loss=4.0322
step=390 loss=6.4524
step=391 loss=4.9633
step=392 loss=3.4504
step=393 loss=4.2696
step=394 loss=4.2548
step=395 loss=4.0406
step=396 loss=3.4108
step=397 loss=2.9114
step=398 loss=3.6382
step=399 loss=4.9325
step=400 loss=2.4432
eval_step=400 eval_loss=3.7436 eval_ppl=42.25
step=401 loss=4.0914
step=402 loss=5.5462
step=403 loss=3.2775
step=404 loss=3.3243
step=405 loss=2.7076
step=406 loss=6.0186
step=407 loss=6.3964
step=408 loss=3.8219
step=409 loss=4.4149
step=410 loss=3.4284
step=411 loss=3.4514
step=412 loss=3.1526
step=413 loss=3.5118
step=414 loss=5.8824
step=415 loss=5.5452
step=416 loss=5.9138
step=417 loss=5.8647
step=418 loss=8.2593
step=419 loss=3.4391
step=420 loss=4.4305
step=421 loss=4.0343
step=422 loss=3.1318
step=423 loss=4.9978
step=424 loss=3.6927
step=425 loss=5.0955
step=426 loss=6.1684
step=427 loss=3.5346
step=428 loss=3.8096
step=429 loss=3.5849
step=430 loss=5.9533
step=431 loss=4.3489
step=432 loss=3.1974
step=433 loss=3.2333
step=434 loss=3.1901
step=435 loss=3.2181
step=436 loss=4.0211
step=437 loss=3.8221
step=438 loss=3.4299
step=439 loss=3.0906
step=440 loss=4.3432
step=441 loss=4.0311
step=442 loss=4.0377
step=443 loss=6.2435
step=444 loss=5.0741
step=445 loss=4.1455
step=446 loss=3.5902
step=447 loss=3.5621
step=448 loss=3.7723
step=449 loss=4.3273
step=450 loss=3.5007
step=451 loss=3.4735
step=452 loss=6.5680
step=453 loss=3.0922
step=454 loss=3.8834
step=455 loss=3.2946
step=456 loss=3.7253
step=457 loss=4.2026
step=458 loss=4.0138
step=459 loss=3.8532
step=460 loss=4.4968
step=461 loss=3.2530
step=462 loss=3.5870
step=463 loss=3.5734
step=464 loss=3.5581
step=465 loss=3.5318
step=466 loss=3.3623
step=467 loss=3.1164
step=468 loss=3.5935
step=469 loss=2.8984
step=470 loss=2.9877
step=471 loss=3.9509
step=472 loss=4.4870
step=473 loss=3.5189
step=474 loss=3.5335
step=475 loss=3.2212
step=476 loss=4.2194
step=477 loss=3.5877
step=478 loss=3.3513
step=479 loss=5.1501
step=480 loss=3.1020
step=481 loss=3.4961
step=482 loss=3.8300
step=483 loss=3.8852
step=484 loss=3.4773
step=485 loss=2.8507
step=486 loss=4.5325
step=487 loss=3.4257
step=488 loss=3.2061
step=489 loss=3.4703
step=490 loss=6.4785
step=491 loss=3.5768
step=492 loss=3.4212
step=493 loss=3.6933
step=494 loss=3.7372
step=495 loss=3.5465
step=496 loss=3.9758
step=497 loss=6.7212
step=498 loss=4.6615
step=499 loss=3.0987
step=500 loss=3.7761
step=501 loss=5.1702
step=502 loss=6.8045
step=503 loss=5.3483
step=504 loss=6.9451
step=505 loss=3.4384
step=506 loss=3.0772
step=507 loss=3.6719
step=508 loss=3.7828
step=509 loss=4.7697
step=510 loss=4.3021
step=511 loss=3.7139
step=512 loss=3.8935
step=513 loss=3.0089
step=514 loss=5.7459
step=515 loss=3.9967
step=516 loss=4.2758
step=517 loss=3.6065
step=518 loss=3.7217
step=519 loss=3.5653
step=520 loss=5.4888
step=521 loss=3.7491
step=522 loss=3.2545
step=523 loss=3.1522
step=524 loss=3.1886
step=525 loss=3.8085
step=526 loss=4.0211
step=527 loss=3.1654
step=528 loss=3.8075
step=529 loss=3.8139
step=530 loss=3.9197
step=531 loss=3.0122
step=532 loss=3.7119
step=533 loss=3.7853
step=534 loss=3.5423
step=535 loss=3.2870
step=536 loss=3.2854
step=537 loss=3.3367
step=538 loss=3.1897
step=539 loss=6.3832
step=540 loss=3.4093
step=541 loss=3.4313
step=542 loss=5.1749
step=543 loss=2.8571
step=544 loss=3.1460
step=545 loss=3.7344
step=546 loss=3.4920
step=547 loss=3.2883
step=548 loss=3.4555
step=549 loss=3.8963
step=550 loss=6.0591
step=551 loss=3.7521
step=552 loss=4.1916
step=553 loss=3.6492
step=554 loss=3.8888
step=555 loss=2.5960
step=556 loss=3.5854
step=557 loss=2.9302
step=558 loss=4.0390
step=559 loss=3.1290
step=560 loss=3.8600
step=561 loss=3.6565
step=562 loss=3.7790
step=563 loss=3.4918
step=564 loss=5.7011
step=565 loss=3.8194
step=566 loss=8.5823
step=567 loss=3.2045
step=568 loss=3.6563
step=569 loss=2.5034
step=570 loss=3.4593
step=571 loss=5.4035
step=572 loss=3.7328
step=573 loss=3.6233
step=574 loss=6.3788
step=575 loss=3.5644
step=576 loss=4.2186
step=577 loss=3.3842
step=578 loss=2.6689
step=579 loss=3.9311
step=580 loss=5.1105
step=581 loss=5.2197
step=582 loss=6.2369
step=583 loss=3.4571
step=584 loss=3.3471
step=585 loss=7.4848
step=586 loss=3.9879
step=587 loss=3.2958
step=588 loss=3.9468
step=589 loss=5.2212
step=590 loss=3.4512
step=591 loss=4.1253
step=592 loss=4.0352
step=593 loss=3.6877
step=594 loss=5.6600
step=595 loss=4.8456
step=596 loss=2.8150
step=597 loss=3.8972
step=598 loss=3.4182
step=599 loss=3.4574
step=600 loss=3.4418
eval_step=600 eval_loss=3.7298 eval_ppl=41.67
step=601 loss=4.3316
step=602 loss=2.8150
step=603 loss=3.5319
step=604 loss=4.3737
step=605 loss=3.3723
step=606 loss=3.1038
step=607 loss=3.2535
step=608 loss=3.4020
step=609 loss=4.0144
step=610 loss=6.0268
step=611 loss=5.1286
step=612 loss=3.5276
step=613 loss=3.7405
step=614 loss=3.5371
step=615 loss=3.7552
step=616 loss=3.1752
step=617 loss=4.1424
step=618 loss=5.6458
step=619 loss=4.1285
step=620 loss=5.5810
step=621 loss=3.5119
step=622 loss=3.7043
step=623 loss=4.3635
step=624 loss=5.0436
step=625 loss=3.5280
step=626 loss=3.3067
step=627 loss=3.8561
step=628 loss=3.6287
step=629 loss=6.5301
step=630 loss=3.5501
step=631 loss=3.0657
step=632 loss=3.7627
step=633 loss=2.9935
step=634 loss=5.7348
step=635 loss=3.8915
step=636 loss=6.2251
step=637 loss=3.1836
step=638 loss=5.9600
step=639 loss=4.5412
step=640 loss=3.5649
step=641 loss=5.6793
step=642 loss=5.2066
step=643 loss=5.4916
step=644 loss=3.5530
step=645 loss=3.9772
step=646 loss=5.5088
step=647 loss=3.1628
step=648 loss=3.6388
step=649 loss=3.1256
step=650 loss=3.5571
step=651 loss=3.8424
step=652 loss=5.2120
step=653 loss=3.5243
step=654 loss=3.4222
step=655 loss=3.8878
step=656 loss=3.8528
step=657 loss=3.8101
step=658 loss=4.3300
step=659 loss=3.7063
step=660 loss=4.4489
step=661 loss=6.5834
step=662 loss=3.6229
step=663 loss=3.9561
step=664 loss=3.6933
step=665 loss=6.2936
step=666 loss=3.8260
step=667 loss=5.2440
step=668 loss=3.7573
step=669 loss=3.1758
step=670 loss=2.9646
step=671 loss=3.6703
step=672 loss=2.8707
step=673 loss=5.1197
step=674 loss=3.3778
step=675 loss=3.6272
step=676 loss=5.7441
step=677 loss=3.8765
step=678 loss=3.2329
step=679 loss=5.1737
step=680 loss=3.9394
step=681 loss=5.0197
step=682 loss=3.6533
step=683 loss=3.4575
step=684 loss=7.2217
step=685 loss=3.9980
step=686 loss=5.3875
step=687 loss=3.9055
step=688 loss=3.1377
step=689 loss=3.9583
step=690 loss=3.8474
step=691 loss=3.3285
step=692 loss=3.9824
step=693 loss=3.2983
step=694 loss=6.6426
step=695 loss=3.4212
step=696 loss=3.5977
step=697 loss=3.5208
step=698 loss=3.8464
step=699 loss=5.9479
step=700 loss=5.0590
step=701 loss=3.1607
step=702 loss=3.7389
step=703 loss=4.1252
step=704 loss=4.7689
step=705 loss=3.5861
step=706 loss=4.3659
step=707 loss=6.7331
step=708 loss=4.9073
step=709 loss=3.7239
step=710 loss=3.3953
step=711 loss=2.4526
step=712 loss=3.7523
step=713 loss=3.3442
step=714 loss=3.8303
step=715 loss=3.3644
step=716 loss=4.9263
step=717 loss=3.7336
step=718 loss=3.9053
step=719 loss=3.7879
step=720 loss=3.0150
step=721 loss=4.0009
step=722 loss=4.2800
step=723 loss=5.0805
step=724 loss=3.2831
step=725 loss=2.8795
step=726 loss=3.2776
step=727 loss=3.8413
step=728 loss=6.9174
step=729 loss=3.6322
step=730 loss=2.9114
step=731 loss=3.5007
step=732 loss=5.0934
step=733 loss=3.7535
step=734 loss=3.5378
step=735 loss=5.2057
step=736 loss=3.4537
step=737 loss=3.7935
step=738 loss=3.1128
step=739 loss=3.8607
step=740 loss=3.5394
step=741 loss=3.7596
step=742 loss=6.6589
step=743 loss=3.6430
step=744 loss=3.5615
step=745 loss=6.2856
step=746 loss=3.9417
step=747 loss=3.3999
step=748 loss=4.8712
step=749 loss=3.3265
step=750 loss=4.6431
step=751 loss=3.4593
step=752 loss=3.8068
step=753 loss=3.8264
step=754 loss=3.2774
step=755 loss=4.5312
step=756 loss=3.9051
step=757 loss=3.4649
step=758 loss=6.0538
step=759 loss=3.8607
step=760 loss=3.6004
step=761 loss=3.9832
step=762 loss=5.5117
step=763 loss=6.6613
step=764 loss=4.1193
step=765 loss=3.3843
step=766 loss=4.1856
step=767 loss=4.0384
step=768 loss=3.5647
step=769 loss=4.1676
step=770 loss=3.8830
step=771 loss=3.0874
step=772 loss=3.0704
step=773 loss=3.5655
step=774 loss=4.0554
step=775 loss=4.1396
step=776 loss=3.7982
step=777 loss=3.4562
step=778 loss=3.1094
step=779 loss=3.5460
step=780 loss=3.4637
step=781 loss=4.5619
step=782 loss=3.5042
step=783 loss=6.1147
step=784 loss=3.4334
step=785 loss=3.2432
step=786 loss=4.0263
step=787 loss=3.5427
step=788 loss=3.1758
step=789 loss=4.7933
step=790 loss=3.9651
step=791 loss=3.4253
step=792 loss=3.4548
step=793 loss=3.2213
step=794 loss=3.2202
step=795 loss=3.4842
step=796 loss=4.2677
step=797 loss=5.5416
step=798 loss=6.7932
step=799 loss=3.6121
step=800 loss=3.9267
eval_step=800 eval_loss=3.7172 eval_ppl=41.15
step=801 loss=4.3578
step=802 loss=5.3038
step=803 loss=3.4618
step=804 loss=4.4150
step=805 loss=3.5064
step=806 loss=3.9825
step=807 loss=3.5038
step=808 loss=3.5791
step=809 loss=6.3668
step=810 loss=3.2834
step=811 loss=3.8884
step=812 loss=3.9393
step=813 loss=3.9408
step=814 loss=6.5093
step=815 loss=4.8558
step=816 loss=3.3620
step=817 loss=3.8817
step=818 loss=3.8635
step=819 loss=3.3238
step=820 loss=6.1137
step=821 loss=3.7557
step=822 loss=6.6122
step=823 loss=3.1974
step=824 loss=3.3775
step=825 loss=6.4081
step=826 loss=4.4131
step=827 loss=3.3175
step=828 loss=4.1576
step=829 loss=3.6910
step=830 loss=3.9754
step=831 loss=5.4586
step=832 loss=3.5919
step=833 loss=3.3664
step=834 loss=3.7246
step=835 loss=4.6704
step=836 loss=3.2135
step=837 loss=3.7678
step=838 loss=4.4983
step=839 loss=2.9474
step=840 loss=3.2719
step=841 loss=3.6947
step=842 loss=5.8027
step=843 loss=4.5573
step=844 loss=7.3950
step=845 loss=3.1719
step=846 loss=5.8056
step=847 loss=5.0347
step=848 loss=7.1668
step=849 loss=3.4237
step=850 loss=3.3089
step=851 loss=3.5381
step=852 loss=3.5212
step=853 loss=4.3714
step=854 loss=2.9470
step=855 loss=3.5036
step=856 loss=3.1837
step=857 loss=3.7144
step=858 loss=3.3151
step=859 loss=4.4149
step=860 loss=3.9644
step=861 loss=3.6671
step=862 loss=3.9165
step=863 loss=3.3433
step=864 loss=5.1439
step=865 loss=3.3961
step=866 loss=4.3783
step=867 loss=3.7488
step=868 loss=3.2451
step=869 loss=3.8867
step=870 loss=3.1826
step=871 loss=3.6866
step=872 loss=3.4566
step=873 loss=3.6080
step=874 loss=3.3157
step=875 loss=4.1165
step=876 loss=4.8795
step=877 loss=3.5757
step=878 loss=3.4432
step=879 loss=3.0965
step=880 loss=3.6841
step=881 loss=4.0847
step=882 loss=3.8648
step=883 loss=5.5016
step=884 loss=3.8866
step=885 loss=2.7479
step=886 loss=3.9540
step=887 loss=3.5462
step=888 loss=3.9607
step=889 loss=3.6398
step=890 loss=3.3906
step=891 loss=3.3160
step=892 loss=4.0804
step=893 loss=3.6606
step=894 loss=3.4582
step=895 loss=3.5295
step=896 loss=3.5904
step=897 loss=3.9531
step=898 loss=4.5297
step=899 loss=3.2222
step=900 loss=4.2396
step=901 loss=3.5435
step=902 loss=3.4753
step=903 loss=5.3564
step=904 loss=3.4418
step=905 loss=3.8163
step=906 loss=3.4484
step=907 loss=4.4000
step=908 loss=3.8682
step=909 loss=2.6959
step=910 loss=3.6474
step=911 loss=2.8477
step=912 loss=3.1095
step=913 loss=5.1859
step=914 loss=2.2336
step=915 loss=3.7869
step=916 loss=5.8868
step=917 loss=6.3951
step=918 loss=4.4173
step=919 loss=4.6766
step=920 loss=3.6323
step=921 loss=3.3337
step=922 loss=3.7932
step=923 loss=4.9734
step=924 loss=5.4359
step=925 loss=3.4365
step=926 loss=5.8165
step=927 loss=3.0653
step=928 loss=3.7649
step=929 loss=3.9141
step=930 loss=4.4008
step=931 loss=4.1073
step=932 loss=4.4682
step=933 loss=2.9894
step=934 loss=3.3361
step=935 loss=3.5262
step=936 loss=3.8472
step=937 loss=3.4438
step=938 loss=3.5879
step=939 loss=3.7544
step=940 loss=3.2932
step=941 loss=3.6504
step=942 loss=3.5593
step=943 loss=3.5260
step=944 loss=3.4663
step=945 loss=6.2812
step=946 loss=3.9023
step=947 loss=3.5353
step=948 loss=4.4765
step=949 loss=3.8867
step=950 loss=5.2404
step=951 loss=3.7970
step=952 loss=3.5809
step=953 loss=5.6955
step=954 loss=3.1055
step=955 loss=3.1008
step=956 loss=4.1647
step=957 loss=3.3042
step=958 loss=3.6939
step=959 loss=4.0320
step=960 loss=2.9607
step=961 loss=3.3551
step=962 loss=3.2936
step=963 loss=3.4869
step=964 loss=3.1241
step=965 loss=2.5883
step=966 loss=4.7251
step=967 loss=5.4027
step=968 loss=4.8117
step=969 loss=3.2539
step=970 loss=5.6025
step=971 loss=2.9108
step=972 loss=3.3467
step=973 loss=4.0398
step=974 loss=6.5284
step=975 loss=3.3073
step=976 loss=3.8221
step=977 loss=3.9211
step=978 loss=3.4028
step=979 loss=3.9585
step=980 loss=3.6746
step=981 loss=7.0965
step=982 loss=5.2833
step=983 loss=5.9107
step=984 loss=5.7744
step=985 loss=3.9278
step=986 loss=3.4447
step=987 loss=5.3889
step=988 loss=2.6280
step=989 loss=3.9141
step=990 loss=3.1938
step=991 loss=3.4707
step=992 loss=2.9350
step=993 loss=5.9094
step=994 loss=3.5979
step=995 loss=5.2551
step=996 loss=3.7295
step=997 loss=3.3994
step=998 loss=3.4864
step=999 loss=3.1400
step=1000 loss=3.8840
eval_step=1000 eval_loss=3.7040 eval_ppl=40.61
step=1001 loss=3.4062
step=1002 loss=5.9930
step=1003 loss=3.2466
step=1004 loss=3.2214
step=1005 loss=4.8582
step=1006 loss=4.2766
step=1007 loss=3.2534
step=1008 loss=6.9032
step=1009 loss=3.6784
step=1010 loss=3.2113
step=1011 loss=3.6557
step=1012 loss=3.6156
step=1013 loss=3.1948
step=1014 loss=3.7567
step=1015 loss=4.0258
step=1016 loss=5.3433
step=1017 loss=3.7038
step=1018 loss=6.9827
step=1019 loss=3.4818
step=1020 loss=3.6240
step=1021 loss=3.8244
step=1022 loss=3.4537
step=1023 loss=3.6149
step=1024 loss=3.6016
step=1025 loss=3.3511
step=1026 loss=4.7976
step=1027 loss=4.0568
step=1028 loss=3.4402
step=1029 loss=3.6634
step=1030 loss=3.8310
step=1031 loss=3.3269
step=1032 loss=2.9567
step=1033 loss=5.6162
step=1034 loss=2.8953
step=1035 loss=4.3440
step=1036 loss=3.9257
step=1037 loss=4.4080
step=1038 loss=4.1194
step=1039 loss=3.1963
step=1040 loss=5.0639
step=1041 loss=5.3130
step=1042 loss=7.8516
step=1043 loss=6.0295
step=1044 loss=3.4445
step=1045 loss=3.3480
step=1046 loss=7.3817
step=1047 loss=3.1022
step=1048 loss=4.2660
step=1049 loss=4.5458
step=1050 loss=3.1532
step=1051 loss=3.0990
step=1052 loss=3.7479
step=1053 loss=3.3321
step=1054 loss=2.9868
step=1055 loss=4.4064
step=1056 loss=5.3579
step=1057 loss=4.5808
step=1058 loss=3.6019
step=1059 loss=3.2514
step=1060 loss=3.3444
step=1061 loss=4.8611
step=1062 loss=3.4264
step=1063 loss=3.5363
step=1064 loss=2.8877
step=1065 loss=3.4425
step=1066 loss=3.5179
step=1067 loss=3.0286
step=1068 loss=5.0374
step=1069 loss=3.6246
step=1070 loss=3.7436
step=1071 loss=3.7882
step=1072 loss=2.5412
step=1073 loss=3.6796
step=1074 loss=3.6925
step=1075 loss=3.7105
step=1076 loss=3.6549
step=1077 loss=3.1199
step=1078 loss=3.1619
step=1079 loss=4.5899
step=1080 loss=2.7294
step=1081 loss=5.4798
step=1082 loss=3.2529
step=1083 loss=5.5621
step=1084 loss=3.3118
step=1085 loss=3.5209
step=1086 loss=4.1382
step=1087 loss=3.6013
step=1088 loss=4.6711
step=1089 loss=3.2671
step=1090 loss=4.5766
step=1091 loss=5.2604
step=1092 loss=4.1862
step=1093 loss=4.3351
step=1094 loss=3.5348
step=1095 loss=3.7279
step=1096 loss=3.2593
step=1097 loss=5.5598
step=1098 loss=5.6926
step=1099 loss=3.1930
step=1100 loss=3.1602
step=1101 loss=6.0138
step=1102 loss=3.8225
step=1103 loss=3.1091
step=1104 loss=3.9248
step=1105 loss=3.0762
step=1106 loss=4.0561
step=1107 loss=3.2931
step=1108 loss=3.3632
step=1109 loss=3.5067
step=1110 loss=3.3857
step=1111 loss=3.5037
step=1112 loss=6.9279
step=1113 loss=3.1607
step=1114 loss=3.2344
step=1115 loss=5.4016
step=1116 loss=5.7320
step=1117 loss=3.1897
step=1118 loss=3.4831
step=1119 loss=3.2484
step=1120 loss=3.3531
step=1121 loss=4.5647
step=1122 loss=3.4791
step=1123 loss=3.7124
step=1124 loss=3.9894
step=1125 loss=4.1178
step=1126 loss=3.9135
step=1127 loss=3.1745
step=1128 loss=3.0494
step=1129 loss=3.9443
step=1130 loss=3.3271
step=1131 loss=3.3027
step=1132 loss=6.6518
step=1133 loss=5.8989
step=1134 loss=3.3402
step=1135 loss=3.9574
step=1136 loss=3.3407
step=1137 loss=3.5683
step=1138 loss=4.8445
step=1139 loss=3.5804
step=1140 loss=3.2644
step=1141 loss=3.4816
step=1142 loss=3.5303
step=1143 loss=3.9008
step=1144 loss=4.2687
step=1145 loss=3.0225
step=1146 loss=3.3802
step=1147 loss=4.5675
step=1148 loss=3.4754
step=1149 loss=3.7620
step=1150 loss=3.2873
step=1151 loss=4.2703
step=1152 loss=3.3512
step=1153 loss=3.4484
step=1154 loss=3.3717
step=1155 loss=5.1962
step=1156 loss=4.5057
step=1157 loss=3.2854
step=1158 loss=3.6331
step=1159 loss=3.3744
step=1160 loss=5.7883
step=1161 loss=3.3538
step=1162 loss=3.9408
step=1163 loss=4.2815
step=1164 loss=3.3458
step=1165 loss=3.2755
step=1166 loss=2.9418
step=1167 loss=3.1818
step=1168 loss=3.3825
step=1169 loss=3.2793
step=1170 loss=4.1558
step=1171 loss=3.6010
step=1172 loss=3.1576
step=1173 loss=3.7161
step=1174 loss=3.6398
step=1175 loss=3.6594
step=1176 loss=3.3859
step=1177 loss=3.6309
step=1178 loss=3.0055
step=1179 loss=5.8686
step=1180 loss=5.4943
step=1181 loss=3.6964
step=1182 loss=3.1378
step=1183 loss=4.8725
step=1184 loss=3.8828
step=1185 loss=4.9170
step=1186 loss=4.6056
step=1187 loss=3.6607
step=1188 loss=3.8596
step=1189 loss=4.6403
step=1190 loss=3.0940
step=1191 loss=3.6751
step=1192 loss=3.6474
step=1193 loss=3.0580
step=1194 loss=2.5580
step=1195 loss=3.6881
step=1196 loss=3.1917
step=1197 loss=4.9287
step=1198 loss=5.4917
step=1199 loss=3.8971
step=1200 loss=4.7526
eval_step=1200 eval_loss=3.6911 eval_ppl=40.09
step=1201 loss=3.1290
step=1202 loss=3.2139
step=1203 loss=3.8621
step=1204 loss=3.8556
step=1205 loss=3.7091
step=1206 loss=3.6526
step=1207 loss=4.8179
step=1208 loss=4.6863
step=1209 loss=4.6393
step=1210 loss=3.7379
step=1211 loss=4.9821
step=1212 loss=5.3750
step=1213 loss=3.3656
step=1214 loss=3.3556
step=1215 loss=3.5158
step=1216 loss=3.6772
step=1217 loss=4.0357
step=1218 loss=3.4979
step=1219 loss=2.9369
step=1220 loss=3.6643
step=1221 loss=3.0594
step=1222 loss=3.2806
step=1223 loss=4.2956
step=1224 loss=3.4401
step=1225 loss=3.4385
step=1226 loss=3.4655
step=1227 loss=3.0808
step=1228 loss=3.3747
step=1229 loss=4.5870
step=1230 loss=3.3745
step=1231 loss=3.4371
step=1232 loss=4.2613
step=1233 loss=3.8041
step=1234 loss=3.8255
step=1235 loss=3.4877
step=1236 loss=4.4597
step=1237 loss=3.4188
step=1238 loss=3.9691
step=1239 loss=3.7494
step=1240 loss=3.6498
step=1241 loss=3.4240
step=1242 loss=3.3304
step=1243 loss=3.9024
step=1244 loss=3.4497
step=1245 loss=5.9469
step=1246 loss=3.4451
step=1247 loss=3.1296
step=1248 loss=3.4612
step=1249 loss=3.3978
step=1250 loss=3.4313
step=1251 loss=4.2967
step=1252 loss=3.1657
step=1253 loss=3.4601
step=1254 loss=3.9216
step=1255 loss=3.4849
step=1256 loss=4.0643
step=1257 loss=5.0497
step=1258 loss=3.8198
step=1259 loss=3.9455
step=1260 loss=5.8352
step=1261 loss=8.1495
step=1262 loss=6.3673
step=1263 loss=3.2921
step=1264 loss=3.5512
step=1265 loss=6.9956
step=1266 loss=3.3182
step=1267 loss=4.4355
step=1268 loss=3.1831
step=1269 loss=5.4764
step=1270 loss=3.2416
step=1271 loss=2.5172
step=1272 loss=4.9932
step=1273 loss=3.9574
step=1274 loss=4.5484
step=1275 loss=3.5819
step=1276 loss=3.2050
step=1277 loss=3.3865
step=1278 loss=3.2691
step=1279 loss=5.9506
step=1280 loss=6.3051
step=1281 loss=3.5220
step=1282 loss=3.3548
step=1283 loss=5.5001
step=1284 loss=4.5947
step=1285 loss=3.5002
step=1286 loss=3.2498
step=1287 loss=3.3586
step=1288 loss=3.6834
step=1289 loss=5.7923
step=1290 loss=3.3312
step=1291 loss=3.4181
step=1292 loss=3.1986
step=1293 loss=3.3828
step=1294 loss=5.1426
step=1295 loss=6.1011
step=1296 loss=5.7202
step=1297 loss=4.6519
step=1298 loss=6.1946
step=1299 loss=4.7102
step=1300 loss=5.4707
step=1301 loss=3.4595
step=1302 loss=3.5900
step=1303 loss=3.2830
step=1304 loss=4.0339
step=1305 loss=3.3068
step=1306 loss=3.8790
step=1307 loss=3.2121
step=1308 loss=4.0694
step=1309 loss=5.8922
step=1310 loss=3.5623
step=1311 loss=3.1358
step=1312 loss=3.8243
step=1313 loss=6.9482
step=1314 loss=3.2055
step=1315 loss=3.7162
step=1316 loss=3.0218
step=1317 loss=4.8536
step=1318 loss=3.0008
step=1319 loss=4.9874
step=1320 loss=6.1084
step=1321 loss=5.0573
step=1322 loss=3.2744
step=1323 loss=3.2402
step=1324 loss=3.5441
step=1325 loss=6.6708
step=1326 loss=3.7179
step=1327 loss=3.4469
step=1328 loss=3.4427
step=1329 loss=3.9755
step=1330 loss=6.5460
step=1331 loss=4.6600
step=1332 loss=3.1653
step=1333 loss=3.5273
step=1334 loss=4.8466
step=1335 loss=5.4317
step=1336 loss=4.9409
step=1337 loss=3.9093
step=1338 loss=3.3605
step=1339 loss=3.4277
step=1340 loss=3.5606
step=1341 loss=3.1148
step=1342 loss=5.9824
step=1343 loss=2.9983
step=1344 loss=5.1440
step=1345 loss=3.4779
step=1346 loss=5.5002
step=1347 loss=5.3720
step=1348 loss=3.5699
step=1349 loss=3.6850
step=1350 loss=3.9395
step=1351 loss=3.6957
step=1352 loss=5.5869
step=1353 loss=4.3327
step=1354 loss=5.5577
step=1355 loss=2.9368
step=1356 loss=4.0998
step=1357 loss=3.2272
step=1358 loss=3.2761
step=1359 loss=3.9231
step=1360 loss=6.3799
step=1361 loss=3.3087
step=1362 loss=3.4963
step=1363 loss=3.0261
step=1364 loss=3.2865
step=1365 loss=3.3442
step=1366 loss=3.8728
step=1367 loss=5.4337
step=1368 loss=2.7036
step=1369 loss=4.9098
step=1370 loss=3.4266
step=1371 loss=5.4462
step=1372 loss=5.3125
step=1373 loss=3.8727
step=1374 loss=3.7088
step=1375 loss=3.2728
step=1376 loss=2.8299
step=1377 loss=3.0091
step=1378 loss=3.1791
step=1379 loss=3.9129
step=1380 loss=3.3828
step=1381 loss=5.3748
step=1382 loss=3.8880
step=1383 loss=3.7396
step=1384 loss=3.0800
step=1385 loss=4.0585
step=1386 loss=4.7069
step=1387 loss=3.8982
step=1388 loss=4.3065
step=1389 loss=3.5966
step=1390 loss=4.2600
step=1391 loss=4.0126
step=1392 loss=3.3887
step=1393 loss=3.4331
step=1394 loss=3.8661
step=1395 loss=4.0181
step=1396 loss=3.1084
step=1397 loss=3.6486
step=1398 loss=5.5909
step=1399 loss=3.0071
step=1400 loss=3.5053
eval_step=1400 eval_loss=3.6785 eval_ppl=39.59
step=1401 loss=5.7462
step=1402 loss=4.9695
step=1403 loss=3.3606
step=1404 loss=3.6992
step=1405 loss=4.3840
step=1406 loss=3.6612
step=1407 loss=5.5600
step=1408 loss=3.1408
step=1409 loss=3.3290
step=1410 loss=3.6424
step=1411 loss=3.0952
step=1412 loss=3.2420
step=1413 loss=3.3077
step=1414 loss=3.9616
step=1415 loss=3.8524
step=1416 loss=3.2932
step=1417 loss=4.4308
step=1418 loss=3.0254
step=1419 loss=4.6302
step=1420 loss=4.1105
step=1421 loss=3.6315
step=1422 loss=4.8327
step=1423 loss=3.1111
step=1424 loss=3.5421
step=1425 loss=3.1897
step=1426 loss=4.3738
step=1427 loss=3.4324
step=1428 loss=3.0814
step=1429 loss=3.2314
step=1430 loss=3.4922
step=1431 loss=5.6514
step=1432 loss=5.8243
step=1433 loss=3.6600
step=1434 loss=3.4914
step=1435 loss=3.1907
step=1436 loss=3.2887
step=1437 loss=3.8243
step=1438 loss=3.1387
step=1439 loss=5.2844
step=1440 loss=3.0994
step=1441 loss=3.2719
step=1442 loss=3.0902
step=1443 loss=2.3463
step=1444 loss=4.1493
step=1445 loss=3.6406
step=1446 loss=2.8256
step=1447 loss=4.8743
step=1448 loss=3.4486
step=1449 loss=4.8768
step=1450 loss=5.0538
step=1451 loss=3.3001
step=1452 loss=4.6720
step=1453 loss=3.5977
step=1454 loss=3.5096
step=1455 loss=3.3018
step=1456 loss=6.1674
step=1457 loss=5.5366
step=1458 loss=3.8396
step=1459 loss=4.1020
step=1460 loss=3.3196
step=1461 loss=3.6614
step=1462 loss=4.6814
step=1463 loss=2.6076
step=1464 loss=3.3275
step=1465 loss=3.1938
step=1466 loss=3.4754
step=1467 loss=2.9655
step=1468 loss=5.1287
step=1469 loss=4.5305
step=1470 loss=3.7750
step=1471 loss=3.3756
step=1472 loss=3.1953
step=1473 loss=3.2903
step=1474 loss=6.9061
step=1475 loss=3.5272
step=1476 loss=2.9658
step=1477 loss=7.1090
step=1478 loss=3.3103
step=1479 loss=2.9780
step=1480 loss=3.9192
step=1481 loss=3.3926
step=1482 loss=3.3089
step=1483 loss=4.9093
step=1484 loss=3.4466
step=1485 loss=4.8101
step=1486 loss=4.3807
step=1487 loss=4.6227
step=1488 loss=7.1599
step=1489 loss=5.0772
step=1490 loss=3.8439
step=1491 loss=5.6173
step=1492 loss=4.8729
step=1493 loss=3.8445
step=1494 loss=4.8165
step=1495 loss=3.6933
step=1496 loss=3.9290
step=1497 loss=4.4145
step=1498 loss=5.9068
step=1499 loss=3.7928
step=1500 loss=3.5920
step=1501 loss=3.5784
step=1502 loss=3.3491
step=1503 loss=2.8402
step=1504 loss=3.5789
step=1505 loss=3.4753
step=1506 loss=3.3328
step=1507 loss=3.4122
step=1508 loss=5.6868
step=1509 loss=3.2063
step=1510 loss=3.2690
step=1511 loss=2.8090
step=1512 loss=2.5813
step=1513 loss=3.5989
step=1514 loss=6.7060
step=1515 loss=3.7852
step=1516 loss=3.8714
step=1517 loss=4.0124
step=1518 loss=3.7236
step=1519 loss=3.9422
step=1520 loss=2.1444
step=1521 loss=3.6272
step=1522 loss=5.6100
step=1523 loss=4.0613
step=1524 loss=3.3371
step=1525 loss=3.0697
step=1526 loss=5.1610
step=1527 loss=3.6153
step=1528 loss=5.2845
step=1529 loss=3.5742
step=1530 loss=3.2126
step=1531 loss=3.5386
step=1532 loss=3.8274
step=1533 loss=3.7399
step=1534 loss=5.4628
step=1535 loss=3.1278
step=1536 loss=3.5836
step=1537 loss=2.7017
step=1538 loss=3.0090
step=1539 loss=3.3066
step=1540 loss=3.7170
step=1541 loss=5.2977
step=1542 loss=6.1857
step=1543 loss=3.1123
step=1544 loss=2.8917
step=1545 loss=3.0227
step=1546 loss=3.5146
step=1547 loss=3.9620
step=1548 loss=3.5614
step=1549 loss=3.2428
step=1550 loss=3.5537
step=1551 loss=3.0860
step=1552 loss=5.5729
step=1553 loss=7.3694
step=1554 loss=3.2376
step=1555 loss=3.9610
step=1556 loss=4.4254
step=1557 loss=4.2301
step=1558 loss=3.8269
step=1559 loss=2.8305
step=1560 loss=3.2193
step=1561 loss=4.7983
step=1562 loss=3.2688
step=1563 loss=5.1331
step=1564 loss=5.1223
step=1565 loss=3.2516
step=1566 loss=3.2276
step=1567 loss=3.7217
step=1568 loss=3.0212
step=1569 loss=3.8551
step=1570 loss=3.2153
step=1571 loss=4.1220
step=1572 loss=4.1715
step=1573 loss=3.9135
step=1574 loss=3.1803
step=1575 loss=5.4705
step=1576 loss=3.6021
step=1577 loss=3.4019
step=1578 loss=4.2308
step=1579 loss=3.2805
step=1580 loss=3.6792
step=1581 loss=3.6293
step=1582 loss=3.1608
step=1583 loss=3.3396
step=1584 loss=3.2358
step=1585 loss=3.0485
step=1586 loss=2.6405
step=1587 loss=3.5296
step=1588 loss=3.3666
step=1589 loss=2.8507
step=1590 loss=5.4163
step=1591 loss=3.5780
step=1592 loss=3.2802
step=1593 loss=4.0675
step=1594 loss=3.3073
step=1595 loss=3.4648
step=1596 loss=3.7611
step=1597 loss=3.3473
step=1598 loss=3.2520
step=1599 loss=3.9626
step=1600 loss=3.9234
eval_step=1600 eval_loss=3.6657 eval_ppl=39.09
step=1601 loss=3.4561
step=1602 loss=5.7864
step=1603 loss=3.1478
step=1604 loss=3.3238
step=1605 loss=2.8909
step=1606 loss=3.5462
step=1607 loss=3.5676
step=1608 loss=3.3024
step=1609 loss=3.1446
step=1610 loss=3.7437
step=1611 loss=3.7957
step=1612 loss=3.2834
step=1613 loss=4.9223
step=1614 loss=3.1244
step=1615 loss=3.5310
step=1616 loss=3.3085
step=1617 loss=3.3731
step=1618 loss=4.0210
step=1619 loss=4.2636
step=1620 loss=3.2838
step=1621 loss=5.6315
step=1622 loss=3.6600
step=1623 loss=3.6370
step=1624 loss=3.1136
step=1625 loss=3.5290
step=1626 loss=3.4157
step=1627 loss=5.5341
step=1628 loss=3.6190
step=1629 loss=5.4864
step=1630 loss=5.5160
step=1631 loss=2.9449
step=1632 loss=5.7419
step=1633 loss=3.1527
step=1634 loss=6.4313
step=1635 loss=4.4874
step=1636 loss=5.2329
step=1637 loss=6.3546
step=1638 loss=4.1409
step=1639 loss=5.3171
step=1640 loss=3.8187
step=1641 loss=2.9297
step=1642 loss=4.9393
step=1643 loss=3.0071
step=1644 loss=3.3146
step=1645 loss=3.0651
step=1646 loss=3.3547
step=1647 loss=3.5444
step=1648 loss=3.4075
step=1649 loss=3.7388
step=1650 loss=5.4408
step=1651 loss=9.0783
step=1652 loss=3.4322
step=1653 loss=3.8946
step=1654 loss=4.8425
step=1655 loss=5.4483
step=1656 loss=2.9626
step=1657 loss=2.9103
step=1658 loss=3.0643
step=1659 loss=3.3346
step=1660 loss=4.9192
step=1661 loss=3.2344
step=1662 loss=3.2499
step=1663 loss=3.6654
step=1664 loss=4.2592
step=1665 loss=4.3234
step=1666 loss=2.9213
step=1667 loss=3.4819
step=1668 loss=4.3445
step=1669 loss=3.1446
step=1670 loss=3.2160
step=1671 loss=6.9422
step=1672 loss=3.0890
step=1673 loss=6.3552
step=1674 loss=3.7686
step=1675 loss=3.9617
step=1676 loss=4.3605
step=1677 loss=3.7503
step=1678 loss=2.7838
step=1679 loss=6.4173
step=1680 loss=4.6400
step=1681 loss=3.8409
step=1682 loss=3.3997
step=1683 loss=2.5276
step=1684 loss=3.8492
step=1685 loss=2.6643
step=1686 loss=3.3437
step=1687 loss=3.2414
step=1688 loss=3.9116
step=1689 loss=3.9333
step=1690 loss=3.6620
step=1691 loss=3.3538
step=1692 loss=4.0300
step=1693 loss=3.2019
step=1694 loss=3.8242
step=1695 loss=3.8272
step=1696 loss=2.8167
step=1697 loss=6.4723
step=1698 loss=4.9453
step=1699 loss=5.8205
step=1700 loss=2.2615
step=1701 loss=5.4206
step=1702 loss=3.0159
step=1703 loss=4.1734
step=1704 loss=3.7232
step=1705 loss=3.3457
step=1706 loss=4.7573
step=1707 loss=4.8106
step=1708 loss=3.0012
step=1709 loss=3.2760
step=1710 loss=2.9859
step=1711 loss=3.9742
step=1712 loss=5.3692
step=1713 loss=3.7396
step=1714 loss=5.2266
step=1715 loss=3.1263
step=1716 loss=3.0895
step=1717 loss=2.7109
step=1718 loss=4.0485
step=1719 loss=5.8375
step=1720 loss=3.9018
step=1721 loss=4.5008
step=1722 loss=3.2307
step=1723 loss=3.2710
step=1724 loss=2.7146
step=1725 loss=3.1081
step=1726 loss=3.2206
step=1727 loss=4.0052
step=1728 loss=3.2090
step=1729 loss=3.5852
step=1730 loss=3.6459
step=1731 loss=3.4168
step=1732 loss=3.5539
step=1733 loss=5.4707
step=1734 loss=3.9511
step=1735 loss=3.2294
step=1736 loss=5.4134
step=1737 loss=4.3696
step=1738 loss=3.8292
step=1739 loss=2.9994
step=1740 loss=3.5415
step=1741 loss=3.2063
step=1742 loss=2.8457
step=1743 loss=5.0820
step=1744 loss=3.1303
step=1745 loss=4.5035
step=1746 loss=5.2698
step=1747 loss=3.4508
step=1748 loss=6.0299
step=1749 loss=3.6319
step=1750 loss=3.0572
step=1751 loss=3.0600
step=1752 loss=3.1103
step=1753 loss=4.0856
step=1754 loss=3.0989
step=1755 loss=3.8063
step=1756 loss=3.0014
step=1757 loss=3.6556
step=1758 loss=2.9884
step=1759 loss=3.5920
step=1760 loss=2.9511
step=1761 loss=3.4866
step=1762 loss=3.0282
step=1763 loss=4.7682
step=1764 loss=3.0785
step=1765 loss=5.2381
step=1766 loss=4.1202
step=1767 loss=4.5941
step=1768 loss=6.4204
step=1769 loss=3.9678
step=1770 loss=2.5893
step=1771 loss=5.2445
step=1772 loss=3.7412
step=1773 loss=6.2349
step=1774 loss=5.6150
step=1775 loss=3.0577
step=1776 loss=3.4203
step=1777 loss=3.8790
step=1778 loss=2.8985
step=1779 loss=4.2319
step=1780 loss=3.9469
step=1781 loss=3.5096
step=1782 loss=3.1905
step=1783 loss=3.7034
step=1784 loss=3.3889
step=1785 loss=3.6974
step=1786 loss=3.9600
step=1787 loss=3.1156
step=1788 loss=2.8693
step=1789 loss=2.9713
step=1790 loss=5.8841
step=1791 loss=3.1304
step=1792 loss=3.4648
step=1793 loss=3.7292
step=1794 loss=4.8046
step=1795 loss=3.7034
step=1796 loss=4.1635
step=1797 loss=3.7513
step=1798 loss=6.4358
step=1799 loss=6.0305
step=1800 loss=3.3719
eval_step=1800 eval_loss=3.6537 eval_ppl=38.62
step=1801 loss=4.2618
step=1802 loss=3.8523
step=1803 loss=2.7654
step=1804 loss=3.8320
step=1805 loss=3.6825
step=1806 loss=3.8552
step=1807 loss=4.9642
step=1808 loss=2.9397
step=1809 loss=3.3695
step=1810 loss=3.7314
step=1811 loss=3.3747
step=1812 loss=3.4414
step=1813 loss=3.1256
step=1814 loss=5.2528
step=1815 loss=3.9235
step=1816 loss=5.2080
step=1817 loss=2.5112
step=1818 loss=2.6048
step=1819 loss=4.8924
step=1820 loss=4.1684
step=1821 loss=3.2068
step=1822 loss=3.0029
step=1823 loss=2.9810
step=1824 loss=6.9064
step=1825 loss=3.5827
step=1826 loss=3.4657
step=1827 loss=2.5619
step=1828 loss=3.5172
step=1829 loss=4.3002
step=1830 loss=2.8053
step=1831 loss=4.1401
step=1832 loss=2.8534
step=1833 loss=3.0057
step=1834 loss=3.5024
step=1835 loss=5.4328
step=1836 loss=3.7837
step=1837 loss=5.3821
step=1838 loss=3.5126
step=1839 loss=3.9692
step=1840 loss=2.8695
step=1841 loss=5.3028
step=1842 loss=3.4272
step=1843 loss=3.7147
step=1844 loss=3.6289
step=1845 loss=3.7589
step=1846 loss=4.4391
step=1847 loss=3.4422
step=1848 loss=3.7825
step=1849 loss=3.2659
step=1850 loss=5.1018
step=1851 loss=3.1056
step=1852 loss=3.3452
step=1853 loss=3.6029
step=1854 loss=2.9444
step=1855 loss=2.8953
step=1856 loss=3.5430
step=1857 loss=3.5056
step=1858 loss=3.3320
step=1859 loss=6.8670
step=1860 loss=3.9982
step=1861 loss=4.5615
step=1862 loss=3.4451
step=1863 loss=2.7216
step=1864 loss=3.7706
step=1865 loss=4.2830
step=1866 loss=3.0767
step=1867 loss=3.4299
step=1868 loss=3.5968
step=1869 loss=2.7538
step=1870 loss=3.4724
step=1871 loss=3.7068
step=1872 loss=3.6398
step=1873 loss=5.2174
step=1874 loss=3.7174
step=1875 loss=3.8453
step=1876 loss=4.8854
step=1877 loss=3.0059
step=1878 loss=5.8010
step=1879 loss=3.8186
step=1880 loss=3.4915
step=1881 loss=3.4950
step=1882 loss=4.1043
step=1883 loss=3.7474
step=1884 loss=3.5158
step=1885 loss=7.1268
step=1886 loss=5.2641
step=1887 loss=3.8484
step=1888 loss=3.2854
step=1889 loss=4.7882
step=1890 loss=7.1604
step=1891 loss=3.8448
step=1892 loss=3.3667
step=1893 loss=3.7956
step=1894 loss=3.1317
step=1895 loss=5.5975
step=1896 loss=2.8518
step=1897 loss=2.9531
step=1898 loss=2.6565
step=1899 loss=3.7315
step=1900 loss=3.1953
step=1901 loss=3.9816
step=1902 loss=4.3491
step=1903 loss=4.9472
step=1904 loss=3.3134
step=1905 loss=5.7197
step=1906 loss=3.8057
step=1907 loss=4.7239
step=1908 loss=4.2173
step=1909 loss=3.2048
step=1910 loss=3.4892
step=1911 loss=4.6504
step=1912 loss=4.1402
step=1913 loss=4.7436
step=1914 loss=3.0570
step=1915 loss=6.5827
step=1916 loss=3.0172
step=1917 loss=3.5316
step=1918 loss=3.5230
step=1919 loss=3.1951
step=1920 loss=3.0310
step=1921 loss=4.1199
step=1922 loss=3.5099
step=1923 loss=7.2341
step=1924 loss=3.0155
step=1925 loss=2.7998
step=1926 loss=2.9150
step=1927 loss=3.1360
step=1928 loss=3.0217
step=1929 loss=2.4982
step=1930 loss=3.0705
step=1931 loss=3.4455
step=1932 loss=3.7451
step=1933 loss=2.6642
step=1934 loss=3.3888
step=1935 loss=6.0824
step=1936 loss=2.8295
step=1937 loss=3.7816
step=1938 loss=2.6446
step=1939 loss=4.1557
step=1940 loss=6.9879
step=1941 loss=3.5799
step=1942 loss=4.4030
step=1943 loss=4.1549
step=1944 loss=6.4487
step=1945 loss=5.6629
step=1946 loss=5.1713
step=1947 loss=3.2259
step=1948 loss=4.0858
step=1949 loss=3.8089
step=1950 loss=4.6775
step=1951 loss=2.8711
step=1952 loss=3.0235
step=1953 loss=2.9922
step=1954 loss=3.1383
step=1955 loss=3.2144
step=1956 loss=4.1518
step=1957 loss=3.4739
step=1958 loss=3.2909
step=1959 loss=4.8401
step=1960 loss=6.6916
step=1961 loss=3.2150
step=1962 loss=3.0924
step=1963 loss=3.8887
step=1964 loss=4.5276
step=1965 loss=5.5466
step=1966 loss=3.3219
step=1967 loss=3.0544
step=1968 loss=5.8412
step=1969 loss=2.9964
step=1970 loss=6.4699
step=1971 loss=4.3632
step=1972 loss=3.0815
step=1973 loss=3.5363
step=1974 loss=3.5157
step=1975 loss=3.4376
step=1976 loss=3.7104
step=1977 loss=5.0335
step=1978 loss=2.5546
step=1979 loss=3.5257
step=1980 loss=2.5524
step=1981 loss=3.9656
step=1982 loss=3.7395
step=1983 loss=2.7907
step=1984 loss=6.0227
step=1985 loss=3.8309
step=1986 loss=5.1513
step=1987 loss=2.6133
step=1988 loss=5.3457
step=1989 loss=2.9424
step=1990 loss=3.7480
step=1991 loss=2.8853
step=1992 loss=3.4130
step=1993 loss=3.5607
step=1994 loss=3.0919
step=1995 loss=3.0623
step=1996 loss=3.3141
step=1997 loss=3.3260
step=1998 loss=5.3403
step=1999 loss=4.7780
step=2000 loss=2.5546
eval_step=2000 eval_loss=3.6407 eval_ppl=38.12
step=2001 loss=3.3284
step=2002 loss=3.3816
step=2003 loss=2.7476
step=2004 loss=4.1157
step=2005 loss=3.7940
step=2006 loss=3.9097
step=2007 loss=6.6860
step=2008 loss=3.9734
step=2009 loss=5.4466
step=2010 loss=3.0720
step=2011 loss=3.8075
step=2012 loss=3.7661
step=2013 loss=4.6319
step=2014 loss=3.8100
step=2015 loss=5.1290
step=2016 loss=3.8805
step=2017 loss=3.0468
step=2018 loss=2.6755
step=2019 loss=3.7893
step=2020 loss=3.4493
step=2021 loss=3.3492
step=2022 loss=2.8109
step=2023 loss=3.4825
step=2024 loss=2.9882
step=2025 loss=3.0411
step=2026 loss=3.1896
step=2027 loss=2.9183
step=2028 loss=2.6612
step=2029 loss=4.1330
step=2030 loss=2.9120
step=2031 loss=3.1918
step=2032 loss=2.8214
step=2033 loss=4.2363
step=2034 loss=3.8610
step=2035 loss=5.6790
step=2036 loss=3.6576
step=2037 loss=5.0821
step=2038 loss=2.4789
step=2039 loss=2.5337
step=2040 loss=3.4106
step=2041 loss=3.6037
step=2042 loss=2.9695
step=2043 loss=6.6278
step=2044 loss=2.5941
step=2045 loss=2.4296
step=2046 loss=3.4320
step=2047 loss=4.2255
step=2048 loss=4.6572
step=2049 loss=3.6442
step=2050 loss=3.3579
step=2051 loss=3.6816
step=2052 loss=2.6346
step=2053 loss=2.6131
step=2054 loss=3.4026
step=2055 loss=3.1704
step=2056 loss=3.5457
step=2057 loss=2.6571
step=2058 loss=4.9459
step=2059 loss=3.2263
step=2060 loss=2.6879
step=2061 loss=3.0082
step=2062 loss=3.2209
step=2063 loss=3.2578
step=2064 loss=3.5843
step=2065 loss=2.7011
step=2066 loss=2.4816
step=2067 loss=5.3243
step=2068 loss=3.3989
step=2069 loss=5.7890
step=2070 loss=2.5560
step=2071 loss=3.6799
step=2072 loss=3.2362
step=2073 loss=5.7649
step=2074 loss=3.1253
step=2075 loss=3.3185
step=2076 loss=3.2579
step=2077 loss=3.6799
step=2078 loss=4.1079
step=2079 loss=3.6657
step=2080 loss=4.0871
step=2081 loss=3.6618
step=2082 loss=2.9112
step=2083 loss=3.5699
step=2084 loss=3.7947
step=2085 loss=2.6724
step=2086 loss=6.9401
step=2087 loss=4.4429
step=2088 loss=4.5838
step=2089 loss=3.9109
step=2090 loss=3.4621
step=2091 loss=4.3530
step=2092 loss=3.5886
step=2093 loss=6.5930
step=2094 loss=4.9082
step=2095 loss=2.3779
step=2096 loss=3.4936
step=2097 loss=2.4546
step=2098 loss=2.6377
step=2099 loss=3.2906
step=2100 loss=5.1243
step=2101 loss=2.9619
step=2102 loss=3.4834
step=2103 loss=3.5979
step=2104 loss=3.2162
step=2105 loss=5.6406
step=2106 loss=3.9819
step=2107 loss=4.7032
step=2108 loss=2.5075
step=2109 loss=4.7572
step=2110 loss=3.8772
step=2111 loss=3.0036
step=2112 loss=2.7328
step=2113 loss=3.4559
step=2114 loss=3.6922
step=2115 loss=2.5672
step=2116 loss=3.4202
step=2117 loss=2.7595
step=2118 loss=3.4587
step=2119 loss=3.9253
step=2120 loss=3.8793
step=2121 loss=3.7608
step=2122 loss=2.9725
step=2123 loss=4.0154
step=2124 loss=3.5854
step=2125 loss=3.4733
step=2126 loss=2.6486
step=2127 loss=2.4558
step=2128 loss=2.7246
step=2129 loss=3.0761
step=2130 loss=6.1647
step=2131 loss=3.6778
step=2132 loss=4.0195
step=2133 loss=2.9998
step=2134 loss=3.0911
step=2135 loss=5.6162
step=2136 loss=3.0842
step=2137 loss=2.9766
step=2138 loss=3.0866
step=2139 loss=3.5069
step=2140 loss=3.2337
step=2141 loss=3.5380
step=2142 loss=3.5839
step=2143 loss=4.5080
step=2144 loss=3.5833
step=2145 loss=3.2297
step=2146 loss=3.8170
step=2147 loss=2.6564
step=2148 loss=4.0884
step=2149 loss=6.1490
step=2150 loss=3.8607
step=2151 loss=4.1483
step=2152 loss=3.6483
step=2153 loss=4.1390
step=2154 loss=3.9670
step=2155 loss=4.8746
step=2156 loss=3.5924
step=2157 loss=3.1078
step=2158 loss=3.4602
step=2159 loss=2.7539
step=2160 loss=4.7724
step=2161 loss=3.5987
step=2162 loss=5.3616
step=2163 loss=4.4132
step=2164 loss=6.4707
step=2165 loss=3.1969
step=2166 loss=3.3406
step=2167 loss=3.7297
step=2168 loss=5.5304
step=2169 loss=3.2111
step=2170 loss=3.2768
step=2171 loss=2.8391
step=2172 loss=2.6095
step=2173 loss=2.9764
step=2174 loss=4.3113
step=2175 loss=3.2227
step=2176 loss=2.4007
step=2177 loss=4.9921
step=2178 loss=2.2000
step=2179 loss=4.3987
step=2180 loss=3.9910
step=2181 loss=2.5427
step=2182 loss=2.3416
step=2183 loss=6.6501
step=2184 loss=3.0047
step=2185 loss=2.5909
step=2186 loss=3.5011
step=2187 loss=7.3875
step=2188 loss=3.4850
step=2189 loss=5.0698
step=2190 loss=3.7070
step=2191 loss=3.6078
step=2192 loss=2.6153
step=2193 loss=3.7327
step=2194 loss=3.6283
step=2195 loss=4.8203
step=2196 loss=2.3452
step=2197 loss=3.9127
step=2198 loss=2.4424
step=2199 loss=4.0489
step=2200 loss=3.8784
eval_step=2200 eval_loss=3.6280 eval_ppl=37.64
step=2201 loss=3.4805
step=2202 loss=3.5552
step=2203 loss=3.5640
step=2204 loss=5.2109
step=2205 loss=6.1200
step=2206 loss=3.7509
step=2207 loss=3.3072
step=2208 loss=2.8260
step=2209 loss=3.3893
step=2210 loss=4.2786
step=2211 loss=3.3948
step=2212 loss=4.0090
step=2213 loss=4.2881
step=2214 loss=3.4885
step=2215 loss=3.7132
step=2216 loss=3.7187
step=2217 loss=2.1664
step=2218 loss=2.9374
step=2219 loss=4.8391
step=2220 loss=2.3759
step=2221 loss=2.5728
step=2222 loss=4.1400
step=2223 loss=2.5814
step=2224 loss=3.8114
step=2225 loss=2.9064
step=2226 loss=2.7645
step=2227 loss=5.6240
step=2228 loss=3.6609
step=2229 loss=3.8522
step=2230 loss=4.7767
step=2231 loss=3.6450
step=2232 loss=3.8830
step=2233 loss=2.4462
step=2234 loss=5.3835
step=2235 loss=3.4199
step=2236 loss=3.5967
step=2237 loss=5.5838
step=2238 loss=3.7541
step=2239 loss=3.0484
step=2240 loss=3.6719
step=2241 loss=2.7286
step=2242 loss=3.4111
step=2243 loss=4.5873
step=2244 loss=3.8298
step=2245 loss=3.2788
step=2246 loss=3.8114
step=2247 loss=6.1166
step=2248 loss=3.5776
step=2249 loss=3.9827
step=2250 loss=4.6643
step=2251 loss=4.6921
step=2252 loss=3.5237
step=2253 loss=2.2918
step=2254 loss=3.6095
step=2255 loss=2.8851
step=2256 loss=5.8060
step=2257 loss=3.1875
step=2258 loss=2.4497
step=2259 loss=2.4912
step=2260 loss=4.5242
step=2261 loss=3.2344
step=2262 loss=2.8306
step=2263 loss=3.3331
step=2264 loss=3.4054
step=2265 loss=6.5215
step=2266 loss=6.5097
step=2267 loss=3.5952
step=2268 loss=4.0770
step=2269 loss=2.7871
step=2270 loss=6.3963
step=2271 loss=3.6030
step=2272 loss=5.0438
step=2273 loss=4.4781
step=2274 loss=2.5624
step=2275 loss=3.6268
step=2276 loss=2.1624
step=2277 loss=5.4701
step=2278 loss=3.1156
step=2279 loss=2.9576
step=2280 loss=3.5174
step=2281 loss=3.5643
step=2282 loss=3.3218
step=2283 loss=5.1850
step=2284 loss=4.2944
step=2285 loss=4.7326
step=2286 loss=3.4498
step=2287 loss=3.3738
step=2288 loss=3.9130
step=2289 loss=5.4970
step=2290 loss=2.6495
step=2291 loss=3.6281
step=2292 loss=2.4192
step=2293 loss=6.7786
step=2294 loss=3.5147
step=2295 loss=2.1652
step=2296 loss=4.3845
step=2297 loss=3.4281
step=2298 loss=5.6627
step=2299 loss=3.4230
step=2300 loss=3.6191
step=2301 loss=2.6931
step=2302 loss=6.0407
step=2303 loss=5.0874
step=2304 loss=3.5892
step=2305 loss=6.0430
step=2306 loss=3.3291
step=2307 loss=2.8440
step=2308 loss=2.8999
step=2309 loss=3.2331
step=2310 loss=2.4533
step=2311 loss=2.2452
step=2312 loss=3.7951
step=2313 loss=3.3528
step=2314 loss=8.5487
step=2315 loss=3.3448
step=2316 loss=2.3784
step=2317 loss=2.2898
step=2318 loss=2.8720
step=2319 loss=4.5642
step=2320 loss=6.9117
step=2321 loss=5.0967
step=2322 loss=4.1380
step=2323 loss=3.2334
step=2324 loss=4.4115
step=2325 loss=5.2184
step=2326 loss=3.4045
step=2327 loss=3.7539
step=2328 loss=4.7696
step=2329 loss=3.1174
step=2330 loss=3.8878
step=2331 loss=2.3138
step=2332 loss=3.9189
step=2333 loss=3.8634
step=2334 loss=2.9972
step=2335 loss=5.1742
step=2336 loss=5.7240
step=2337 loss=4.9444
step=2338 loss=5.8587
step=2339 loss=3.6475
step=2340 loss=3.1727
step=2341 loss=3.3642
step=2342 loss=3.4068
step=2343 loss=5.4144
step=2344 loss=3.4006
step=2345 loss=3.3986
step=2346 loss=3.7164
step=2347 loss=2.8815
step=2348 loss=4.8641
step=2349 loss=5.6260
step=2350 loss=3.0090
step=2351 loss=3.6259
step=2352 loss=3.7687
step=2353 loss=2.4833
step=2354 loss=3.4285
step=2355 loss=3.8991
step=2356 loss=7.3859
step=2357 loss=3.5041
step=2358 loss=4.1863
step=2359 loss=2.9231
step=2360 loss=3.9828
step=2361 loss=3.7128
step=2362 loss=4.8615
step=2363 loss=3.9219
step=2364 loss=5.1267
step=2365 loss=3.6347
step=2366 loss=2.5764
step=2367 loss=3.8336
step=2368 loss=5.2816
step=2369 loss=4.2857
step=2370 loss=2.8830
step=2371 loss=3.8089
step=2372 loss=4.6151
step=2373 loss=2.4405
step=2374 loss=3.2065
step=2375 loss=2.5929
step=2376 loss=3.0549
step=2377 loss=2.5298
step=2378 loss=2.5076
step=2379 loss=3.6105
step=2380 loss=4.0347
step=2381 loss=2.8086
step=2382 loss=3.8473
step=2383 loss=3.4665
step=2384 loss=3.2693
step=2385 loss=3.6203
step=2386 loss=3.2248
step=2387 loss=3.1330
step=2388 loss=2.6963
step=2389 loss=3.7128
step=2390 loss=3.8669
step=2391 loss=3.3540
step=2392 loss=6.1023
step=2393 loss=6.8014
step=2394 loss=4.0478
step=2395 loss=5.3497
step=2396 loss=2.5515
step=2397 loss=3.8678
step=2398 loss=3.3714
step=2399 loss=4.1496
step=2400 loss=5.0535
eval_step=2400 eval_loss=3.6146 eval_ppl=37.14
step=2401 loss=3.2598
step=2402 loss=4.8603
step=2403 loss=2.4597
step=2404 loss=4.8200
step=2405 loss=3.2798
step=2406 loss=4.9737
step=2407 loss=4.0316
step=2408 loss=3.2548
step=2409 loss=3.7737
step=2410 loss=3.1985
step=2411 loss=2.9330
step=2412 loss=3.6644
step=2413 loss=3.1808
step=2414 loss=3.2232
step=2415 loss=2.2241
step=2416 loss=4.8404
step=2417 loss=4.3175
step=2418 loss=2.3745
step=2419 loss=4.9541
step=2420 loss=2.9344
step=2421 loss=4.6870
step=2422 loss=6.1196
step=2423 loss=3.5806
step=2424 loss=2.3128
step=2425 loss=3.7835
step=2426 loss=3.4287
step=2427 loss=3.5330
step=2428 loss=7.0787
step=2429 loss=2.2213
step=2430 loss=3.7844
step=2431 loss=2.7115
step=2432 loss=2.2042
step=2433 loss=3.2366
step=2434 loss=3.2480
step=2435 loss=3.5492
step=2436 loss=5.5007
step=2437 loss=3.5035
step=2438 loss=2.6433
step=2439 loss=3.3198
step=2440 loss=3.1621
step=2441 loss=2.6212
step=2442 loss=3.0744
step=2443 loss=3.7251
step=2444 loss=3.4005
step=2445 loss=1.9835
step=2446 loss=3.1464
step=2447 loss=3.6450
step=2448 loss=3.5133
step=2449 loss=5.5481
step=2450 loss=3.0842
step=2451 loss=2.1707
step=2452 loss=3.6113
step=2453 loss=2.5541
step=2454 loss=3.3201
step=2455 loss=2.5395
step=2456 loss=4.9542
step=2457 loss=3.2872
step=2458 loss=3.5874
step=2459 loss=3.5325
step=2460 loss=3.4981
step=2461 loss=3.1365
step=2462 loss=5.8973
step=2463 loss=4.0298
step=2464 loss=3.6190
step=2465 loss=2.8634
step=2466 loss=5.4253
step=2467 loss=3.1406
step=2468 loss=3.2033
step=2469 loss=2.2850
step=2470 loss=4.3400
step=2471 loss=4.4606
step=2472 loss=3.3478
step=2473 loss=6.6969
step=2474 loss=3.0897
step=2475 loss=3.6285
step=2476 loss=3.1404
step=2477 loss=2.3603
step=2478 loss=4.4020
step=2479 loss=3.3308
step=2480 loss=2.2063
step=2481 loss=3.5847
step=2482 loss=3.6852
step=2483 loss=5.7442
step=2484 loss=2.5416
step=2485 loss=4.3712
step=2486 loss=2.3303
step=2487 loss=4.4523
step=2488 loss=4.2490
step=2489 loss=5.9674
step=2490 loss=3.0198
step=2491 loss=3.3451
step=2492 loss=2.2226
step=2493 loss=3.2419
step=2494 loss=2.6614
step=2495 loss=4.0517
step=2496 loss=3.2516
step=2497 loss=4.3593
step=2498 loss=3.7293
step=2499 loss=3.5350
step=2500 loss=3.2290
step=2501 loss=2.5140
step=2502 loss=3.6471
step=2503 loss=3.5251
step=2504 loss=3.4537
step=2505 loss=3.6219
step=2506 loss=3.4020
step=2507 loss=4.6326
step=2508 loss=4.4265
step=2509 loss=2.3888
step=2510 loss=2.9221
step=2511 loss=2.2419
step=2512 loss=2.0168
step=2513 loss=2.0845
step=2514 loss=3.2021
step=2515 loss=5.8781
step=2516 loss=5.8860
step=2517 loss=2.3242
step=2518 loss=6.7843
step=2519 loss=2.9183
step=2520 loss=3.1387
step=2521 loss=4.0358
step=2522 loss=2.3047
step=2523 loss=5.4030
step=2524 loss=3.9058
step=2525 loss=3.4948
step=2526 loss=4.0637
step=2527 loss=2.6127
step=2528 loss=3.6009
step=2529 loss=2.4791
step=2530 loss=5.4544
step=2531 loss=3.5556
step=2532 loss=5.3218
step=2533 loss=2.8608
step=2534 loss=4.9652
step=2535 loss=2.7287
step=2536 loss=2.1184
step=2537 loss=6.7411
step=2538 loss=4.3668
step=2539 loss=6.3656
step=2540 loss=2.9888
step=2541 loss=4.0334
step=2542 loss=3.9430
step=2543 loss=3.8455
step=2544 loss=3.4969
step=2545 loss=2.5921
step=2546 loss=4.1877
step=2547 loss=2.1339
step=2548 loss=3.2255
step=2549 loss=3.3637
step=2550 loss=3.4475
step=2551 loss=3.2227
step=2552 loss=4.2037
step=2553 loss=3.2977
step=2554 loss=3.1857
step=2555 loss=2.0890
step=2556 loss=2.4679
step=2557 loss=2.7220
step=2558 loss=1.9378
step=2559 loss=3.3017
step=2560 loss=2.9453
step=2561 loss=3.0696
step=2562 loss=2.2302
step=2563 loss=3.1180
step=2564 loss=4.4732
step=2565 loss=5.0933
step=2566 loss=2.3722
step=2567 loss=4.9464
step=2568 loss=3.5277
step=2569 loss=3.9863
step=2570 loss=2.9415
step=2571 loss=3.4977
step=2572 loss=3.5744
step=2573 loss=3.6875
step=2574 loss=3.8925
step=2575 loss=5.0558
step=2576 loss=3.7098
step=2577 loss=2.2698
step=2578 loss=3.3438
step=2579 loss=4.0848
step=2580 loss=2.8859
step=2581 loss=2.9429
step=2582 loss=3.0445
step=2583 loss=3.3660
step=2584 loss=3.5841
step=2585 loss=2.5827
step=2586 loss=3.6216
step=2587 loss=3.3663
step=2588 loss=4.0617
step=2589 loss=4.7311
step=2590 loss=2.6206
step=2591 loss=3.6089
step=2592 loss=2.0579
step=2593 loss=3.6692
step=2594 loss=3.0027
step=2595 loss=2.8384
step=2596 loss=5.0225
step=2597 loss=3.3301
step=2598 loss=4.2554
step=2599 loss=3.6641
step=2600 loss=2.4390
eval_step=2600 eval_loss=3.6008 eval_ppl=36.63
step=2601 loss=5.0757
step=2602 loss=3.3302
step=2603 loss=2.5812
step=2604 loss=3.8027
step=2605 loss=5.3640
step=2606 loss=3.7845
step=2607 loss=5.1462
step=2608 loss=2.3606
step=2609 loss=3.6595
step=2610 loss=3.4913
step=2611 loss=2.8522
step=2612 loss=3.2318
step=2613 loss=2.5867
step=2614 loss=3.9790
step=2615 loss=3.8065
step=2616 loss=2.9754
step=2617 loss=4.0271
step=2618 loss=3.7065
step=2619 loss=4.9662
step=2620 loss=3.4503
step=2621 loss=6.3890
step=2622 loss=2.8778
step=2623 loss=3.1868
step=2624 loss=2.1262
step=2625 loss=3.6962
step=2626 loss=3.4272
step=2627 loss=3.7103
step=2628 loss=3.6144
step=2629 loss=3.2632
step=2630 loss=3.3074
step=2631 loss=4.3085
step=2632 loss=3.9680
step=2633 loss=2.6594
step=2634 loss=3.5263
step=2635 loss=3.9631
step=2636 loss=5.7310
step=2637 loss=2.9742
step=2638 loss=3.6682
step=2639 loss=4.5453
step=2640 loss=3.7664
step=2641 loss=3.7512
step=2642 loss=2.1405
step=2643 loss=3.0356
step=2644 loss=2.3394
step=2645 loss=4.8781
step=2646 loss=3.7170
step=2647 loss=3.3789
step=2648 loss=2.1903
step=2649 loss=4.1523
step=2650 loss=4.2791
step=2651 loss=3.3098
step=2652 loss=3.5928
step=2653 loss=3.4150
step=2654 loss=3.0451
step=2655 loss=3.1622
step=2656 loss=3.2330
step=2657 loss=5.1351
step=2658 loss=3.2130
step=2659 loss=5.7118
step=2660 loss=3.6048
step=2661 loss=1.9839
step=2662 loss=5.2938
step=2663 loss=4.7480
step=2664 loss=5.9600
step=2665 loss=4.3839
step=2666 loss=2.2448
step=2667 loss=4.9835
step=2668 loss=4.8128
step=2669 loss=3.9367
step=2670 loss=1.8632
step=2671 loss=4.0717
step=2672 loss=2.1494
step=2673 loss=3.4875
step=2674 loss=5.1877
step=2675 loss=2.0663
step=2676 loss=2.5888
step=2677 loss=2.8895
step=2678 loss=3.2417
step=2679 loss=2.9676
step=2680 loss=2.4874
step=2681 loss=3.6822
step=2682 loss=3.1560
step=2683 loss=3.5586
step=2684 loss=4.3627
step=2685 loss=3.7860
step=2686 loss=3.0619
step=2687 loss=2.1437
step=2688 loss=4.4298
step=2689 loss=2.1655
step=2690 loss=3.1829
step=2691 loss=4.1559
step=2692 loss=3.9204
step=2693 loss=3.6409
step=2694 loss=1.9420
step=2695 loss=2.8220
step=2696 loss=5.0291
step=2697 loss=1.8609
step=2698 loss=3.7356
step=2699 loss=4.0214
step=2700 loss=3.1772
step=2701 loss=3.2726
step=2702 loss=3.1352
step=2703 loss=3.5026
step=2704 loss=3.4467
step=2705 loss=5.0144
step=2706 loss=2.1801
step=2707 loss=6.1211
step=2708 loss=4.3778
step=2709 loss=4.7601
step=2710 loss=5.7107
step=2711 loss=5.0833
step=2712 loss=4.4216
step=2713 loss=4.3059
step=2714 loss=4.7920
step=2715 loss=3.5501
step=2716 loss=3.3145
step=2717 loss=6.3555
step=2718 loss=1.7070
step=2719 loss=3.1115
step=2720 loss=2.9812
step=2721 loss=3.4969
step=2722 loss=2.1737
step=2723 loss=4.6920
step=2724 loss=3.2439
step=2725 loss=5.7928
step=2726 loss=3.2259
step=2727 loss=3.5065
step=2728 loss=3.4167
step=2729 loss=2.3374
step=2730 loss=3.6880
step=2731 loss=4.8530
step=2732 loss=2.9754
step=2733 loss=3.0268
step=2734 loss=3.5518
step=2735 loss=3.7312
step=2736 loss=2.4640
step=2737 loss=6.7135
step=2738 loss=3.1787
step=2739 loss=4.1203
step=2740 loss=3.2171
step=2741 loss=3.9806
step=2742 loss=5.4591
step=2743 loss=1.8400
step=2744 loss=5.1806
step=2745 loss=3.3776
step=2746 loss=5.5317
step=2747 loss=3.7246
step=2748 loss=4.3095
step=2749 loss=3.3725
step=2750 loss=2.0917
step=2751 loss=3.4744
step=2752 loss=3.0163
step=2753 loss=3.7005
step=2754 loss=2.2707
step=2755 loss=3.0205
step=2756 loss=3.4301
step=2757 loss=6.2912
step=2758 loss=3.0663
step=2759 loss=3.5909
step=2760 loss=6.2415
step=2761 loss=4.3284
step=2762 loss=3.2437
step=2763 loss=2.5153
step=2764 loss=1.9881
step=2765 loss=3.6654
step=2766 loss=4.4802
step=2767 loss=3.3722
step=2768 loss=3.1432
step=2769 loss=5.4797
step=2770 loss=6.3516
step=2771 loss=4.0176
step=2772 loss=3.4610
step=2773 loss=3.4470
step=2774 loss=4.6190
step=2775 loss=2.1293
step=2776 loss=3.1761
step=2777 loss=3.7133
step=2778 loss=5.4145
step=2779 loss=5.2152
step=2780 loss=3.3859
step=2781 loss=3.1258
step=2782 loss=4.6642
step=2783 loss=3.2818
step=2784 loss=3.9928
step=2785 loss=3.3583
step=2786 loss=4.4745
step=2787 loss=4.7609
step=2788 loss=4.9524
step=2789 loss=3.5992
step=2790 loss=4.8319
step=2791 loss=3.7068
step=2792 loss=3.8952
step=2793 loss=3.8200
step=2794 loss=3.5469
step=2795 loss=5.0593
step=2796 loss=4.6425
step=2797 loss=3.4147
step=2798 loss=3.0680
step=2799 loss=3.4410
step=2800 loss=3.9099
eval_step=2800 eval_loss=3.5868 eval_ppl=36.12
step=2801 loss=5.7347
step=2802 loss=4.1376
step=2803 loss=4.4664
step=2804 loss=3.5704
step=2805 loss=4.7632
step=2806 loss=4.0070
step=2807 loss=4.2203
step=2808 loss=3.6907
step=2809 loss=3.7179
step=2810 loss=3.6124
step=2811 loss=1.5368
step=2812 loss=3.1081
step=2813 loss=3.5921
step=2814 loss=3.0292
step=2815 loss=3.2243
step=2816 loss=1.8193
step=2817 loss=3.7579
step=2818 loss=3.5006
step=2819 loss=4.1895
step=2820 loss=1.8274
step=2821 loss=5.6794
step=2822 loss=4.8437
step=2823 loss=3.3852
step=2824 loss=7.1043
step=2825 loss=3.9498
step=2826 loss=4.2056
step=2827 loss=3.1911
step=2828 loss=4.1277
step=2829 loss=3.0440
step=2830 loss=3.8696
step=2831 loss=4.2163
step=2832 loss=3.1549
step=2833 loss=3.7132
step=2834 loss=3.3002
step=2835 loss=3.1269
step=2836 loss=3.7609
step=2837 loss=3.9960
step=2838 loss=3.7155
step=2839 loss=4.0251
step=2840 loss=3.3640
step=2841 loss=3.1680
step=2842 loss=3.8047
step=2843 loss=4.6412
step=2844 loss=3.8070
step=2845 loss=2.2871
step=2846 loss=4.5671
step=2847 loss=2.8764
step=2848 loss=4.1910
step=2849 loss=2.2571
step=2850 loss=4.3378
step=2851 loss=3.2560
step=2852 loss=2.3328
step=2853 loss=3.0390
step=2854 loss=3.3803
step=2855 loss=2.0143
step=2856 loss=3.7400
step=2857 loss=5.8728
step=2858 loss=3.4846
step=2859 loss=1.8613
step=2860 loss=3.7147
step=2861 loss=4.2235
step=2862 loss=5.6476
step=2863 loss=1.9580
step=2864 loss=6.4096
step=2865 loss=2.0359
step=2866 loss=2.2073
step=2867 loss=2.8022
step=2868 loss=3.2145
step=2869 loss=4.1447
step=2870 loss=5.8989
step=2871 loss=3.3441
step=2872 loss=3.4513
step=2873 loss=1.7275
step=2874 loss=4.7238
step=2875 loss=2.0578
step=2876 loss=1.6885
step=2877 loss=3.2274
step=2878 loss=3.8390
step=2879 loss=3.4789
step=2880 loss=4.4442
step=2881 loss=2.2574
step=2882 loss=5.8040
step=2883 loss=5.2834
step=2884 loss=3.3121
step=2885 loss=3.1833
step=2886 loss=3.3320
step=2887 loss=4.0736
step=2888 loss=2.9106
step=2889 loss=3.8114
step=2890 loss=3.5095
step=2891 loss=3.2895
step=2892 loss=3.8824
step=2893 loss=1.4637
step=2894 loss=3.4153
step=2895 loss=1.8901
step=2896 loss=3.0046
step=2897 loss=3.3811
step=2898 loss=3.7644
step=2899 loss=5.4629
step=2900 loss=3.7198
step=2901 loss=2.0369
step=2902 loss=3.9828
step=2903 loss=3.4691
step=2904 loss=2.1084
step=2905 loss=2.9460
step=2906 loss=2.9378
step=2907 loss=4.5547
step=2908 loss=4.4636
step=2909 loss=3.5997
step=2910 loss=1.8096
step=2911 loss=3.4724
step=2912 loss=3.2371
step=2913 loss=2.0181
step=2914 loss=2.6125
step=2915 loss=3.1647
step=2916 loss=2.8729
step=2917 loss=4.0599
step=2918 loss=3.3987
step=2919 loss=2.2172
step=2920 loss=1.8340
step=2921 loss=1.8310
step=2922 loss=5.3263
step=2923 loss=3.1983
step=2924 loss=2.6866
step=2925 loss=3.6336
step=2926 loss=3.4804
step=2927 loss=5.7851
step=2928 loss=3.3101
step=2929 loss=3.2176
step=2930 loss=4.7270
step=2931 loss=3.8461
step=2932 loss=3.6683
step=2933 loss=4.8971
step=2934 loss=3.7466
step=2935 loss=4.9387
step=2936 loss=3.4815
step=2937 loss=2.2219
step=2938 loss=2.0418
step=2939 loss=3.5277
step=2940 loss=2.7405
step=2941 loss=4.0221
step=2942 loss=2.1561
step=2943 loss=1.6115
step=2944 loss=3.1575
step=2945 loss=3.6005
step=2946 loss=4.0576
step=2947 loss=2.1132
step=2948 loss=3.4424
step=2949 loss=4.1641
step=2950 loss=3.9190
step=2951 loss=2.1340
step=2952 loss=5.2262
step=2953 loss=3.3174
step=2954 loss=3.6686
step=2955 loss=3.2081
step=2956 loss=4.1745
step=2957 loss=1.9163
step=2958 loss=4.4065
step=2959 loss=3.0644
step=2960 loss=5.0244
step=2961 loss=3.8223
step=2962 loss=2.5673
step=2963 loss=3.2261
step=2964 loss=4.2728
step=2965 loss=4.0585
step=2966 loss=1.7394
step=2967 loss=2.7001
step=2968 loss=3.5656
step=2969 loss=2.0019
step=2970 loss=3.1131
step=2971 loss=3.7716
step=2972 loss=5.1440
step=2973 loss=3.3360
step=2974 loss=5.0191
step=2975 loss=5.2022
step=2976 loss=4.5805
step=2977 loss=4.2025
step=2978 loss=4.2582
step=2979 loss=3.4327
step=2980 loss=4.1745
step=2981 loss=1.9365
step=2982 loss=3.9573
step=2983 loss=3.4189
step=2984 loss=3.1105
step=2985 loss=3.7533
step=2986 loss=2.0300
step=2987 loss=2.9230
step=2988 loss=3.9194
step=2989 loss=1.7509
step=2990 loss=2.9050
step=2991 loss=3.3097
step=2992 loss=3.2009
step=2993 loss=1.9581
step=2994 loss=1.9784
step=2995 loss=3.5892
step=2996 loss=3.7514
step=2997 loss=3.5825
step=2998 loss=3.4301
step=2999 loss=2.9712
step=3000 loss=3.9264
eval_step=3000 eval_loss=3.5744 eval_ppl=35.67
step=3001 loss=4.1645
step=3002 loss=1.9281
step=3003 loss=2.8375
step=3004 loss=3.5490
step=3005 loss=3.9020
step=3006 loss=3.1469
step=3007 loss=3.8956
step=3008 loss=3.7231
step=3009 loss=3.2892
step=3010 loss=4.0499
step=3011 loss=6.5191
step=3012 loss=3.6083
step=3013 loss=4.3601
step=3014 loss=2.7509
step=3015 loss=3.0124
step=3016 loss=5.5490
step=3017 loss=3.4741
step=3018 loss=5.2051
step=3019 loss=3.8263
step=3020 loss=3.8792
step=3021 loss=5.5025
step=3022 loss=1.9109
step=3023 loss=3.5408
step=3024 loss=3.4340
step=3025 loss=4.6682
step=3026 loss=2.9493
step=3027 loss=5.1683
step=3028 loss=4.5800
step=3029 loss=4.1244
step=3030 loss=1.9121
step=3031 loss=3.7653
step=3032 loss=3.5226
step=3033 loss=4.4645
step=3034 loss=6.5072
step=3035 loss=3.9670
step=3036 loss=5.0264
step=3037 loss=3.9333
step=3038 loss=3.4009
step=3039 loss=3.6941
step=3040 loss=4.1164
step=3041 loss=3.7715
step=3042 loss=3.8898
step=3043 loss=2.0296
step=3044 loss=3.8303
step=3045 loss=3.5252
step=3046 loss=1.6198
step=3047 loss=1.7632
step=3048 loss=3.5650
step=3049 loss=1.7507
step=3050 loss=3.7184
step=3051 loss=3.4532
step=3052 loss=5.5875
step=3053 loss=3.8352
step=3054 loss=7.3763
step=3055 loss=1.7062
step=3056 loss=3.6168
step=3057 loss=4.6272
step=3058 loss=5.0322
step=3059 loss=3.1622
step=3060 loss=5.3404
step=3061 loss=5.6634
step=3062 loss=3.0715
step=3063 loss=2.8006
step=3064 loss=7.4255
step=3065 loss=1.4508
step=3066 loss=1.9846
step=3067 loss=3.6761
step=3068 loss=2.0512
step=3069 loss=3.6496
step=3070 loss=3.7613
step=3071 loss=3.4149
step=3072 loss=1.9782
step=3073 loss=1.8472
step=3074 loss=3.6990
step=3075 loss=3.6479
step=3076 loss=1.8472
step=3077 loss=1.7635
step=3078 loss=5.6927
step=3079 loss=3.1327
step=3080 loss=3.9548
step=3081 loss=3.8350
step=3082 loss=5.0687
step=3083 loss=3.8669
step=3084 loss=3.6237
step=3085 loss=3.4368
step=3086 loss=4.6313
step=3087 loss=3.8834
step=3088 loss=5.0038
step=3089 loss=3.0317
step=3090 loss=3.7998
step=3091 loss=3.9450
step=3092 loss=7.6829
step=3093 loss=2.4883
step=3094 loss=3.5651
step=3095 loss=3.5688
step=3096 loss=2.3044
step=3097 loss=3.3545
step=3098 loss=3.9944
step=3099 loss=3.5388
step=3100 loss=3.1212
step=3101 loss=1.5486
step=3102 loss=1.9292
step=3103 loss=3.5768
step=3104 loss=3.9555
step=3105 loss=2.9668
step=3106 loss=3.3699
step=3107 loss=3.3929
step=3108 loss=4.0403
step=3109 loss=1.9465
step=3110 loss=3.0194
step=3111 loss=1.9687
step=3112 loss=1.9776
step=3113 loss=3.5058
step=3114 loss=3.2648
step=3115 loss=6.6261
step=3116 loss=2.7488
step=3117 loss=3.5912
step=3118 loss=2.0106
step=3119 loss=3.5557
step=3120 loss=4.4482
step=3121 loss=1.7940
step=3122 loss=3.3701
step=3123 loss=3.2624
step=3124 loss=2.5193
step=3125 loss=3.5368
step=3126 loss=1.6758
step=3127 loss=3.4729
step=3128 loss=3.2026
step=3129 loss=4.7685
step=3130 loss=1.9644
step=3131 loss=1.9217
step=3132 loss=3.1608
step=3133 loss=4.0987
step=3134 loss=3.5097
step=3135 loss=4.0281
step=3136 loss=4.3106
step=3137 loss=3.3095
step=3138 loss=3.5357
step=3139 loss=1.3785
step=3140 loss=2.0217
step=3141 loss=3.2324
step=3142 loss=2.3749
step=3143 loss=3.5449
step=3144 loss=3.8096
step=3145 loss=5.6706
step=3146 loss=3.2294
step=3147 loss=5.9307
step=3148 loss=4.4140
step=3149 loss=3.6754
step=3150 loss=1.5823
step=3151 loss=1.3307
step=3152 loss=5.0524
step=3153 loss=5.9658
step=3154 loss=3.5303
step=3155 loss=4.2625
step=3156 loss=4.7432
step=3157 loss=2.5893
step=3158 loss=3.3986
step=3159 loss=4.5353
step=3160 loss=5.3454
step=3161 loss=4.0573
step=3162 loss=1.6801
step=3163 loss=4.4723
step=3164 loss=3.3450
step=3165 loss=3.1194
step=3166 loss=2.0746
step=3167 loss=2.9717
step=3168 loss=5.1530
step=3169 loss=3.6613
step=3170 loss=3.0572
step=3171 loss=2.9669
step=3172 loss=2.8191
step=3173 loss=5.1290
step=3174 loss=3.0097
step=3175 loss=3.6800
step=3176 loss=4.5368
step=3177 loss=4.1116
step=3178 loss=1.6334
step=3179 loss=3.5424
step=3180 loss=3.5791
step=3181 loss=2.7816
step=3182 loss=3.6559
step=3183 loss=3.4022
step=3184 loss=3.5134
step=3185 loss=3.6598
step=3186 loss=3.0057
step=3187 loss=3.4102
step=3188 loss=2.9754
step=3189 loss=5.0804
step=3190 loss=4.5924
step=3191 loss=5.0567
step=3192 loss=5.1786
step=3193 loss=3.4732
step=3194 loss=4.0358
step=3195 loss=3.1642
step=3196 loss=5.9079
step=3197 loss=3.6363
step=3198 loss=4.9148
step=3199 loss=3.8319
step=3200 loss=3.5375
eval_step=3200 eval_loss=3.5609 eval_ppl=35.19
step=3201 loss=4.0989
step=3202 loss=1.6760
step=3203 loss=5.0721
step=3204 loss=4.4645
step=3205 loss=6.4011
step=3206 loss=3.2028
step=3207 loss=4.4950
step=3208 loss=3.6546
step=3209 loss=3.1546
step=3210 loss=3.4904
step=3211 loss=3.0265
step=3212 loss=3.5813
step=3213 loss=5.5059
step=3214 loss=3.4184
step=3215 loss=3.0426
step=3216 loss=4.1332
step=3217 loss=3.7879
step=3218 loss=1.9801
step=3219 loss=4.4471
step=3220 loss=1.9571
step=3221 loss=3.9506
step=3222 loss=3.6026
step=3223 loss=3.5399
step=3224 loss=3.2176
step=3225 loss=3.2998
step=3226 loss=3.6091
step=3227 loss=4.0253
step=3228 loss=2.9870
step=3229 loss=1.8507
step=3230 loss=3.8100
step=3231 loss=3.2075
step=3232 loss=2.4261
step=3233 loss=3.1182
step=3234 loss=3.8775
step=3235 loss=4.1103
step=3236 loss=3.6425
step=3237 loss=7.1573
step=3238 loss=3.1994
step=3239 loss=1.8281
step=3240 loss=6.1806
step=3241 loss=1.9702
step=3242 loss=3.1842
step=3243 loss=2.2239
step=3244 loss=4.0532
step=3245 loss=3.5585
step=3246 loss=1.6481
step=3247 loss=4.5307
step=3248 loss=2.3215
step=3249 loss=3.6368
step=3250 loss=1.9125
step=3251 loss=4.0239
step=3252 loss=1.9662
step=3253 loss=3.8891
step=3254 loss=1.7391
step=3255 loss=3.7410
step=3256 loss=3.8326
step=3257 loss=2.9386
step=3258 loss=4.8814
step=3259 loss=1.7132
step=3260 loss=2.6990
step=3261 loss=4.3401
step=3262 loss=4.1801
step=3263 loss=3.1306
step=3264 loss=3.6131
step=3265 loss=5.2009
step=3266 loss=5.5660
step=3267 loss=4.0827
step=3268 loss=4.5800
step=3269 loss=1.5676
step=3270 loss=5.9584
step=3271 loss=3.2877
step=3272 loss=3.5742
step=3273 loss=3.2739
step=3274 loss=4.5164
step=3275 loss=3.7563
step=3276 loss=4.7919
step=3277 loss=3.5183
step=3278 loss=3.7699
step=3279 loss=4.1657
step=3280 loss=1.6632
step=3281 loss=5.5320
step=3282 loss=2.9950
step=3283 loss=3.8115
step=3284 loss=3.8316
step=3285 loss=4.6862
step=3286 loss=3.0807
step=3287 loss=3.1602
step=3288 loss=1.5977
step=3289 loss=2.9387
step=3290 loss=3.6407
step=3291 loss=1.6350
step=3292 loss=3.3970
step=3293 loss=5.9971
step=3294 loss=3.4032
step=3295 loss=2.9165
step=3296 loss=3.7037
step=3297 loss=2.3176
step=3298 loss=3.3285
step=3299 loss=4.3034
step=3300 loss=3.0935
step=3301 loss=3.3061
step=3302 loss=3.1453
step=3303 loss=2.8806
step=3304 loss=1.8390
step=3305 loss=4.9220
step=3306 loss=1.8409
step=3307 loss=5.8108
step=3308 loss=1.7343
step=3309 loss=3.0441
step=3310 loss=3.7366
step=3311 loss=2.7384
step=3312 loss=3.5080
step=3313 loss=4.1454
step=3314 loss=3.5853
step=3315 loss=3.0220
step=3316 loss=2.7931
step=3317 loss=2.9119
step=3318 loss=1.9401
step=3319 loss=3.5267
step=3320 loss=4.3680
step=3321 loss=4.1772
step=3322 loss=2.0633
step=3323 loss=3.3413
step=3324 loss=5.1516
step=3325 loss=4.5735
step=3326 loss=3.2523
step=3327 loss=4.0074
step=3328 loss=3.8200
step=3329 loss=3.0966
step=3330 loss=3.7058
step=3331 loss=3.6258
step=3332 loss=3.1805
step=3333 loss=3.7539
step=3334 loss=3.4088
step=3335 loss=4.6930
step=3336 loss=3.4141
step=3337 loss=1.6294
step=3338 loss=4.7303
step=3339 loss=5.2472
step=3340 loss=3.5649
step=3341 loss=3.5029
step=3342 loss=2.9194
step=3343 loss=4.5490
step=3344 loss=3.8357
step=3345 loss=3.9328
step=3346 loss=4.1047
step=3347 loss=3.0656
step=3348 loss=5.5038
step=3349 loss=3.4658
step=3350 loss=2.8264
step=3351 loss=1.6419
step=3352 loss=3.3680
step=3353 loss=3.3374
step=3354 loss=4.1144
step=3355 loss=3.2982
step=3356 loss=3.7319
step=3357 loss=4.3031
step=3358 loss=2.0542
step=3359 loss=3.9490
step=3360 loss=6.1037
step=3361 loss=3.5939
step=3362 loss=2.8127
step=3363 loss=3.7097
step=3364 loss=3.5914
step=3365 loss=2.8786
step=3366 loss=2.5011
step=3367 loss=3.5090
step=3368 loss=4.4915
step=3369 loss=3.0751
step=3370 loss=4.0781
step=3371 loss=4.1615
step=3372 loss=4.6829
step=3373 loss=3.1892
step=3374 loss=3.1417
step=3375 loss=3.3217
step=3376 loss=3.4937
step=3377 loss=1.9944
step=3378 loss=4.7752
step=3379 loss=3.1847
step=3380 loss=3.3419
step=3381 loss=4.5818
step=3382 loss=3.9292
step=3383 loss=5.0413
step=3384 loss=3.4565
step=3385 loss=3.5398
step=3386 loss=3.2439
step=3387 loss=1.6697
step=3388 loss=3.4699
step=3389 loss=3.5123
step=3390 loss=6.0451
step=3391 loss=4.1227
step=3392 loss=6.6420
step=3393 loss=1.6222
step=3394 loss=3.1022
step=3395 loss=2.8084
step=3396 loss=4.1259
step=3397 loss=3.4698
step=3398 loss=3.6153
step=3399 loss=3.3511
step=3400 loss=3.3771
eval_step=3400 eval_loss=3.5471 eval_ppl=34.71
step=3401 loss=2.6899
step=3402 loss=5.5985
step=3403 loss=4.1524
step=3404 loss=3.4376
step=3405 loss=3.7096
step=3406 loss=3.4869
step=3407 loss=1.4762
step=3408 loss=2.7734
step=3409 loss=2.9400
step=3410 loss=1.8585
step=3411 loss=1.7104
step=3412 loss=5.2868
step=3413 loss=3.5593
step=3414 loss=2.8717
step=3415 loss=3.6537
step=3416 loss=4.8794
step=3417 loss=2.4495
step=3418 loss=3.7569
step=3419 loss=1.8017
step=3420 loss=1.4205
step=3421 loss=3.8677
step=3422 loss=3.4548
step=3423 loss=3.7061
step=3424 loss=4.5732
step=3425 loss=1.3308
step=3426 loss=3.2686
step=3427 loss=1.6849
step=3428 loss=3.6652
step=3429 loss=3.9570
step=3430 loss=4.9603
step=3431 loss=4.7341
step=3432 loss=4.9597
step=3433 loss=3.8012
step=3434 loss=2.8753
step=3435 loss=3.4906
step=3436 loss=1.7001
step=3437 loss=4.5835
step=3438 loss=3.5991
step=3439 loss=5.0856
step=3440 loss=3.5209
step=3441 loss=6.5706
step=3442 loss=4.5482
step=3443 loss=5.4183
step=3444 loss=4.5228
step=3445 loss=3.6661
step=3446 loss=2.2939
step=3447 loss=1.6493
step=3448 loss=1.4765
step=3449 loss=3.0530
step=3450 loss=2.2896
step=3451 loss=3.2408
step=3452 loss=2.3028
step=3453 loss=2.9788
step=3454 loss=6.6300
step=3455 loss=1.8670
step=3456 loss=4.7992
step=3457 loss=3.4825
step=3458 loss=3.5549
step=3459 loss=2.9333
step=3460 loss=3.7250
step=3461 loss=3.8476
step=3462 loss=3.4536
step=3463 loss=1.8401
step=3464 loss=1.4518
step=3465 loss=4.8847
step=3466 loss=4.8753
step=3467 loss=5.2966
step=3468 loss=4.9043
step=3469 loss=4.1138
step=3470 loss=4.2058
step=3471 loss=4.8203
step=3472 loss=3.8112
step=3473 loss=3.5944
step=3474 loss=3.5707
step=3475 loss=3.1414
step=3476 loss=4.0923
step=3477 loss=3.4880
step=3478 loss=2.9353
step=3479 loss=3.4363
step=3480 loss=5.1485
step=3481 loss=3.1433
step=3482 loss=3.5771
step=3483 loss=5.9296
step=3484 loss=4.7010
step=3485 loss=3.2263
step=3486 loss=4.4095
step=3487 loss=5.1156
step=3488 loss=6.5900
step=3489 loss=3.4988
step=3490 loss=4.0055
step=3491 loss=3.0909
step=3492 loss=4.2784
step=3493 loss=3.2212
step=3494 loss=4.3353
step=3495 loss=1.4766
step=3496 loss=3.6879
step=3497 loss=4.2102
step=3498 loss=3.8471
step=3499 loss=3.3122
step=3500 loss=4.3472
step=3501 loss=1.2405
step=3502 loss=4.4246
step=3503 loss=2.8455
step=3504 loss=3.4828
step=3505 loss=4.4730
step=3506 loss=3.6833
step=3507 loss=1.4407
step=3508 loss=1.3483
step=3509 loss=3.8378
step=3510 loss=4.4813
step=3511 loss=4.6818
step=3512 loss=3.7370
step=3513 loss=2.8866
step=3514 loss=4.2848
step=3515 loss=4.0572
step=3516 loss=6.5084
step=3517 loss=4.0028
step=3518 loss=4.1100
step=3519 loss=3.3270
step=3520 loss=3.3776
step=3521 loss=4.8443
step=3522 loss=3.5441
step=3523 loss=3.6035
step=3524 loss=3.6660
step=3525 loss=4.0073
step=3526 loss=0.9662
step=3527 loss=3.5859
step=3528 loss=1.5761
step=3529 loss=4.0375
step=3530 loss=5.6586
step=3531 loss=2.7352
step=3532 loss=1.5751
step=3533 loss=1.6786
step=3534 loss=3.6402
step=3535 loss=5.2091
step=3536 loss=5.1543
step=3537 loss=3.7629
step=3538 loss=4.3269
step=3539 loss=3.5923
step=3540 loss=3.4859
step=3541 loss=3.0362
step=3542 loss=1.2869
step=3543 loss=4.7317
step=3544 loss=6.4944
step=3545 loss=1.3762
step=3546 loss=3.6085
step=3547 loss=3.7574
step=3548 loss=3.2974
step=3549 loss=3.3337
step=3550 loss=4.0775
step=3551 loss=4.4641
step=3552 loss=1.5609
step=3553 loss=6.9060
step=3554 loss=3.5412
step=3555 loss=4.8408
step=3556 loss=1.6109
step=3557 loss=3.3845
step=3558 loss=3.3672
step=3559 loss=1.4193
step=3560 loss=3.1444
step=3561 loss=6.0989
step=3562 loss=3.4746
step=3563 loss=3.5087
step=3564 loss=4.5363
step=3565 loss=1.6287
step=3566 loss=6.5473
step=3567 loss=3.4032
step=3568 loss=3.6567
step=3569 loss=5.6102
step=3570 loss=4.2520
step=3571 loss=3.9149
step=3572 loss=3.3947
step=3573 loss=3.8019
step=3574 loss=5.6873
step=3575 loss=3.1194
step=3576 loss=6.8978
step=3577 loss=3.2297
step=3578 loss=4.5623
step=3579 loss=3.9008
step=3580 loss=3.6004
step=3581 loss=2.7479
step=3582 loss=3.1475
step=3583 loss=3.5052
step=3584 loss=6.6128
step=3585 loss=5.7187
step=3586 loss=1.6202
step=3587 loss=3.6911
step=3588 loss=3.7744
step=3589 loss=1.9543
step=3590 loss=3.7239
step=3591 loss=3.7584
step=3592 loss=1.3100
step=3593 loss=1.1254
step=3594 loss=3.4161
step=3595 loss=3.9644
step=3596 loss=3.5510
step=3597 loss=3.7314
step=3598 loss=3.4098
step=3599 loss=5.9611
step=3600 loss=3.3652
eval_step=3600 eval_loss=3.5331 eval_ppl=34.23
step=3601 loss=4.0885
step=3602 loss=1.7735
step=3603 loss=3.9025
step=3604 loss=3.7243
step=3605 loss=3.7126
step=3606 loss=3.2602
step=3607 loss=6.0869
step=3608 loss=5.4227
step=3609 loss=3.2670
step=3610 loss=3.7235
step=3611 loss=3.1483
step=3612 loss=5.8474
step=3613 loss=3.2509
step=3614 loss=5.2016
step=3615 loss=3.5553
step=3616 loss=1.3983
step=3617 loss=3.6938
step=3618 loss=5.6120
step=3619 loss=3.6956
step=3620 loss=3.7746
step=3621 loss=3.6398
step=3622 loss=1.4392
step=3623 loss=4.4626
step=3624 loss=1.5596
step=3625 loss=3.5403
step=3626 loss=1.4228
step=3627 loss=1.5390
step=3628 loss=3.8931
step=3629 loss=2.5152
step=3630 loss=5.2560
step=3631 loss=3.1094
step=3632 loss=5.4019
step=3633 loss=5.2956
step=3634 loss=5.1142
step=3635 loss=3.2530
step=3636 loss=2.9992
step=3637 loss=2.9829
step=3638 loss=4.7462
step=3639 loss=3.7065
step=3640 loss=3.2065
step=3641 loss=3.5350
step=3642 loss=4.7926
step=3643 loss=4.8832
step=3644 loss=4.5792
step=3645 loss=3.4264
step=3646 loss=4.0610
step=3647 loss=4.8529
step=3648 loss=4.1531
step=3649 loss=3.6713
step=3650 loss=1.2798
step=3651 loss=3.7104
step=3652 loss=3.2264
step=3653 loss=3.9635
step=3654 loss=3.6253
step=3655 loss=4.0526
step=3656 loss=4.9336
step=3657 loss=3.4419
step=3658 loss=4.3956
step=3659 loss=2.7750
step=3660 loss=3.1646
step=3661 loss=4.1935
step=3662 loss=3.3406
step=3663 loss=3.8708
step=3664 loss=3.5744
step=3665 loss=2.8811
step=3666 loss=4.1005
step=3667 loss=3.2604
step=3668 loss=3.0381
step=3669 loss=3.1148
step=3670 loss=3.3293
step=3671 loss=6.4792
step=3672 loss=4.5044
step=3673 loss=3.8825
step=3674 loss=3.0815
step=3675 loss=3.9423
step=3676 loss=3.8395
step=3677 loss=3.0899
step=3678 loss=4.4276
step=3679 loss=3.3032
step=3680 loss=3.7234
step=3681 loss=1.5588
step=3682 loss=2.8675
step=3683 loss=3.5855
step=3684 loss=3.3876
step=3685 loss=4.1011
step=3686 loss=4.6013
step=3687 loss=2.8637
step=3688 loss=3.5665
step=3689 loss=3.0639
step=3690 loss=2.8088
step=3691 loss=5.4551
step=3692 loss=3.2645
step=3693 loss=4.7973
step=3694 loss=3.7164
step=3695 loss=2.2319
step=3696 loss=5.9846
step=3697 loss=1.7544
step=3698 loss=3.7563
step=3699 loss=4.3672
step=3700 loss=1.2973
step=3701 loss=3.8366
step=3702 loss=3.0325
step=3703 loss=3.4135
step=3704 loss=1.2951
step=3705 loss=1.3753
step=3706 loss=5.7606
step=3707 loss=3.7058
step=3708 loss=1.4603
step=3709 loss=3.2446
step=3710 loss=3.4376
step=3711 loss=3.2033
step=3712 loss=1.4510
step=3713 loss=3.3920
step=3714 loss=4.1022
step=3715 loss=5.6518
step=3716 loss=3.7568
step=3717 loss=4.1159
step=3718 loss=3.0248
step=3719 loss=1.7625
step=3720 loss=4.4675
step=3721 loss=3.4571
step=3722 loss=4.1497
step=3723 loss=3.8002
step=3724 loss=3.1604
step=3725 loss=3.6018
step=3726 loss=1.1023
step=3727 loss=3.7173
step=3728 loss=1.2488
step=3729 loss=5.7012
step=3730 loss=1.4049
step=3731 loss=3.5342
step=3732 loss=4.1579
step=3733 loss=3.0379
step=3734 loss=1.8412
step=3735 loss=3.6528
step=3736 loss=4.3900
step=3737 loss=1.2717
step=3738 loss=3.3522
step=3739 loss=3.5708
step=3740 loss=3.3761
step=3741 loss=3.8571
step=3742 loss=1.5637
step=3743 loss=6.1661
step=3744 loss=4.4662
step=3745 loss=3.7661
step=3746 loss=3.2989
step=3747 loss=3.0141
step=3748 loss=1.2889
step=3749 loss=1.4071
step=3750 loss=3.0636
step=3751 loss=3.4252
step=3752 loss=3.1132
step=3753 loss=2.7066
step=3754 loss=3.2619
step=3755 loss=3.9401
step=3756 loss=1.0537
step=3757 loss=2.7308
step=3758 loss=3.3958
step=3759 loss=3.9332
step=3760 loss=3.9971
step=3761 loss=5.2077
step=3762 loss=3.0311
step=3763 loss=5.8734
step=3764 loss=3.1718
step=3765 loss=3.2979
step=3766 loss=5.3810
step=3767 loss=1.3871
step=3768 loss=3.9487
step=3769 loss=3.0598
step=3770 loss=6.4855
step=3771 loss=5.5565
step=3772 loss=1.3648
step=3773 loss=1.1273
step=3774 loss=3.5107
step=3775 loss=3.6713
step=3776 loss=2.9204
step=3777 loss=5.6356
step=3778 loss=3.0594
step=3779 loss=3.8428
step=3780 loss=5.4643
step=3781 loss=1.2742
step=3782 loss=3.0049
step=3783 loss=3.7213
step=3784 loss=3.0933
step=3785 loss=3.7131
step=3786 loss=1.0903
step=3787 loss=3.4455
step=3788 loss=4.1907
step=3789 loss=5.3867
step=3790 loss=5.8370
step=3791 loss=2.9464
step=3792 loss=4.6958
step=3793 loss=3.1157
step=3794 loss=1.3105
step=3795 loss=4.6896
step=3796 loss=3.8560
step=3797 loss=4.0571
step=3798 loss=1.0262
step=3799 loss=4.1656
step=3800 loss=4.8276
eval_step=3800 eval_loss=3.5196 eval_ppl=33.77
step=3801 loss=4.0734
step=3802 loss=3.8636
step=3803 loss=5.5573
step=3804 loss=3.4935
step=3805 loss=1.3242
step=3806 loss=3.6801
step=3807 loss=3.4340
step=3808 loss=3.7751
step=3809 loss=5.0523
step=3810 loss=4.9109
step=3811 loss=3.8598
step=3812 loss=3.8864
step=3813 loss=5.5960
step=3814 loss=3.0667
step=3815 loss=3.0976
step=3816 loss=4.5788
step=3817 loss=3.2335
step=3818 loss=3.6845
step=3819 loss=3.8543
step=3820 loss=3.3302
step=3821 loss=3.2497
step=3822 loss=3.2309
step=3823 loss=1.5666
step=3824 loss=1.0842
step=3825 loss=4.2368
step=3826 loss=6.3282
step=3827 loss=3.3739
step=3828 loss=3.1697
step=3829 loss=5.3288
step=3830 loss=3.4365
step=3831 loss=3.0727
step=3832 loss=3.5655
step=3833 loss=1.3129
step=3834 loss=1.1749
step=3835 loss=2.4942
step=3836 loss=4.3163
step=3837 loss=2.8680
step=3838 loss=2.8547
step=3839 loss=3.0062
step=3840 loss=3.9488
step=3841 loss=5.8341
step=3842 loss=5.5577
step=3843 loss=6.2491
step=3844 loss=6.4076
step=3845 loss=1.2131
step=3846 loss=3.4212
step=3847 loss=4.7356
step=3848 loss=3.2597
step=3849 loss=5.6810
step=3850 loss=5.3276
step=3851 loss=3.9100
step=3852 loss=3.7262
step=3853 loss=1.5570
step=3854 loss=2.9254
step=3855 loss=3.3562
step=3856 loss=3.8235
step=3857 loss=1.5522
step=3858 loss=0.9657
step=3859 loss=4.0990
step=3860 loss=3.2920
step=3861 loss=0.7333
step=3862 loss=3.1443
step=3863 loss=1.6518
step=3864 loss=3.7297
step=3865 loss=2.9221
step=3866 loss=1.2226
step=3867 loss=3.6340
step=3868 loss=1.0486
step=3869 loss=5.9787
step=3870 loss=3.7095
step=3871 loss=1.2972
step=3872 loss=3.9746
step=3873 loss=6.1929
step=3874 loss=3.4214
step=3875 loss=1.1177
step=3876 loss=3.6074
step=3877 loss=4.0929
step=3878 loss=3.6645
step=3879 loss=1.4513
step=3880 loss=5.0909
step=3881 loss=4.6544
step=3882 loss=3.7596
step=3883 loss=3.8338
step=3884 loss=4.5745
step=3885 loss=3.5840
step=3886 loss=3.3089
step=3887 loss=3.3322
step=3888 loss=1.0217
step=3889 loss=6.7950
step=3890 loss=3.4827
step=3891 loss=3.5793
step=3892 loss=1.3546
step=3893 loss=3.5457
step=3894 loss=5.8558
step=3895 loss=2.9976
step=3896 loss=1.1001
step=3897 loss=3.3624
step=3898 loss=3.0066
step=3899 loss=3.3866
step=3900 loss=2.5210
step=3901 loss=1.3809
step=3902 loss=3.7556
step=3903 loss=3.0494
step=3904 loss=1.3155
step=3905 loss=2.8513
step=3906 loss=3.9372
step=3907 loss=3.5825
step=3908 loss=2.3961
step=3909 loss=3.4882
step=3910 loss=3.6756
step=3911 loss=3.5438
step=3912 loss=3.3642
step=3913 loss=1.0045
step=3914 loss=3.3879
step=3915 loss=3.3088
step=3916 loss=3.6273
step=3917 loss=4.7270
step=3918 loss=4.0436
step=3919 loss=4.3150
step=3920 loss=3.9829
step=3921 loss=3.9505
step=3922 loss=4.0237
step=3923 loss=4.1770
step=3924 loss=3.7322
step=3925 loss=3.3242
step=3926 loss=3.3824
step=3927 loss=4.7874
step=3928 loss=3.5969
step=3929 loss=4.1540
step=3930 loss=3.0863
step=3931 loss=3.3411
step=3932 loss=1.2449
step=3933 loss=5.8878
step=3934 loss=3.3536
step=3935 loss=1.6135
step=3936 loss=2.9635
step=3937 loss=3.5822
step=3938 loss=3.4954
step=3939 loss=3.4886
step=3940 loss=3.1897
step=3941 loss=3.6421
step=3942 loss=3.6570
step=3943 loss=4.8106
step=3944 loss=3.7758
step=3945 loss=0.9766
step=3946 loss=4.5486
step=3947 loss=3.8563
step=3948 loss=4.5254
step=3949 loss=3.8820
step=3950 loss=4.1066
step=3951 loss=5.0714
step=3952 loss=4.0173
step=3953 loss=0.8032
step=3954 loss=3.5391
step=3955 loss=1.6069
step=3956 loss=6.5161
step=3957 loss=6.1144
step=3958 loss=4.7179
step=3959 loss=5.3175
step=3960 loss=5.1351
step=3961 loss=3.4282
step=3962 loss=3.6818
step=3963 loss=3.6716
step=3964 loss=5.7358
step=3965 loss=1.1555
step=3966 loss=4.0997
step=3967 loss=8.2583
step=3968 loss=3.1645
step=3969 loss=3.1646
step=3970 loss=1.0262
step=3971 loss=4.6784
step=3972 loss=3.2091
step=3973 loss=1.1289
step=3974 loss=3.0749
step=3975 loss=3.2389
step=3976 loss=3.3816
step=3977 loss=0.5985
step=3978 loss=3.6815
step=3979 loss=3.2370
step=3980 loss=3.2715
step=3981 loss=2.9391
step=3982 loss=1.7784
step=3983 loss=0.6419
step=3984 loss=3.3987
step=3985 loss=0.9173
step=3986 loss=3.4026
step=3987 loss=3.1322
step=3988 loss=4.9770
step=3989 loss=3.4783
step=3990 loss=1.0482
step=3991 loss=4.3141
step=3992 loss=4.9628
step=3993 loss=3.4190
step=3994 loss=6.0409
step=3995 loss=3.5113
step=3996 loss=3.5860
step=3997 loss=3.6194
step=3998 loss=3.2181
step=3999 loss=3.3052
step=4000 loss=3.4810
eval_step=4000 eval_loss=3.5055 eval_ppl=33.30
step=4001 loss=3.4192
step=4002 loss=3.7879
step=4003 loss=3.2008
step=4004 loss=3.9123
step=4005 loss=4.0796
step=4006 loss=0.8448
step=4007 loss=3.8897
step=4008 loss=6.6032
step=4009 loss=3.0561
step=4010 loss=5.1029
step=4011 loss=4.1274
step=4012 loss=3.7471
step=4013 loss=3.8270
step=4014 loss=3.3148
step=4015 loss=4.2886
step=4016 loss=4.4776
step=4017 loss=1.0463
step=4018 loss=1.1473
step=4019 loss=3.7135
step=4020 loss=3.6507
step=4021 loss=3.9122
step=4022 loss=4.7709
step=4023 loss=3.4492
step=4024 loss=3.9901
step=4025 loss=5.9924
step=4026 loss=3.7706
step=4027 loss=6.3383
step=4028 loss=3.2720
step=4029 loss=3.5741
step=4030 loss=4.2469
step=4031 loss=0.7967
step=4032 loss=1.2007
step=4033 loss=3.2438
step=4034 loss=3.5498
step=4035 loss=0.9990
step=4036 loss=4.8316
step=4037 loss=8.4049
step=4038 loss=3.0845
step=4039 loss=3.3390
step=4040 loss=5.2388
step=4041 loss=3.7611
step=4042 loss=5.5767
step=4043 loss=0.8442
step=4044 loss=5.7310
step=4045 loss=4.0246
step=4046 loss=3.6519
step=4047 loss=1.5286
step=4048 loss=2.8609
step=4049 loss=3.2299
step=4050 loss=4.5837
step=4051 loss=3.2373
step=4052 loss=3.6419
step=4053 loss=2.7281
step=4054 loss=4.1167
step=4055 loss=2.9071
step=4056 loss=3.7980
step=4057 loss=3.6511
step=4058 loss=3.4541
step=4059 loss=3.5524
step=4060 loss=3.5540
step=4061 loss=4.1733
step=4062 loss=3.4552
step=4063 loss=3.0835
step=4064 loss=4.7875
step=4065 loss=3.3635
step=4066 loss=3.5130
step=4067 loss=7.9886
step=4068 loss=3.2889
step=4069 loss=3.4211
step=4070 loss=3.1691
step=4071 loss=4.3247
step=4072 loss=1.2012
step=4073 loss=4.0488
step=4074 loss=3.6704
step=4075 loss=7.3971
step=4076 loss=3.8282
step=4077 loss=4.3292
step=4078 loss=3.7950
step=4079 loss=1.2766
step=4080 loss=2.8662
step=4081 loss=3.2292
step=4082 loss=0.7100
step=4083 loss=3.6646
step=4084 loss=3.6527
step=4085 loss=3.7875
step=4086 loss=3.7421
step=4087 loss=3.4571
step=4088 loss=4.6585
step=4089 loss=2.4619
step=4090 loss=4.5863
step=4091 loss=3.4571
step=4092 loss=3.2130
step=4093 loss=3.4208
step=4094 loss=4.0540
step=4095 loss=3.6613
step=4096 loss=3.8562
step=4097 loss=3.3411
step=4098 loss=3.1381
step=4099 loss=3.3895
step=4100 loss=1.1738
step=4101 loss=4.7646
step=4102 loss=4.0987
step=4103 loss=1.1432
step=4104 loss=3.1762
step=4105 loss=5.2705
step=4106 loss=3.5710
step=4107 loss=3.5390
step=4108 loss=3.9445
step=4109 loss=4.3565
step=4110 loss=3.3053
step=4111 loss=3.8885
step=4112 loss=0.7616
step=4113 loss=4.9357
step=4114 loss=5.0440
step=4115 loss=3.1505
step=4116 loss=5.0256
step=4117 loss=1.1861
step=4118 loss=3.0572
step=4119 loss=3.5614
step=4120 loss=3.8154
step=4121 loss=1.1178
step=4122 loss=3.6438
step=4123 loss=3.5929
step=4124 loss=4.4925
step=4125 loss=3.4232
step=4126 loss=5.5477
step=4127 loss=1.2503
step=4128 loss=3.7406
step=4129 loss=4.4882
step=4130 loss=3.6582
step=4131 loss=2.9242
step=4132 loss=3.1919
step=4133 loss=3.4531
step=4134 loss=3.5675
step=4135 loss=5.6695
step=4136 loss=1.0819
step=4137 loss=4.0500
step=4138 loss=6.2315
step=4139 loss=4.0310
step=4140 loss=3.4057
step=4141 loss=3.6067
step=4142 loss=3.3311
step=4143 loss=3.4129
step=4144 loss=3.4155
step=4145 loss=0.9510
step=4146 loss=0.8405
step=4147 loss=3.7138
step=4148 loss=3.0402
step=4149 loss=3.1194
step=4150 loss=1.1177
step=4151 loss=3.1615
step=4152 loss=3.6345
step=4153 loss=8.3402
step=4154 loss=3.0845
step=4155 loss=0.7272
step=4156 loss=3.0669
step=4157 loss=3.4420
step=4158 loss=4.7746
step=4159 loss=4.1121
step=4160 loss=1.0453
step=4161 loss=3.4719
step=4162 loss=3.6438
step=4163 loss=3.3700
step=4164 loss=3.4337
step=4165 loss=3.8220
step=4166 loss=1.0386
step=4167 loss=4.2302
step=4168 loss=4.1327
step=4169 loss=3.7349
step=4170 loss=3.3364
step=4171 loss=4.5831
step=4172 loss=3.8348
step=4173 loss=5.5608
step=4174 loss=3.5571
step=4175 loss=1.9993
step=4176 loss=3.9246
step=4177 loss=3.5051
step=4178 loss=5.8041
step=4179 loss=3.8431
step=4180 loss=4.3194
step=4181 loss=3.1644
step=4182 loss=5.8229
step=4183 loss=1.3890
step=4184 loss=3.4090
step=4185 loss=4.0146
step=4186 loss=2.7876
step=4187 loss=3.4944
step=4188 loss=1.1003
step=4189 loss=3.3844
step=4190 loss=3.2526
step=4191 loss=4.0602
step=4192 loss=5.0167
step=4193 loss=1.1088
step=4194 loss=4.3926
step=4195 loss=1.0989
step=4196 loss=3.2555
step=4197 loss=3.4847
step=4198 loss=3.3591
step=4199 loss=3.5538
step=4200 loss=1.0835
eval_step=4200 eval_loss=3.4921 eval_ppl=32.86
step=4201 loss=3.9476
step=4202 loss=3.3486
step=4203 loss=5.6449
step=4204 loss=4.9814
step=4205 loss=3.5950
step=4206 loss=4.3645
step=4207 loss=0.5044
step=4208 loss=2.8810
step=4209 loss=3.6838
step=4210 loss=5.4008
step=4211 loss=0.9845
step=4212 loss=3.3118
step=4213 loss=5.3516
step=4214 loss=3.4326
step=4215 loss=7.4174
step=4216 loss=4.4995
step=4217 loss=3.6584
step=4218 loss=3.2835
step=4219 loss=3.1779
step=4220 loss=3.5506
step=4221 loss=3.9367
step=4222 loss=0.9187
step=4223 loss=3.6440
step=4224 loss=4.1199
step=4225 loss=3.6339
step=4226 loss=3.8440
step=4227 loss=3.1021
step=4228 loss=3.7746
step=4229 loss=4.1756
step=4230 loss=2.9134
step=4231 loss=4.8499
step=4232 loss=1.1867
step=4233 loss=3.2581
step=4234 loss=3.0781
step=4235 loss=4.5479
step=4236 loss=3.2451
step=4237 loss=3.4039
step=4238 loss=3.5371
step=4239 loss=3.1369
step=4240 loss=0.8309
step=4241 loss=4.1571
step=4242 loss=2.9146
step=4243 loss=3.8084
step=4244 loss=3.0804
step=4245 loss=3.0752
step=4246 loss=3.7277
step=4247 loss=3.5846
step=4248 loss=3.6129
step=4249 loss=3.6682
step=4250 loss=2.8812
step=4251 loss=1.0555
step=4252 loss=3.0776
step=4253 loss=3.0303
step=4254 loss=2.5233
step=4255 loss=3.3226
step=4256 loss=3.5267
step=4257 loss=2.7302
step=4258 loss=3.7370
step=4259 loss=0.8125
step=4260 loss=3.5135
step=4261 loss=0.8618
step=4262 loss=3.3348
step=4263 loss=3.5626
step=4264 loss=1.3263
step=4265 loss=2.8346
step=4266 loss=0.2168
step=4267 loss=2.5057
step=4268 loss=1.2226
step=4269 loss=3.9146
step=4270 loss=6.6278
step=4271 loss=3.0021
step=4272 loss=3.3989
step=4273 loss=8.6280
step=4274 loss=3.6714
step=4275 loss=7.4579
step=4276 loss=3.4097
step=4277 loss=3.1021
step=4278 loss=3.6358
step=4279 loss=5.2946
step=4280 loss=4.0350
step=4281 loss=3.5457
step=4282 loss=4.5983
step=4283 loss=4.3603
step=4284 loss=6.2960
step=4285 loss=3.0780
step=4286 loss=4.1760
step=4287 loss=3.8884
step=4288 loss=4.2491
step=4289 loss=3.1774
step=4290 loss=3.9943
step=4291 loss=4.6039
step=4292 loss=5.4297
step=4293 loss=4.2999
step=4294 loss=4.0728
step=4295 loss=5.5444
step=4296 loss=0.9486
step=4297 loss=4.7839
step=4298 loss=3.5635
step=4299 loss=4.4243
step=4300 loss=0.5645
step=4301 loss=2.8320
step=4302 loss=5.2383
step=4303 loss=3.1371
step=4304 loss=3.5009
step=4305 loss=3.6575
step=4306 loss=3.8200
step=4307 loss=3.8909
step=4308 loss=3.2055
step=4309 loss=5.2589
step=4310 loss=3.3830
step=4311 loss=4.1386
step=4312 loss=3.1996
step=4313 loss=3.2988
step=4314 loss=0.7199
step=4315 loss=2.6910
step=4316 loss=4.0218
step=4317 loss=3.5517
step=4318 loss=3.6981
step=4319 loss=3.9007
step=4320 loss=3.9099
step=4321 loss=2.9370
step=4322 loss=3.3043
step=4323 loss=3.7501
step=4324 loss=3.5989
step=4325 loss=3.4610
step=4326 loss=5.8553
step=4327 loss=3.0807
step=4328 loss=0.8701
step=4329 loss=3.4180
step=4330 loss=2.7267
step=4331 loss=3.7510
step=4332 loss=2.9037
step=4333 loss=3.6913
step=4334 loss=4.6795
step=4335 loss=5.1500
step=4336 loss=1.0442
step=4337 loss=3.4919
step=4338 loss=3.3149
step=4339 loss=4.2213
step=4340 loss=1.1029
step=4341 loss=4.9159
step=4342 loss=2.3652
step=4343 loss=3.3789
step=4344 loss=3.3568
step=4345 loss=3.6689
step=4346 loss=2.9204
step=4347 loss=3.7185
step=4348 loss=0.8332
step=4349 loss=1.5745
step=4350 loss=3.5430
step=4351 loss=4.1406
step=4352 loss=3.9516
step=4353 loss=6.2034
step=4354 loss=5.1262
step=4355 loss=4.4718
step=4356 loss=4.0349
step=4357 loss=4.1878
step=4358 loss=4.0998
step=4359 loss=2.6378
step=4360 loss=1.2406
step=4361 loss=3.2656
step=4362 loss=5.1912
step=4363 loss=1.1688
step=4364 loss=3.2281
step=4365 loss=2.9453
step=4366 loss=3.5597
step=4367 loss=4.2921
step=4368 loss=5.8838
step=4369 loss=3.6858
step=4370 loss=0.6518
step=4371 loss=0.8845
step=4372 loss=3.2451
step=4373 loss=0.8356
step=4374 loss=0.8527
step=4375 loss=0.8014
step=4376 loss=3.9258
step=4377 loss=4.0148
step=4378 loss=3.5016
step=4379 loss=3.9577
step=4380 loss=0.7126
step=4381 loss=3.2986
step=4382 loss=3.3805
step=4383 loss=3.5834
step=4384 loss=2.9698
step=4385 loss=3.2445
step=4386 loss=3.7550
step=4387 loss=3.4995
step=4388 loss=3.6461
step=4389 loss=4.5224
step=4390 loss=3.6537
step=4391 loss=0.4833
step=4392 loss=4.2098
step=4393 loss=3.9307
step=4394 loss=0.7941
step=4395 loss=3.6309
step=4396 loss=3.2371
step=4397 loss=0.8630
step=4398 loss=5.3611
step=4399 loss=0.8189
step=4400 loss=4.0135
eval_step=4400 eval_loss=3.4812 eval_ppl=32.50
step=4401 loss=0.8775
step=4402 loss=4.4361
step=4403 loss=3.5580
step=4404 loss=3.4653
step=4405 loss=5.3375
step=4406 loss=3.3426
step=4407 loss=4.1580
step=4408 loss=0.8436
step=4409 loss=3.6428
step=4410 loss=4.4794
step=4411 loss=3.1150
step=4412 loss=3.3748
step=4413 loss=0.8074
step=4414 loss=1.0006
step=4415 loss=3.6442
step=4416 loss=3.2348
step=4417 loss=4.7332
step=4418 loss=3.1657
step=4419 loss=3.2170
step=4420 loss=3.9004
step=4421 loss=4.0368
step=4422 loss=2.7753
step=4423 loss=3.1820
step=4424 loss=0.6404
step=4425 loss=3.6236
step=4426 loss=1.5892
step=4427 loss=3.5553
step=4428 loss=7.0381
step=4429 loss=4.0188
step=4430 loss=3.1730
step=4431 loss=4.1356
step=4432 loss=3.9984
step=4433 loss=2.8045
step=4434 loss=4.4196
step=4435 loss=3.6436
step=4436 loss=4.0629
step=4437 loss=6.8878
step=4438 loss=3.7281
step=4439 loss=6.0908
step=4440 loss=3.5880
step=4441 loss=3.5541
step=4442 loss=4.2935
step=4443 loss=3.5790
step=4444 loss=0.6691
step=4445 loss=3.0066
step=4446 loss=1.0370
step=4447 loss=3.2967
step=4448 loss=4.2706
step=4449 loss=3.1913
step=4450 loss=3.3092
step=4451 loss=5.1655
step=4452 loss=3.1771
step=4453 loss=3.7791
step=4454 loss=3.5823
step=4455 loss=3.4685
step=4456 loss=3.4410
step=4457 loss=1.0339
step=4458 loss=0.8083
step=4459 loss=5.4576
step=4460 loss=3.7698
step=4461 loss=4.0070
step=4462 loss=3.8221
step=4463 loss=6.7921
step=4464 loss=1.1003
step=4465 loss=0.5665
step=4466 loss=3.4134
step=4467 loss=4.0481
step=4468 loss=4.4211
step=4469 loss=2.9983
step=4470 loss=3.3875
step=4471 loss=0.7559
step=4472 loss=5.9528
step=4473 loss=2.4283
step=4474 loss=3.8941
step=4475 loss=4.0537
step=4476 loss=3.9214
step=4477 loss=6.1611
step=4478 loss=3.2370
step=4479 loss=3.8238
step=4480 loss=3.2823
step=4481 loss=0.8780
step=4482 loss=0.7182
step=4483 loss=3.3828
step=4484 loss=4.5841
step=4485 loss=3.8667
step=4486 loss=3.3161
step=4487 loss=2.6639
step=4488 loss=4.2190
step=4489 loss=3.2432
step=4490 loss=0.3674
step=4491 loss=3.3913
step=4492 loss=3.6763
step=4493 loss=4.0425
step=4494 loss=2.8561
step=4495 loss=6.6915
step=4496 loss=3.5047
step=4497 loss=3.2599
step=4498 loss=5.5066
step=4499 loss=3.8354
step=4500 loss=3.8070
step=4501 loss=4.9749
step=4502 loss=3.0239
step=4503 loss=2.9492
step=4504 loss=3.3806
step=4505 loss=2.9440
step=4506 loss=3.5371
step=4507 loss=3.7542
step=4508 loss=5.4649
step=4509 loss=2.7198
step=4510 loss=3.9751
step=4511 loss=4.7936
step=4512 loss=3.0396
step=4513 loss=3.7698
step=4514 loss=3.3286
step=4515 loss=3.9571
step=4516 loss=3.5523
step=4517 loss=0.7377
step=4518 loss=3.4507
step=4519 loss=4.5658
step=4520 loss=3.6919
step=4521 loss=3.9220
step=4522 loss=2.6796
step=4523 loss=0.5858
step=4524 loss=0.4108
step=4525 loss=3.7361
step=4526 loss=5.8828
step=4527 loss=1.3973
step=4528 loss=4.8909
step=4529 loss=3.1151
step=4530 loss=1.2608
step=4531 loss=0.9147
step=4532 loss=5.4564
step=4533 loss=3.0648
step=4534 loss=4.6966
step=4535 loss=4.1210
step=4536 loss=3.1896
step=4537 loss=3.8554
step=4538 loss=3.6474
step=4539 loss=3.0410
step=4540 loss=3.0397
step=4541 loss=3.2435
step=4542 loss=3.5127
step=4543 loss=3.6160
step=4544 loss=5.3212
step=4545 loss=3.0261
step=4546 loss=2.5952
step=4547 loss=4.0267
step=4548 loss=3.7225
step=4549 loss=4.0051
step=4550 loss=0.7897
step=4551 loss=3.4937
step=4552 loss=3.1942
step=4553 loss=0.8602
step=4554 loss=0.7936
step=4555 loss=3.9026
step=4556 loss=3.5521
step=4557 loss=0.3489
step=4558 loss=3.4999
step=4559 loss=0.7718
step=4560 loss=0.5002
step=4561 loss=6.3254
step=4562 loss=3.8063
step=4563 loss=3.8872
step=4564 loss=3.7415
step=4565 loss=3.0477
step=4566 loss=1.0563
step=4567 loss=4.4254
step=4568 loss=0.7174
step=4569 loss=3.5087
step=4570 loss=2.8757
step=4571 loss=3.0407
step=4572 loss=3.1083
step=4573 loss=3.7285
step=4574 loss=2.7305
step=4575 loss=1.1058
step=4576 loss=3.5398
step=4577 loss=0.2736
step=4578 loss=3.9397
step=4579 loss=0.9020
step=4580 loss=3.0186
step=4581 loss=3.3940
step=4582 loss=5.7112
step=4583 loss=3.0959
step=4584 loss=3.0588
step=4585 loss=3.3053
step=4586 loss=4.4446
step=4587 loss=5.2773
step=4588 loss=3.0707
step=4589 loss=4.9273
step=4590 loss=4.9614
step=4591 loss=4.1411
step=4592 loss=3.9471
step=4593 loss=0.5612
step=4594 loss=3.4663
step=4595 loss=3.1359
step=4596 loss=5.0934
step=4597 loss=3.3406
step=4598 loss=0.6682
step=4599 loss=3.8055
step=4600 loss=3.8142
eval_step=4600 eval_loss=3.4714 eval_ppl=32.18
step=4601 loss=3.5289
step=4602 loss=4.4185
step=4603 loss=5.5298
step=4604 loss=3.9676
step=4605 loss=3.4151
step=4606 loss=2.8309
step=4607 loss=5.9410
step=4608 loss=5.0532
step=4609 loss=3.3104
step=4610 loss=3.5033
step=4611 loss=2.8247
step=4612 loss=0.4902
step=4613 loss=4.7726
step=4614 loss=3.4292
step=4615 loss=3.7418
step=4616 loss=3.6588
step=4617 loss=0.7986
step=4618 loss=0.7184
step=4619 loss=0.3493
step=4620 loss=4.9194
step=4621 loss=4.3150
step=4622 loss=4.5204
step=4623 loss=0.6425
step=4624 loss=3.6521
step=4625 loss=4.7049
step=4626 loss=3.5058
step=4627 loss=3.4537
step=4628 loss=5.2107
step=4629 loss=3.6629
step=4630 loss=0.6354
step=4631 loss=3.0401
step=4632 loss=3.4343
step=4633 loss=4.1876
step=4634 loss=2.8572
step=4635 loss=4.0715
step=4636 loss=5.1281
step=4637 loss=3.5441
step=4638 loss=3.5553
step=4639 loss=5.7238
step=4640 loss=4.8165
step=4641 loss=4.5516
step=4642 loss=3.7822
step=4643 loss=3.5071
step=4644 loss=3.2320
step=4645 loss=0.4605
step=4646 loss=1.1583
step=4647 loss=3.2608
step=4648 loss=0.6319
step=4649 loss=2.9338
step=4650 loss=3.9128
step=4651 loss=2.7072
step=4652 loss=4.5134
step=4653 loss=3.9736
step=4654 loss=4.5464
step=4655 loss=5.2730
step=4656 loss=3.4394
step=4657 loss=3.2716
step=4658 loss=5.0269
step=4659 loss=3.2795
step=4660 loss=3.3172
step=4661 loss=0.5345
step=4662 loss=3.7369
step=4663 loss=4.0281
step=4664 loss=4.8259
step=4665 loss=0.6430
step=4666 loss=2.8824
step=4667 loss=4.4406
step=4668 loss=3.8210
step=4669 loss=4.4578
step=4670 loss=1.4826
step=4671 loss=4.0371
step=4672 loss=3.9313
step=4673 loss=3.2397
step=4674 loss=3.4040
step=4675 loss=3.1120
step=4676 loss=2.9845
step=4677 loss=6.6238
step=4678 loss=3.2743
step=4679 loss=3.5753
step=4680 loss=3.3477
step=4681 loss=4.0353
step=4682 loss=3.6432
step=4683 loss=3.5788
step=4684 loss=3.1176
step=4685 loss=4.9896
step=4686 loss=1.2062
step=4687 loss=3.3731
step=4688 loss=3.5270
step=4689 loss=0.6915
step=4690 loss=3.3123
step=4691 loss=4.4287
step=4692 loss=4.0180
step=4693 loss=3.7723
step=4694 loss=5.4219
step=4695 loss=3.7599
step=4696 loss=6.4736
step=4697 loss=3.0014
step=4698 loss=3.3023
step=4699 loss=0.3988
step=4700 loss=0.8875
step=4701 loss=6.0740
step=4702 loss=3.0845
step=4703 loss=8.6243
step=4704 loss=3.6515
step=4705 loss=4.0974
step=4706 loss=3.2513
step=4707 loss=1.6080
step=4708 loss=4.2444
step=4709 loss=4.5707
step=4710 loss=0.1844
step=4711 loss=4.4824
step=4712 loss=3.6156
step=4713 loss=3.7452
step=4714 loss=3.2195
step=4715 loss=4.0175
step=4716 loss=2.9922
step=4717 loss=3.6085
step=4718 loss=4.0477
step=4719 loss=3.4685
step=4720 loss=6.1967
step=4721 loss=3.8007
step=4722 loss=4.0052
step=4723 loss=3.6252
step=4724 loss=3.2317
step=4725 loss=0.5300
step=4726 loss=5.5994
step=4727 loss=0.3653
step=4728 loss=3.6092
step=4729 loss=1.0111
step=4730 loss=5.4113
step=4731 loss=3.0812
step=4732 loss=4.9373
step=4733 loss=0.7650
step=4734 loss=5.3218
step=4735 loss=4.1233
step=4736 loss=4.6190
step=4737 loss=6.0867
step=4738 loss=3.5258
step=4739 loss=3.8323
step=4740 loss=4.7947
step=4741 loss=3.9689
step=4742 loss=3.5405
step=4743 loss=2.9260
step=4744 loss=3.4068
step=4745 loss=2.8221
step=4746 loss=3.3671
step=4747 loss=3.6152
step=4748 loss=3.2965
step=4749 loss=3.8663
step=4750 loss=3.6337
step=4751 loss=2.9148
step=4752 loss=0.5957
step=4753 loss=3.1561
step=4754 loss=3.3259
step=4755 loss=3.8265
step=4756 loss=2.7124
step=4757 loss=3.4137
step=4758 loss=2.9778
step=4759 loss=4.3945
step=4760 loss=3.7836
step=4761 loss=4.1437
step=4762 loss=4.6564
step=4763 loss=3.4959
step=4764 loss=3.4133
step=4765 loss=0.6056
step=4766 loss=3.8260
step=4767 loss=4.4715
step=4768 loss=3.0661
step=4769 loss=3.6133
step=4770 loss=4.1245
step=4771 loss=0.7958
step=4772 loss=3.4745
step=4773 loss=1.1284
step=4774 loss=3.7880
step=4775 loss=5.2454
step=4776 loss=0.2886
step=4777 loss=3.7255
step=4778 loss=4.8742
step=4779 loss=0.4809
step=4780 loss=3.5448
step=4781 loss=6.3178
step=4782 loss=0.7016
step=4783 loss=4.0321
step=4784 loss=4.4060
step=4785 loss=4.3114
step=4786 loss=3.9353
step=4787 loss=4.0142
step=4788 loss=5.0403
step=4789 loss=4.4377
step=4790 loss=3.3594
step=4791 loss=0.5380
step=4792 loss=3.1637
step=4793 loss=2.7168
step=4794 loss=3.8603
step=4795 loss=6.2010
step=4796 loss=4.8711
step=4797 loss=5.1704
step=4798 loss=2.8224
step=4799 loss=3.6649
step=4800 loss=3.6846
eval_step=4800 eval_loss=3.4616 eval_ppl=31.87
step=4801 loss=5.5060
step=4802 loss=3.6876
step=4803 loss=4.7952
step=4804 loss=0.6170
step=4805 loss=0.7768
step=4806 loss=4.4922
step=4807 loss=2.9877
step=4808 loss=0.6635
step=4809 loss=4.7473
step=4810 loss=4.7677
step=4811 loss=6.8848
step=4812 loss=3.3752
step=4813 loss=3.2962
step=4814 loss=3.0546
step=4815 loss=3.3117
step=4816 loss=3.9128
step=4817 loss=3.8860
step=4818 loss=3.6290
step=4819 loss=3.1270
step=4820 loss=2.9502
step=4821 loss=3.4841
step=4822 loss=4.8593
step=4823 loss=3.3526
step=4824 loss=3.2659
step=4825 loss=0.5568
step=4826 loss=2.1709
step=4827 loss=2.8079
step=4828 loss=4.7731
step=4829 loss=3.3142
step=4830 loss=3.8580
step=4831 loss=3.3803
step=4832 loss=3.4725
step=4833 loss=4.7725
step=4834 loss=6.8269
step=4835 loss=3.3150
step=4836 loss=4.9783
step=4837 loss=3.7893
step=4838 loss=5.9242
step=4839 loss=1.1444
step=4840 loss=3.5328
step=4841 loss=0.8754
step=4842 loss=3.2682
step=4843 loss=3.4925
step=4844 loss=4.8254
step=4845 loss=3.0342
step=4846 loss=0.5378
step=4847 loss=3.8287
step=4848 loss=3.4560
step=4849 loss=7.3156
step=4850 loss=3.5849
step=4851 loss=3.7030
step=4852 loss=3.0681
step=4853 loss=4.2094
step=4854 loss=3.6474
step=4855 loss=6.7074
step=4856 loss=4.2722
step=4857 loss=0.5139
step=4858 loss=3.2939
step=4859 loss=0.4306
step=4860 loss=2.9805
step=4861 loss=3.4089
step=4862 loss=3.0156
step=4863 loss=0.2082
step=4864 loss=3.2662
step=4865 loss=3.4493
step=4866 loss=3.3573
step=4867 loss=3.6215
step=4868 loss=3.6965
step=4869 loss=3.7074
step=4870 loss=3.8350
step=4871 loss=3.6879
step=4872 loss=4.2575
step=4873 loss=0.7471
step=4874 loss=3.7843
step=4875 loss=5.2099
step=4876 loss=3.1108
step=4877 loss=3.6412
step=4878 loss=3.5461
step=4879 loss=3.4868
step=4880 loss=2.8914
step=4881 loss=0.4300
step=4882 loss=5.9801
step=4883 loss=0.5772
step=4884 loss=3.5382
step=4885 loss=0.5599
step=4886 loss=3.3401
step=4887 loss=4.5831
step=4888 loss=3.1915
step=4889 loss=0.4699
step=4890 loss=3.9987
step=4891 loss=3.5997
step=4892 loss=2.6801
step=4893 loss=2.9979
step=4894 loss=5.1472
step=4895 loss=3.6085
step=4896 loss=3.6645
step=4897 loss=4.4639
step=4898 loss=3.1990
step=4899 loss=6.2385
step=4900 loss=4.5983
step=4901 loss=4.5056
step=4902 loss=3.4276
step=4903 loss=3.0285
step=4904 loss=0.5764
step=4905 loss=2.9601
step=4906 loss=0.4186
step=4907 loss=3.4802
step=4908 loss=3.3688
step=4909 loss=4.9360
step=4910 loss=3.8697
step=4911 loss=3.8604
step=4912 loss=5.1021
step=4913 loss=4.0968
step=4914 loss=3.7710
step=4915 loss=3.8042
step=4916 loss=2.9470
step=4917 loss=4.0605
step=4918 loss=8.6338
step=4919 loss=3.5805
step=4920 loss=3.2128
step=4921 loss=4.5741
step=4922 loss=3.8736
step=4923 loss=4.8053
step=4924 loss=3.7363
step=4925 loss=3.0314
step=4926 loss=3.6137
step=4927 loss=3.9741
step=4928 loss=0.6021
step=4929 loss=3.3532
step=4930 loss=3.7125
step=4931 loss=4.5533
step=4932 loss=2.9300
step=4933 loss=0.8285
step=4934 loss=3.5614
step=4935 loss=0.9774
step=4936 loss=3.1722
step=4937 loss=3.1637
step=4938 loss=3.9734
step=4939 loss=3.7338
step=4940 loss=4.8174
step=4941 loss=2.3747
step=4942 loss=0.5660
step=4943 loss=0.5502
step=4944 loss=3.6932
step=4945 loss=1.0473
step=4946 loss=2.8853
step=4947 loss=4.9867
step=4948 loss=5.1988
step=4949 loss=5.8891
step=4950 loss=3.5946
step=4951 loss=4.6284
step=4952 loss=3.4675
step=4953 loss=2.9918
step=4954 loss=3.5947
step=4955 loss=3.4106
step=4956 loss=3.1032
step=4957 loss=4.5602
step=4958 loss=0.4161
step=4959 loss=4.0100
step=4960 loss=3.1960
step=4961 loss=3.1072
step=4962 loss=0.2994
step=4963 loss=3.1613
step=4964 loss=5.2542
step=4965 loss=3.3121
step=4966 loss=3.6575
step=4967 loss=3.8472
step=4968 loss=7.5330
step=4969 loss=4.1258
step=4970 loss=3.3533
step=4971 loss=3.2697
step=4972 loss=5.1476
step=4973 loss=3.5248
step=4974 loss=4.3767
step=4975 loss=3.4853
step=4976 loss=0.2088
step=4977 loss=3.7002
step=4978 loss=0.6212
step=4979 loss=0.3402
step=4980 loss=4.6030
step=4981 loss=3.0998
step=4982 loss=4.3380
step=4983 loss=5.2733
step=4984 loss=4.9465
step=4985 loss=0.5173
step=4986 loss=3.3807
step=4987 loss=3.4220
step=4988 loss=3.6217
step=4989 loss=3.7468
step=4990 loss=3.2368
step=4991 loss=0.4225
step=4992 loss=3.4208
step=4993 loss=0.6360
step=4994 loss=3.1414
step=4995 loss=3.2146
step=4996 loss=2.7792
step=4997 loss=2.8858
step=4998 loss=3.5241
step=4999 loss=4.4002
step=5000 loss=2.2965
eval_step=5000 eval_loss=3.4524 eval_ppl=31.58
step=5001 loss=3.2735
step=5002 loss=0.5135
step=5003 loss=3.1482
step=5004 loss=0.5280
step=5005 loss=2.8691
step=5006 loss=0.1462
step=5007 loss=3.2569
step=5008 loss=3.5780
step=5009 loss=0.4500
step=5010 loss=0.7335
step=5011 loss=3.4435
step=5012 loss=3.6575
step=5013 loss=3.0153
step=5014 loss=3.8079
step=5015 loss=3.7118
step=5016 loss=3.5628
step=5017 loss=0.4182
step=5018 loss=3.4863
step=5019 loss=3.7499
step=5020 loss=0.4727
step=5021 loss=3.1120
step=5022 loss=3.0018
step=5023 loss=0.1983
step=5024 loss=5.5572
step=5025 loss=0.1867
step=5026 loss=3.5774
step=5027 loss=3.0432
step=5028 loss=3.3106
step=5029 loss=3.3796
step=5030 loss=3.0301
step=5031 loss=6.0154
step=5032 loss=1.3585
step=5033 loss=4.4991
step=5034 loss=5.4663
step=5035 loss=3.0639
step=5036 loss=4.1638
step=5037 loss=3.4523
step=5038 loss=3.1731
step=5039 loss=4.5013
step=5040 loss=3.3032
step=5041 loss=0.6098
step=5042 loss=3.2146
step=5043 loss=4.0167
step=5044 loss=3.1260
step=5045 loss=0.5357
step=5046 loss=0.3762
step=5047 loss=3.4210
step=5048 loss=0.6191
step=5049 loss=4.0889
step=5050 loss=3.6158
step=5051 loss=3.1758
step=5052 loss=3.7230
step=5053 loss=0.4692
step=5054 loss=2.7171
step=5055 loss=3.3036
step=5056 loss=3.0111
step=5057 loss=3.4529
step=5058 loss=3.4246
step=5059 loss=3.2355
step=5060 loss=3.3327
step=5061 loss=3.4312
step=5062 loss=5.0287
step=5063 loss=3.4323
step=5064 loss=0.4724
step=5065 loss=2.8434
step=5066 loss=2.9929
step=5067 loss=3.6422
step=5068 loss=3.7509
step=5069 loss=0.4213
step=5070 loss=4.5861
step=5071 loss=3.3247
step=5072 loss=3.3239
step=5073 loss=4.1717
step=5074 loss=5.2888
step=5075 loss=5.1893
step=5076 loss=5.2209
step=5077 loss=3.2818
step=5078 loss=0.6717
step=5079 loss=3.8194
step=5080 loss=3.6361
step=5081 loss=0.3353
step=5082 loss=3.5548
step=5083 loss=3.8471
step=5084 loss=0.4075
step=5085 loss=2.9314
step=5086 loss=3.6060
step=5087 loss=3.0864
step=5088 loss=3.5691
step=5089 loss=3.4038
step=5090 loss=3.0650
step=5091 loss=4.3528
step=5092 loss=2.8704
step=5093 loss=3.4367
step=5094 loss=6.4404
step=5095 loss=0.8512
step=5096 loss=3.9460
step=5097 loss=3.3290
step=5098 loss=3.4543
step=5099 loss=5.9110
step=5100 loss=3.4424
step=5101 loss=0.2505
step=5102 loss=3.7447
step=5103 loss=3.5315
step=5104 loss=4.4927
step=5105 loss=3.1290
step=5106 loss=4.2710
step=5107 loss=3.7255
step=5108 loss=0.4699
step=5109 loss=3.3058
step=5110 loss=3.3297
step=5111 loss=3.2017
step=5112 loss=3.1573
step=5113 loss=3.4311
step=5114 loss=4.1302
step=5115 loss=3.9575
step=5116 loss=2.9420
step=5117 loss=3.0560
step=5118 loss=3.7270
step=5119 loss=3.6954
step=5120 loss=3.0426
step=5121 loss=3.2875
step=5122 loss=3.6744
step=5123 loss=3.7505
step=5124 loss=0.3409
step=5125 loss=3.3577
step=5126 loss=4.2468
step=5127 loss=3.4253
step=5128 loss=3.7571
step=5129 loss=4.8331
step=5130 loss=3.8201
step=5131 loss=3.2627
step=5132 loss=4.2907
step=5133 loss=3.0611
step=5134 loss=5.2584
step=5135 loss=3.2682
step=5136 loss=3.7794
step=5137 loss=4.0892
step=5138 loss=4.1448
step=5139 loss=6.0621
step=5140 loss=4.0962
step=5141 loss=3.8018
step=5142 loss=6.3189
step=5143 loss=3.5140
step=5144 loss=4.3496
step=5145 loss=3.2845
step=5146 loss=0.3790
step=5147 loss=4.8569
step=5148 loss=2.9839
step=5149 loss=4.2912
step=5150 loss=3.0532
step=5151 loss=0.4770
step=5152 loss=3.7585
step=5153 loss=4.6953
step=5154 loss=4.5655
step=5155 loss=4.8148
step=5156 loss=3.1454
step=5157 loss=2.6224
step=5158 loss=3.3878
step=5159 loss=3.4784
step=5160 loss=3.8080
step=5161 loss=0.3929
step=5162 loss=4.6280
step=5163 loss=3.3683
step=5164 loss=3.4882
step=5165 loss=3.3933
step=5166 loss=3.3641
step=5167 loss=3.0060
step=5168 loss=5.9325
step=5169 loss=2.9122
step=5170 loss=4.7373
step=5171 loss=3.6975
step=5172 loss=3.4027
step=5173 loss=0.5373
step=5174 loss=0.6291
step=5175 loss=4.8146
step=5176 loss=4.4996
step=5177 loss=3.4497
step=5178 loss=3.0142
step=5179 loss=3.2558
step=5180 loss=0.5091
step=5181 loss=3.3714
step=5182 loss=4.7197
step=5183 loss=4.5815
step=5184 loss=3.6963
step=5185 loss=7.2470
step=5186 loss=4.0620
step=5187 loss=5.9536
step=5188 loss=3.3522
step=5189 loss=3.5078
step=5190 loss=3.1212
step=5191 loss=3.4673
step=5192 loss=0.5812
step=5193 loss=3.5077
step=5194 loss=0.4989
step=5195 loss=3.5555
step=5196 loss=3.5865
step=5197 loss=3.3530
step=5198 loss=4.7863
step=5199 loss=3.5724
step=5200 loss=4.6967
eval_step=5200 eval_loss=3.4449 eval_ppl=31.34
step=5201 loss=5.4985
step=5202 loss=3.2966
step=5203 loss=0.9642
step=5204 loss=6.3607
step=5205 loss=0.5881
step=5206 loss=6.2297
step=5207 loss=3.2953
step=5208 loss=6.6845
step=5209 loss=4.0451
step=5210 loss=4.1406
step=5211 loss=4.1734
step=5212 loss=3.8457
step=5213 loss=0.3211
step=5214 loss=6.3173
step=5215 loss=4.0580
step=5216 loss=4.2328
step=5217 loss=3.6460
step=5218 loss=3.7157
step=5219 loss=3.3533
step=5220 loss=0.5968
step=5221 loss=3.0277
step=5222 loss=4.4020
step=5223 loss=3.9189
step=5224 loss=0.2295
step=5225 loss=3.3127
step=5226 loss=3.4883
step=5227 loss=2.7166
step=5228 loss=0.2992
step=5229 loss=3.5418
step=5230 loss=0.3903
step=5231 loss=0.5619
step=5232 loss=4.2923
step=5233 loss=5.1019
step=5234 loss=0.2789
step=5235 loss=0.3065
step=5236 loss=3.4221
step=5237 loss=1.3488
step=5238 loss=3.3104
step=5239 loss=3.5904
step=5240 loss=3.5261
step=5241 loss=0.7976
step=5242 loss=4.0790
step=5243 loss=5.6266
step=5244 loss=3.7437
step=5245 loss=4.5279
step=5246 loss=0.3481
step=5247 loss=3.4297
step=5248 loss=3.9750
step=5249 loss=3.1822
step=5250 loss=3.4885
step=5251 loss=0.3720
step=5252 loss=0.3610
step=5253 loss=5.2362
step=5254 loss=3.8222
step=5255 loss=3.5277
step=5256 loss=3.1838
step=5257 loss=0.8950
step=5258 loss=6.7966
step=5259 loss=3.3184
step=5260 loss=3.1837
step=5261 loss=0.3096
step=5262 loss=3.9944
step=5263 loss=4.8455
step=5264 loss=2.8744
step=5265 loss=3.3012
step=5266 loss=0.2498
step=5267 loss=3.3528
step=5268 loss=3.6338
step=5269 loss=3.7999
step=5270 loss=3.9161
step=5271 loss=3.0551
step=5272 loss=0.7322
step=5273 loss=2.7184
step=5274 loss=3.4977
step=5275 loss=3.2910
step=5276 loss=1.8405
step=5277 loss=5.2547
step=5278 loss=3.4716
step=5279 loss=4.0904
step=5280 loss=0.4345
step=5281 loss=0.2504
step=5282 loss=3.8109
step=5283 loss=3.1262
step=5284 loss=3.8985
step=5285 loss=3.8823
step=5286 loss=0.2387
step=5287 loss=3.3125
step=5288 loss=3.0637
step=5289 loss=3.6231
step=5290 loss=3.4033
step=5291 loss=4.0433
step=5292 loss=3.3954
step=5293 loss=4.2720
step=5294 loss=5.0267
step=5295 loss=3.6122
step=5296 loss=0.2107
step=5297 loss=2.9863
step=5298 loss=3.7718
step=5299 loss=0.4068
step=5300 loss=0.2852
step=5301 loss=3.6730
step=5302 loss=3.2172
step=5303 loss=4.0107
step=5304 loss=2.8765
step=5305 loss=3.0173
step=5306 loss=3.1807
step=5307 loss=3.3905
step=5308 loss=3.7031
step=5309 loss=3.5159
step=5310 loss=3.5503
step=5311 loss=2.4129
step=5312 loss=3.5899
step=5313 loss=0.2158
step=5314 loss=6.0710
step=5315 loss=0.5145
step=5316 loss=3.8406
step=5317 loss=3.2323
step=5318 loss=3.1140
step=5319 loss=3.4709
step=5320 loss=0.4766
step=5321 loss=3.4193
step=5322 loss=3.3143
step=5323 loss=0.4897
step=5324 loss=3.1644
step=5325 loss=0.3741
step=5326 loss=3.2663
step=5327 loss=3.5201
step=5328 loss=3.4024
step=5329 loss=3.7154
step=5330 loss=6.3392
step=5331 loss=3.9902
step=5332 loss=5.1793
step=5333 loss=4.2788
step=5334 loss=0.3051
step=5335 loss=3.2843
step=5336 loss=8.3926
step=5337 loss=2.8093
step=5338 loss=3.0632
step=5339 loss=5.2891
step=5340 loss=1.6362
step=5341 loss=3.1567
step=5342 loss=3.6204
step=5343 loss=3.6123
step=5344 loss=3.4550
step=5345 loss=3.1680
step=5346 loss=3.3195
step=5347 loss=10.0245
step=5348 loss=4.2594
step=5349 loss=3.8154
step=5350 loss=3.9144
step=5351 loss=3.3094
step=5352 loss=3.3320
step=5353 loss=6.4240
step=5354 loss=3.4563
step=5355 loss=0.8742
step=5356 loss=0.3875
step=5357 loss=2.5911
step=5358 loss=0.3118
step=5359 loss=3.5975
step=5360 loss=0.3206
step=5361 loss=3.1225
step=5362 loss=3.6785
step=5363 loss=4.0614
step=5364 loss=4.1100
step=5365 loss=3.2690
step=5366 loss=0.3532
step=5367 loss=2.6975
step=5368 loss=3.7907
step=5369 loss=3.8629
step=5370 loss=3.5100
step=5371 loss=5.9401
step=5372 loss=3.3735
step=5373 loss=3.3532
step=5374 loss=0.5836
step=5375 loss=2.9886
step=5376 loss=3.4642
step=5377 loss=3.9337
step=5378 loss=4.0646
step=5379 loss=3.3473
step=5380 loss=3.9117
step=5381 loss=3.1802
step=5382 loss=3.1194
step=5383 loss=3.6209
step=5384 loss=3.6442
step=5385 loss=3.7349
step=5386 loss=7.1542
step=5387 loss=3.2056
step=5388 loss=3.7183
step=5389 loss=5.9067
step=5390 loss=0.3798
step=5391 loss=4.4424
step=5392 loss=2.9846
step=5393 loss=3.2439
step=5394 loss=4.5976
step=5395 loss=3.5124
step=5396 loss=4.4486
step=5397 loss=3.5433
step=5398 loss=2.7697
step=5399 loss=2.8529
step=5400 loss=5.4486
eval_step=5400 eval_loss=3.4385 eval_ppl=31.14
step=5401 loss=3.6020
step=5402 loss=3.3755
step=5403 loss=3.8255
step=5404 loss=3.5096
step=5405 loss=2.7320
step=5406 loss=0.7745
step=5407 loss=4.7356
step=5408 loss=2.9879
step=5409 loss=5.8494
step=5410 loss=4.8594
step=5411 loss=0.3260
step=5412 loss=3.6456
step=5413 loss=3.5726
step=5414 loss=3.8620
step=5415 loss=3.6278
step=5416 loss=3.2275
step=5417 loss=0.1684
step=5418 loss=4.9985
step=5419 loss=5.1076
step=5420 loss=0.2472
step=5421 loss=3.4318
step=5422 loss=3.5123
step=5423 loss=3.2434
step=5424 loss=3.3902
step=5425 loss=0.0913
step=5426 loss=3.5938
step=5427 loss=0.4412
step=5428 loss=6.6506
step=5429 loss=2.5673
step=5430 loss=3.4829
step=5431 loss=2.7412
step=5432 loss=3.2293
step=5433 loss=2.8616
step=5434 loss=4.6845
step=5435 loss=0.4120
step=5436 loss=3.9342
step=5437 loss=6.4508
step=5438 loss=3.8961
step=5439 loss=0.3297
step=5440 loss=3.6128
step=5441 loss=3.6381
step=5442 loss=3.5484
step=5443 loss=3.0884
step=5444 loss=3.4630
step=5445 loss=3.8902
step=5446 loss=2.2072
step=5447 loss=3.2370
step=5448 loss=3.6103
step=5449 loss=0.3244
step=5450 loss=4.2000
step=5451 loss=0.4439
step=5452 loss=3.5695
step=5453 loss=3.0892
step=5454 loss=3.6729
step=5455 loss=3.9894
step=5456 loss=3.5340
step=5457 loss=4.3683
step=5458 loss=3.7536
step=5459 loss=0.0695
step=5460 loss=2.9980
step=5461 loss=3.8822
step=5462 loss=3.6113
step=5463 loss=3.0539
step=5464 loss=0.2240
step=5465 loss=4.1590
step=5466 loss=2.8778
step=5467 loss=3.0727
step=5468 loss=2.9484
step=5469 loss=3.6154
step=5470 loss=3.2572
step=5471 loss=0.8285
step=5472 loss=3.9703
step=5473 loss=3.8268
step=5474 loss=0.3943
step=5475 loss=7.1046
step=5476 loss=3.3945
step=5477 loss=0.0907
step=5478 loss=3.8133
step=5479 loss=3.6823
step=5480 loss=0.1787
step=5481 loss=3.2586
step=5482 loss=6.4792
step=5483 loss=3.6224
step=5484 loss=3.5336
step=5485 loss=3.3274
step=5486 loss=3.9929
step=5487 loss=3.3192
step=5488 loss=3.6757
step=5489 loss=4.3888
step=5490 loss=4.0317
step=5491 loss=0.1623
step=5492 loss=2.9679
step=5493 loss=4.2400
step=5494 loss=5.0669
step=5495 loss=4.0778
step=5496 loss=4.0718
step=5497 loss=4.0207
step=5498 loss=3.8750
step=5499 loss=3.5831
step=5500 loss=2.9499
step=5501 loss=4.1551
step=5502 loss=2.8889
step=5503 loss=4.0310
step=5504 loss=3.7320
step=5505 loss=3.1425
step=5506 loss=3.2720
step=5507 loss=2.8445
step=5508 loss=3.7916
step=5509 loss=3.3493
step=5510 loss=0.3338
step=5511 loss=4.3588
step=5512 loss=3.7239
step=5513 loss=3.9603
step=5514 loss=0.0904
step=5515 loss=3.4490
step=5516 loss=3.6182
step=5517 loss=4.6379
step=5518 loss=5.2420
step=5519 loss=3.3951
step=5520 loss=0.2101
step=5521 loss=3.3605
step=5522 loss=3.3638
step=5523 loss=3.6716
step=5524 loss=3.2968
step=5525 loss=2.9310
step=5526 loss=3.4555
step=5527 loss=0.0688
step=5528 loss=0.9530
step=5529 loss=3.2276
step=5530 loss=3.6451
step=5531 loss=0.1532
step=5532 loss=3.5649
step=5533 loss=3.2820
step=5534 loss=0.2295
step=5535 loss=3.4959
step=5536 loss=0.4057
step=5537 loss=3.6303
step=5538 loss=0.2177
step=5539 loss=4.0459
step=5540 loss=3.6482
step=5541 loss=3.4186
step=5542 loss=4.3241
step=5543 loss=0.8025
step=5544 loss=4.4824
step=5545 loss=0.1260
step=5546 loss=3.2457
step=5547 loss=3.7888
step=5548 loss=6.4478
step=5549 loss=3.7694
step=5550 loss=3.2784
step=5551 loss=0.7010
step=5552 loss=5.9102
step=5553 loss=3.0389
step=5554 loss=3.4205
step=5555 loss=3.9261
step=5556 loss=3.4413
step=5557 loss=3.3866
step=5558 loss=3.1034
step=5559 loss=3.3179
step=5560 loss=6.2228
step=5561 loss=0.5618
step=5562 loss=3.1630
step=5563 loss=3.2327
step=5564 loss=2.7884
step=5565 loss=3.2170
step=5566 loss=0.5673
step=5567 loss=3.4863
step=5568 loss=3.6414
step=5569 loss=0.2023
step=5570 loss=3.4929
step=5571 loss=3.4092
step=5572 loss=4.0072
step=5573 loss=4.0007
step=5574 loss=2.7139
step=5575 loss=3.6995
step=5576 loss=0.5519
step=5577 loss=3.3308
step=5578 loss=4.8389
step=5579 loss=0.2448
step=5580 loss=4.2473
step=5581 loss=3.1301
step=5582 loss=4.0719
step=5583 loss=3.2119
step=5584 loss=2.6613
step=5585 loss=0.2843
step=5586 loss=0.6154
step=5587 loss=3.9666
step=5588 loss=3.2187
step=5589 loss=5.0249
step=5590 loss=6.3649
step=5591 loss=0.2557
step=5592 loss=6.1580
step=5593 loss=3.8976
step=5594 loss=4.0736
step=5595 loss=3.4880
step=5596 loss=3.4567
step=5597 loss=4.0534
step=5598 loss=4.6513
step=5599 loss=2.7165
step=5600 loss=3.4312
eval_step=5600 eval_loss=3.4333 eval_ppl=30.98
step=5601 loss=3.6766
step=5602 loss=0.1870
step=5603 loss=3.1674
step=5604 loss=3.6541
step=5605 loss=2.9171
step=5606 loss=3.4170
step=5607 loss=0.8535
step=5608 loss=7.5926
step=5609 loss=2.8446
step=5610 loss=4.7309
step=5611 loss=3.5141
step=5612 loss=0.2246
step=5613 loss=2.6876
step=5614 loss=3.6212
step=5615 loss=3.3626
step=5616 loss=3.3272
step=5617 loss=0.2038
step=5618 loss=0.2378
step=5619 loss=3.0354
step=5620 loss=2.7089
step=5621 loss=5.4136
step=5622 loss=3.3426
step=5623 loss=3.0089
step=5624 loss=3.9312
step=5625 loss=0.5266
step=5626 loss=3.6703
step=5627 loss=3.8933
step=5628 loss=4.0016
step=5629 loss=0.1879
step=5630 loss=3.3067
step=5631 loss=0.0916
step=5632 loss=3.1141
step=5633 loss=3.4654
step=5634 loss=3.1810
step=5635 loss=0.2381
step=5636 loss=0.4925
step=5637 loss=2.7861
step=5638 loss=4.1831
step=5639 loss=3.5204
step=5640 loss=3.7786
step=5641 loss=3.2911
step=5642 loss=3.8229
step=5643 loss=3.1147
step=5644 loss=2.6954
step=5645 loss=3.8404
step=5646 loss=4.4483
step=5647 loss=3.2013
step=5648 loss=3.6318
step=5649 loss=3.5729
step=5650 loss=3.9623
step=5651 loss=0.1654
step=5652 loss=3.6888
step=5653 loss=0.7577
step=5654 loss=3.4867
step=5655 loss=3.3609
step=5656 loss=3.6915
step=5657 loss=0.4077
step=5658 loss=3.4464
step=5659 loss=3.3434
step=5660 loss=4.2128
step=5661 loss=3.3633
step=5662 loss=3.8794
step=5663 loss=3.9302
step=5664 loss=4.5884
step=5665 loss=3.0546
step=5666 loss=3.1896
step=5667 loss=4.1173
step=5668 loss=5.5852
step=5669 loss=4.5697
step=5670 loss=3.9151
step=5671 loss=5.3020
step=5672 loss=3.8617
step=5673 loss=4.0708
step=5674 loss=3.0677
step=5675 loss=3.1891
step=5676 loss=4.3424
step=5677 loss=3.8856
step=5678 loss=3.1803
step=5679 loss=3.2289
step=5680 loss=3.2423
step=5681 loss=3.7271
step=5682 loss=3.5427
step=5683 loss=3.8342
step=5684 loss=0.2896
step=5685 loss=0.3746
step=5686 loss=5.0598
step=5687 loss=4.7634
step=5688 loss=4.7332
step=5689 loss=0.2145
step=5690 loss=3.5357
step=5691 loss=4.8270
step=5692 loss=3.7542
step=5693 loss=3.1420
step=5694 loss=3.2503
step=5695 loss=2.6542
step=5696 loss=3.2528
step=5697 loss=0.7807
step=5698 loss=3.7731
step=5699 loss=6.0599
step=5700 loss=0.1208
step=5701 loss=3.1869
step=5702 loss=3.2635
step=5703 loss=0.2035
step=5704 loss=0.3125
step=5705 loss=3.0756
step=5706 loss=3.4383
step=5707 loss=0.3165
step=5708 loss=4.6985
step=5709 loss=3.6658
step=5710 loss=3.0437
step=5711 loss=4.1915
step=5712 loss=0.1365
step=5713 loss=3.4731
step=5714 loss=3.6752
step=5715 loss=3.4075
step=5716 loss=7.2162
step=5717 loss=3.5705
step=5718 loss=3.4997
step=5719 loss=4.2493
step=5720 loss=4.3734
step=5721 loss=3.1840
step=5722 loss=3.4702
step=5723 loss=3.1188
step=5724 loss=2.5753
step=5725 loss=3.4060
step=5726 loss=3.7915
step=5727 loss=4.0940
step=5728 loss=3.6396
step=5729 loss=3.5733
step=5730 loss=3.6163
step=5731 loss=0.2067
step=5732 loss=3.5602
step=5733 loss=3.4013
step=5734 loss=0.2950
step=5735 loss=4.1904
step=5736 loss=4.6525
step=5737 loss=3.5710
step=5738 loss=0.1924
step=5739 loss=3.5648
step=5740 loss=4.1513
step=5741 loss=3.3302
step=5742 loss=4.5537
step=5743 loss=4.3479
step=5744 loss=4.1588
step=5745 loss=5.7688
step=5746 loss=4.5791
step=5747 loss=0.3682
step=5748 loss=3.1574
step=5749 loss=3.3010
step=5750 loss=0.2265
step=5751 loss=4.9776
step=5752 loss=0.2348
step=5753 loss=0.2721
step=5754 loss=0.1242
step=5755 loss=4.5134
step=5756 loss=0.2708
step=5757 loss=4.7408
step=5758 loss=3.6491
step=5759 loss=0.2388
step=5760 loss=3.5766
step=5761 loss=2.8825
step=5762 loss=3.6984
step=5763 loss=4.0238
step=5764 loss=4.2248
step=5765 loss=3.7106
step=5766 loss=4.4233
step=5767 loss=2.8465
step=5768 loss=0.2461
step=5769 loss=3.2665
step=5770 loss=4.7739
step=5771 loss=4.1713
step=5772 loss=3.3728
step=5773 loss=3.5779
step=5774 loss=0.2778
step=5775 loss=0.3273
step=5776 loss=3.3542
step=5777 loss=3.7817
step=5778 loss=5.1734
step=5779 loss=3.3242
step=5780 loss=3.4460
step=5781 loss=3.4411
step=5782 loss=3.4345
step=5783 loss=3.6233
step=5784 loss=3.8165
step=5785 loss=3.6272
step=5786 loss=3.3190
step=5787 loss=3.7224
step=5788 loss=3.2593
step=5789 loss=3.4594
step=5790 loss=3.8076
step=5791 loss=4.0471
step=5792 loss=4.0777
step=5793 loss=4.7963
step=5794 loss=3.3422
step=5795 loss=3.9457
step=5796 loss=3.9094
step=5797 loss=4.1904
step=5798 loss=3.7594
step=5799 loss=3.4226
step=5800 loss=3.8617
eval_step=5800 eval_loss=3.4297 eval_ppl=30.87
step=5801 loss=3.1841
step=5802 loss=4.9251
step=5803 loss=3.5801
step=5804 loss=3.3147
step=5805 loss=3.6743
step=5806 loss=3.3084
step=5807 loss=3.6437
step=5808 loss=6.0253
step=5809 loss=3.3967
step=5810 loss=4.4952
step=5811 loss=3.1499
step=5812 loss=0.2119
step=5813 loss=3.1872
step=5814 loss=3.3404
step=5815 loss=3.9697
step=5816 loss=5.1420
step=5817 loss=0.1440
step=5818 loss=3.1254
step=5819 loss=3.4426
step=5820 loss=4.0294
step=5821 loss=3.5590
step=5822 loss=3.8670
step=5823 loss=3.2162
step=5824 loss=3.5770
step=5825 loss=3.4340
step=5826 loss=3.5320
step=5827 loss=4.7421
step=5828 loss=3.4057
step=5829 loss=3.5096
step=5830 loss=3.3487
step=5831 loss=4.1144
step=5832 loss=3.7740
step=5833 loss=3.7347
step=5834 loss=4.2809
step=5835 loss=6.9730
step=5836 loss=3.5147
step=5837 loss=0.2368
step=5838 loss=3.1706
step=5839 loss=3.3080
step=5840 loss=3.2610
step=5841 loss=3.5328
step=5842 loss=3.5618
step=5843 loss=3.5566
step=5844 loss=7.1249
step=5845 loss=3.5135
step=5846 loss=4.9944
step=5847 loss=3.4338
step=5848 loss=2.9610
step=5849 loss=3.2592
step=5850 loss=4.3043
step=5851 loss=4.4635
step=5852 loss=4.5954
step=5853 loss=4.1593
step=5854 loss=3.7182
step=5855 loss=3.0603
step=5856 loss=3.3064
step=5857 loss=4.4983
step=5858 loss=3.9986
step=5859 loss=3.8839
step=5860 loss=3.8973
step=5861 loss=5.4355
step=5862 loss=2.6696
step=5863 loss=3.4611
step=5864 loss=5.1058
step=5865 loss=3.9612
step=5866 loss=3.7715
step=5867 loss=3.8268
step=5868 loss=4.7232
step=5869 loss=4.5835
step=5870 loss=2.8932
step=5871 loss=3.6636
step=5872 loss=5.2266
step=5873 loss=3.6185
step=5874 loss=2.5653
step=5875 loss=3.0464
step=5876 loss=0.2799
step=5877 loss=0.3590
step=5878 loss=0.2743
step=5879 loss=3.6163
step=5880 loss=1.6212
step=5881 loss=0.1367
step=5882 loss=4.5935
step=5883 loss=3.5769
step=5884 loss=4.7618
step=5885 loss=4.8574
step=5886 loss=0.5511
step=5887 loss=4.8629
step=5888 loss=3.6437
step=5889 loss=3.7807
step=5890 loss=0.2863
step=5891 loss=3.6258
step=5892 loss=0.1848
step=5893 loss=4.5635
step=5894 loss=3.4054
step=5895 loss=3.6646
step=5896 loss=3.2154
step=5897 loss=3.8379
step=5898 loss=3.0582
step=5899 loss=3.1433
step=5900 loss=3.9687
step=5901 loss=3.2819
step=5902 loss=4.0936
step=5903 loss=3.2356
step=5904 loss=3.6184
step=5905 loss=0.1238
step=5906 loss=3.9460
step=5907 loss=4.5425
step=5908 loss=3.3957
step=5909 loss=3.4848
step=5910 loss=4.6981
step=5911 loss=3.4314
step=5912 loss=3.3477
step=5913 loss=6.1516
step=5914 loss=5.2482
step=5915 loss=0.1949
step=5916 loss=3.8807
step=5917 loss=2.9594
step=5918 loss=0.1426
step=5919 loss=3.0943
step=5920 loss=0.2207
step=5921 loss=3.6395
step=5922 loss=3.6424
step=5923 loss=0.2972
step=5924 loss=2.1368
step=5925 loss=4.3312
step=5926 loss=3.2604
step=5927 loss=4.1161
step=5928 loss=3.3484
step=5929 loss=3.6980
step=5930 loss=3.4215
step=5931 loss=3.4664
step=5932 loss=3.0496
step=5933 loss=5.0495
step=5934 loss=3.9647
step=5935 loss=5.4113
step=5936 loss=3.4920
step=5937 loss=5.4028
step=5938 loss=3.4730
step=5939 loss=3.6936
step=5940 loss=5.7572
step=5941 loss=4.2238
step=5942 loss=3.6899
step=5943 loss=0.0659
step=5944 loss=4.2026
step=5945 loss=3.4798
step=5946 loss=3.0829
step=5947 loss=4.5768
step=5948 loss=3.4712
step=5949 loss=4.5975
step=5950 loss=0.1366
step=5951 loss=7.1349
step=5952 loss=0.1596
step=5953 loss=3.0612
step=5954 loss=3.0319
step=5955 loss=3.1094
step=5956 loss=3.3348
step=5957 loss=5.9320
step=5958 loss=5.8304
step=5959 loss=3.4311
step=5960 loss=0.1748
step=5961 loss=2.9730
step=5962 loss=2.8905
step=5963 loss=2.7500
step=5964 loss=3.4735
step=5965 loss=3.0775
step=5966 loss=2.9812
step=5967 loss=3.3220
step=5968 loss=3.8099
step=5969 loss=0.0594
step=5970 loss=4.2920
step=5971 loss=4.0613
step=5972 loss=4.4433
step=5973 loss=0.2041
step=5974 loss=3.9333
step=5975 loss=3.4442
step=5976 loss=3.4245
step=5977 loss=0.2014
step=5978 loss=3.8204
step=5979 loss=2.6626
step=5980 loss=6.3482
step=5981 loss=3.6422
step=5982 loss=3.3022
step=5983 loss=3.5714
step=5984 loss=3.0767
step=5985 loss=3.2577
step=5986 loss=3.7323
step=5987 loss=4.0829
step=5988 loss=0.2248
step=5989 loss=0.2668
step=5990 loss=4.0126
step=5991 loss=3.3868
step=5992 loss=2.9211
step=5993 loss=4.1120
step=5994 loss=3.0351
step=5995 loss=3.5392
step=5996 loss=3.4911
step=5997 loss=6.3631
step=5998 loss=3.1608
step=5999 loss=3.4849
step=6000 loss=0.1333
eval_step=6000 eval_loss=3.4263 eval_ppl=30.76
step=6001 loss=3.1421
step=6002 loss=3.5646
step=6003 loss=2.9922
step=6004 loss=3.3244
step=6005 loss=4.1591
step=6006 loss=0.0347
step=6007 loss=4.3922
step=6008 loss=4.1079
step=6009 loss=3.3706
step=6010 loss=3.6962
step=6011 loss=2.9665
step=6012 loss=3.0971
step=6013 loss=3.6122
step=6014 loss=3.0063
step=6015 loss=2.3612
step=6016 loss=3.6314
step=6017 loss=4.1488
step=6018 loss=0.3848
step=6019 loss=4.1487
step=6020 loss=5.1183
step=6021 loss=3.4159
step=6022 loss=5.4534
step=6023 loss=4.8707
step=6024 loss=3.6280
step=6025 loss=2.9394
step=6026 loss=3.9008
step=6027 loss=0.3173
step=6028 loss=3.4591
step=6029 loss=3.4114
step=6030 loss=3.1253
step=6031 loss=5.4699
step=6032 loss=2.9198
step=6033 loss=3.3965
step=6034 loss=3.1231
step=6035 loss=3.5910
step=6036 loss=3.8873
step=6037 loss=4.9862
step=6038 loss=3.4514
step=6039 loss=3.7061
step=6040 loss=3.2531
step=6041 loss=3.2752
step=6042 loss=3.7957
step=6043 loss=3.5167
step=6044 loss=4.3458
step=6045 loss=3.9040
step=6046 loss=4.4948
step=6047 loss=3.2410
step=6048 loss=3.7557
step=6049 loss=3.7755
step=6050 loss=3.3725
step=6051 loss=3.1823
step=6052 loss=0.1775
step=6053 loss=3.6006
step=6054 loss=0.0711
step=6055 loss=3.1943
step=6056 loss=3.2363
step=6057 loss=3.9935
step=6058 loss=0.0718
step=6059 loss=3.5077
step=6060 loss=3.5516
step=6061 loss=3.5316
step=6062 loss=3.4694
step=6063 loss=6.5808
step=6064 loss=3.3544
step=6065 loss=0.0971
step=6066 loss=5.3947
step=6067 loss=3.6759
step=6068 loss=2.9352
step=6069 loss=0.2739
step=6070 loss=0.2813
step=6071 loss=2.9318
step=6072 loss=3.3810
step=6073 loss=3.3694
step=6074 loss=6.2710
step=6075 loss=0.2052
step=6076 loss=4.3689
step=6077 loss=4.2774
step=6078 loss=3.2538
step=6079 loss=4.2306
step=6080 loss=3.6098
step=6081 loss=2.3794
step=6082 loss=0.1182
step=6083 loss=3.4634
step=6084 loss=3.5725
step=6085 loss=5.6644
step=6086 loss=0.1317
step=6087 loss=0.2568
step=6088 loss=7.9640
step=6089 loss=2.9564
step=6090 loss=3.2468
step=6091 loss=3.6533
step=6092 loss=4.5326
step=6093 loss=3.3127
step=6094 loss=3.2713
step=6095 loss=3.5992
step=6096 loss=3.5362
step=6097 loss=0.1660
step=6098 loss=0.3079
step=6099 loss=0.1863
step=6100 loss=4.1128
step=6101 loss=3.1692
step=6102 loss=2.7577
step=6103 loss=4.2783
step=6104 loss=5.7617
step=6105 loss=4.9997
step=6106 loss=0.0938
step=6107 loss=0.0834
step=6108 loss=5.3340
step=6109 loss=3.8178
step=6110 loss=3.1194
step=6111 loss=3.6102
step=6112 loss=3.0747
step=6113 loss=3.9227
step=6114 loss=3.2293
step=6115 loss=3.3840
step=6116 loss=3.5044
step=6117 loss=3.1076
step=6118 loss=5.0576
step=6119 loss=3.2881
step=6120 loss=5.1864
step=6121 loss=3.7927
step=6122 loss=3.1130
step=6123 loss=0.1965
step=6124 loss=4.1249
step=6125 loss=3.1581
step=6126 loss=3.4852
step=6127 loss=4.3558
step=6128 loss=0.1600
step=6129 loss=3.5133
step=6130 loss=3.6624
step=6131 loss=3.7704
step=6132 loss=3.2260
step=6133 loss=3.0510
step=6134 loss=5.1923
step=6135 loss=3.9006
step=6136 loss=4.7379
step=6137 loss=4.7750
step=6138 loss=3.7557
step=6139 loss=3.5845
step=6140 loss=3.0850
step=6141 loss=3.1383
step=6142 loss=3.2383
step=6143 loss=2.5086
step=6144 loss=3.9434
step=6145 loss=3.6282
step=6146 loss=0.1178
step=6147 loss=2.7311
step=6148 loss=0.0903
step=6149 loss=3.2112
step=6150 loss=0.2862
step=6151 loss=3.0981
step=6152 loss=3.6069
step=6153 loss=3.5917
step=6154 loss=3.4918
step=6155 loss=3.4520
step=6156 loss=4.0668
step=6157 loss=3.7604
step=6158 loss=3.4561
step=6159 loss=4.3222
step=6160 loss=3.5826
step=6161 loss=3.3683
step=6162 loss=3.2270
step=6163 loss=3.7105
step=6164 loss=3.3026
step=6165 loss=3.8801
step=6166 loss=3.0316
step=6167 loss=3.3760
step=6168 loss=3.0676
step=6169 loss=5.2263
step=6170 loss=0.2871
step=6171 loss=3.1067
step=6172 loss=4.5790
step=6173 loss=3.3479
step=6174 loss=3.4751
step=6175 loss=0.2472
step=6176 loss=4.0339
step=6177 loss=2.7896
step=6178 loss=4.0163
step=6179 loss=3.5883
step=6180 loss=4.6921
step=6181 loss=4.2596
step=6182 loss=4.1980
step=6183 loss=3.1283
step=6184 loss=3.9455
step=6185 loss=3.7274
step=6186 loss=3.3141
step=6187 loss=3.3159
step=6188 loss=3.3485
step=6189 loss=5.1942
step=6190 loss=3.0555
step=6191 loss=3.2988
step=6192 loss=0.1324
step=6193 loss=3.9363
step=6194 loss=0.2799
step=6195 loss=0.1316
step=6196 loss=3.4599
step=6197 loss=3.4806
step=6198 loss=5.3765
step=6199 loss=0.2335
step=6200 loss=3.3150
eval_step=6200 eval_loss=3.4230 eval_ppl=30.66
step=6201 loss=6.3012
step=6202 loss=0.0733
step=6203 loss=4.1462
step=6204 loss=3.6691
step=6205 loss=3.5574
step=6206 loss=0.1401
step=6207 loss=3.7172
step=6208 loss=0.5556
step=6209 loss=3.8308
step=6210 loss=4.3434
step=6211 loss=0.0575
step=6212 loss=3.2531
step=6213 loss=2.9166
step=6214 loss=3.9054
step=6215 loss=0.0814
step=6216 loss=4.8789
step=6217 loss=3.7392
step=6218 loss=3.8174
step=6219 loss=4.0977
step=6220 loss=3.3168
step=6221 loss=3.6413
step=6222 loss=3.0892
step=6223 loss=3.3317
step=6224 loss=3.4404
step=6225 loss=3.4081
step=6226 loss=0.1233
step=6227 loss=3.3451
step=6228 loss=6.1431
step=6229 loss=3.6917
step=6230 loss=3.3142
step=6231 loss=3.6979
step=6232 loss=2.9562
step=6233 loss=6.6706
step=6234 loss=3.8795
step=6235 loss=3.2894
step=6236 loss=3.4308
step=6237 loss=0.0799
step=6238 loss=4.0907
step=6239 loss=3.4830
step=6240 loss=5.3426
step=6241 loss=4.0254
step=6242 loss=2.9352
step=6243 loss=5.1660
step=6244 loss=3.6650
step=6245 loss=3.5626
step=6246 loss=3.6081
step=6247 loss=5.9957
step=6248 loss=4.4174
step=6249 loss=3.2154
step=6250 loss=3.1368
step=6251 loss=2.7426
step=6252 loss=3.8667
step=6253 loss=0.0997
step=6254 loss=3.0692
step=6255 loss=0.1590
step=6256 loss=2.8823
step=6257 loss=3.1859
step=6258 loss=7.1789
step=6259 loss=3.4996
step=6260 loss=3.1154
step=6261 loss=3.8386
step=6262 loss=3.3995
step=6263 loss=3.5495
step=6264 loss=3.6346
step=6265 loss=3.4863
step=6266 loss=4.5129
step=6267 loss=3.5121
step=6268 loss=0.1226
step=6269 loss=3.4807
step=6270 loss=3.6772
step=6271 loss=2.9042
step=6272 loss=3.9390
step=6273 loss=3.9572
step=6274 loss=3.4368
step=6275 loss=3.2383
step=6276 loss=0.0636
step=6277 loss=3.3592
step=6278 loss=2.9752
step=6279 loss=4.5919
step=6280 loss=3.2581
step=6281 loss=0.2010
step=6282 loss=3.2596
step=6283 loss=3.9266
step=6284 loss=0.2097
step=6285 loss=2.7866
step=6286 loss=4.6533
step=6287 loss=4.4341
step=6288 loss=2.7823
step=6289 loss=4.0062
step=6290 loss=4.0233
step=6291 loss=3.9652
step=6292 loss=3.4780
step=6293 loss=3.2098
step=6294 loss=5.8323
step=6295 loss=4.6890
step=6296 loss=3.1834
step=6297 loss=4.7502
step=6298 loss=6.1850
step=6299 loss=3.7906
step=6300 loss=0.1627
step=6301 loss=3.2293
step=6302 loss=3.5991
step=6303 loss=0.2497
step=6304 loss=3.2324
step=6305 loss=0.2083
step=6306 loss=0.0976
step=6307 loss=3.5032
step=6308 loss=3.5358
step=6309 loss=3.2772
step=6310 loss=4.1588
step=6311 loss=0.0808
step=6312 loss=3.9072
step=6313 loss=4.4826
step=6314 loss=5.4324
step=6315 loss=4.6506
step=6316 loss=3.7157
step=6317 loss=0.1373
step=6318 loss=4.9031
step=6319 loss=2.4563
step=6320 loss=3.7220
step=6321 loss=3.4436
step=6322 loss=0.2413
step=6323 loss=4.5624