/home/wlwuser/hy/conda/envs/dp-gated/lib/python3.12/site-packages/opacus/privacy_engine.py:96: UserWarning: Secure RNG turned off. This is perfectly fine for experimentation as it allows for much faster training performance, but remember to turn it on and retrain one last time before production with ``secure_mode`` turned on.
  warnings.warn(
`loss_type=None` was set in the config but it is unrecognized. Using the default loss: `ForCausalLMLoss`.
step=001 loss=8.7193
step=002 loss=9.4273
step=003 loss=8.8711
step=004 loss=11.0356
step=005 loss=6.6642
step=006 loss=8.9677
step=007 loss=9.1538
step=008 loss=10.1509
step=009 loss=10.9877
step=010 loss=8.4482
step=011 loss=11.0307
step=012 loss=5.8694
step=013 loss=8.4198
step=014 loss=9.2243
step=015 loss=9.5485
step=016 loss=9.0331
step=017 loss=10.1307
step=018 loss=11.2339
step=019 loss=10.0470
step=020 loss=9.3597
step=021 loss=8.2807
step=022 loss=8.5042
step=023 loss=7.6858
step=024 loss=7.7788
step=025 loss=9.2574
step=026 loss=9.4317
step=027 loss=8.8092
step=028 loss=9.7331
step=029 loss=9.1466
step=030 loss=8.9674
step=031 loss=7.2471
step=032 loss=8.5411
step=033 loss=8.7979
step=034 loss=9.0692
step=035 loss=10.0224
step=036 loss=9.2051
step=037 loss=9.0093
step=038 loss=8.5325
step=039 loss=9.5511
step=040 loss=7.6367
step=041 loss=8.9648
step=042 loss=9.1748
step=043 loss=9.8251
step=044 loss=8.6665
step=045 loss=9.0579
step=046 loss=9.0094
step=047 loss=10.1073
step=048 loss=8.5364
step=049 loss=9.9426
step=050 loss=9.8164
step=051 loss=9.4357
step=052 loss=4.4731
step=053 loss=10.0559
step=054 loss=10.9760
step=055 loss=6.0078
step=056 loss=8.9747
step=057 loss=9.3141
step=058 loss=10.4045
step=059 loss=10.0954
step=060 loss=10.1620
step=061 loss=9.5900
step=062 loss=10.3199
step=063 loss=9.7633
step=064 loss=9.1384
step=065 loss=9.2394
step=066 loss=7.6571
step=067 loss=9.9671
step=068 loss=8.5516
step=069 loss=5.8790
step=070 loss=8.9354
step=071 loss=10.2137
step=072 loss=7.4338
step=073 loss=7.9297
step=074 loss=8.2787
step=075 loss=8.1081
step=076 loss=10.0175
step=077 loss=8.1751
step=078 loss=7.6689
step=079 loss=8.9187
step=080 loss=8.2727
step=081 loss=9.0249
step=082 loss=9.6549
step=083 loss=8.7746
step=084 loss=9.6454
step=085 loss=9.1877
step=086 loss=10.7167
step=087 loss=8.9467
step=088 loss=8.9376
step=089 loss=9.0403
step=090 loss=8.2988
step=091 loss=9.1941
step=092 loss=7.3250
step=093 loss=9.0962
step=094 loss=9.1949
step=095 loss=9.7961
step=096 loss=10.0297
step=097 loss=11.4338
step=098 loss=8.8061
step=099 loss=9.4569
step=100 loss=8.1490
step=101 loss=8.7183
step=102 loss=8.0356
step=103 loss=8.4539
step=104 loss=10.0369
step=105 loss=8.4623
step=106 loss=10.1405
step=107 loss=9.6093
step=108 loss=9.2619
step=109 loss=9.9564
step=110 loss=8.8456
step=111 loss=8.4942
step=112 loss=9.7898
step=113 loss=10.1253
step=114 loss=9.0041
step=115 loss=9.9391
step=116 loss=8.4276
step=117 loss=9.8164
step=118 loss=9.8259
step=119 loss=9.4635
step=120 loss=8.4351
step=121 loss=9.9738
step=122 loss=9.9390
step=123 loss=7.1523
step=124 loss=10.8259
step=125 loss=8.9176
step=126 loss=7.7332
step=127 loss=9.0203
step=128 loss=8.8557
step=129 loss=9.4870
step=130 loss=7.7914
step=131 loss=9.9215
step=132 loss=9.1711
step=133 loss=7.5179
step=134 loss=9.8797
step=135 loss=9.1634
step=136 loss=10.2488
step=137 loss=9.0769
step=138 loss=9.8485
step=139 loss=9.7559
step=140 loss=8.9524
step=141 loss=8.7510
step=142 loss=7.9884
step=143 loss=6.9759
step=144 loss=8.7263
step=145 loss=8.8288
step=146 loss=11.3075
step=147 loss=9.0215
step=148 loss=8.0075
step=149 loss=9.2641
step=150 loss=11.1206
step=151 loss=9.6331
step=152 loss=7.2894
step=153 loss=8.9980
step=154 loss=7.7741
step=155 loss=9.2161
step=156 loss=10.1271
step=157 loss=9.8016
step=158 loss=8.7417
step=159 loss=9.5226
step=160 loss=9.7535
step=161 loss=9.1920
step=162 loss=8.7365
step=163 loss=8.5634
step=164 loss=8.6940
step=165 loss=9.7359
step=166 loss=7.5779
step=167 loss=9.9431
step=168 loss=9.4676
step=169 loss=10.0380
step=170 loss=9.5599
step=171 loss=8.6550
step=172 loss=6.9584
step=173 loss=9.2562
step=174 loss=9.4761
step=175 loss=8.6569
step=176 loss=9.9475
step=177 loss=8.7383
step=178 loss=8.7761
step=179 loss=10.1062
step=180 loss=9.8809
step=181 loss=5.8449
step=182 loss=9.8728
step=183 loss=10.7204
step=184 loss=8.7953
step=185 loss=9.1759
step=186 loss=7.9158
step=187 loss=9.9196
step=188 loss=7.0581
step=189 loss=6.0186
step=190 loss=7.0392
step=191 loss=8.8080
step=192 loss=10.8882
step=193 loss=7.4181
step=194 loss=8.9571
step=195 loss=9.0059
step=196 loss=7.4359
step=197 loss=9.5962
step=198 loss=8.3292
step=199 loss=8.7662
step=200 loss=9.3981
eval_step=200 eval_loss=9.1775 eval_ppl=9676.64
step=201 loss=8.8309
step=202 loss=9.0165
step=203 loss=10.7283
step=204 loss=8.6793
step=205 loss=8.8515
step=206 loss=8.9275
step=207 loss=9.1387
step=208 loss=9.5134
step=209 loss=10.7897
step=210 loss=8.7393
step=211 loss=8.9625
step=212 loss=9.9880
step=213 loss=9.3355
step=214 loss=8.9330
step=215 loss=10.7679
step=216 loss=8.4109
step=217 loss=7.6792
step=218 loss=10.4686
step=219 loss=8.6186
step=220 loss=8.9142
step=221 loss=8.2552
step=222 loss=10.8166
step=223 loss=5.9964
step=224 loss=8.5579
step=225 loss=8.5327
step=226 loss=6.9415
step=227 loss=9.3159
step=228 loss=9.1468
step=229 loss=10.3212
step=230 loss=9.9474
step=231 loss=8.7266
step=232 loss=8.7005
step=233 loss=10.7005
step=234 loss=8.6563
step=235 loss=7.5435
step=236 loss=10.6808
step=237 loss=8.9002
step=238 loss=9.8630
step=239 loss=10.6790
step=240 loss=9.5243
step=241 loss=10.9186
step=242 loss=5.9617
step=243 loss=9.2488
step=244 loss=9.6718
step=245 loss=8.5952
step=246 loss=6.9515
step=247 loss=8.9163
step=248 loss=8.5785
step=249 loss=7.3551
step=250 loss=10.4194
step=251 loss=8.4728
step=252 loss=8.6688
step=253 loss=9.4375
step=254 loss=9.5787
step=255 loss=8.0206
step=256 loss=10.7552
step=257 loss=7.7373
step=258 loss=9.9263
step=259 loss=9.0418
step=260 loss=9.1302
step=261 loss=8.5705
step=262 loss=8.7362
step=263 loss=6.9322
step=264 loss=7.3407
step=265 loss=9.5183
step=266 loss=8.9130
step=267 loss=9.8173
step=268 loss=10.1230
step=269 loss=8.3774
step=270 loss=8.8178
step=271 loss=11.1096
step=272 loss=9.5581
step=273 loss=8.4837
step=274 loss=9.9430
step=275 loss=9.6913
step=276 loss=10.7962
step=277 loss=9.0770
step=278 loss=9.7139
step=279 loss=8.8587
step=280 loss=6.8682
step=281 loss=8.5020
step=282 loss=8.7706
step=283 loss=9.3611
step=284 loss=10.9619
step=285 loss=10.4153
step=286 loss=9.6118
step=287 loss=8.3719
step=288 loss=10.2065
step=289 loss=10.0842
step=290 loss=9.8256
step=291 loss=8.5852
step=292 loss=7.7074
step=293 loss=9.4509
step=294 loss=9.2255
step=295 loss=8.8828
step=296 loss=8.8943
step=297 loss=8.0602
step=298 loss=6.9000
step=299 loss=9.6710
step=300 loss=8.1805
step=301 loss=9.2775
step=302 loss=9.8412
step=303 loss=8.5213
step=304 loss=10.7506
step=305 loss=10.4478
step=306 loss=8.4443
step=307 loss=8.8450
step=308 loss=8.7957
step=309 loss=9.8233
step=310 loss=9.0656
step=311 loss=8.4338
step=312 loss=9.2339
step=313 loss=9.1920
step=314 loss=10.6856
step=315 loss=8.6539
step=316 loss=7.2787
step=317 loss=8.7436
step=318 loss=8.5972
step=319 loss=8.6915
step=320 loss=7.4656
step=321 loss=8.1268
step=322 loss=8.6117
step=323 loss=9.5979
step=324 loss=9.5810
step=325 loss=8.6277
step=326 loss=8.7777
step=327 loss=10.1573
step=328 loss=8.5911
step=329 loss=9.7072
step=330 loss=11.2439
step=331 loss=9.0968
step=332 loss=9.9493
step=333 loss=8.3505
step=334 loss=9.0312
step=335 loss=8.6147
step=336 loss=8.7552
step=337 loss=9.4095
step=338 loss=8.9617
step=339 loss=7.2536
step=340 loss=8.8056
step=341 loss=8.0671
step=342 loss=10.1386
step=343 loss=9.5239
step=344 loss=9.6216
step=345 loss=8.5682
step=346 loss=8.8674
step=347 loss=8.4404
step=348 loss=9.1558
step=349 loss=9.9301
step=350 loss=8.3980
step=351 loss=7.6403
step=352 loss=8.7519
step=353 loss=8.9527
step=354 loss=8.8588
step=355 loss=8.0474
step=356 loss=7.3066
step=357 loss=8.6483
step=358 loss=7.9723
step=359 loss=8.6879
step=360 loss=9.1752
step=361 loss=9.2156
step=362 loss=8.5406
step=363 loss=8.7231
step=364 loss=9.3209
step=365 loss=9.1688
step=366 loss=10.5346
step=367 loss=8.5582
step=368 loss=8.6141
step=369 loss=9.3323
step=370 loss=8.1843
step=371 loss=10.1045
step=372 loss=9.2235
step=373 loss=11.0415
step=374 loss=8.3163
step=375 loss=9.0152
step=376 loss=9.8735
step=377 loss=7.8221
step=378 loss=9.0958
step=379 loss=8.9621
step=380 loss=8.3616
step=381 loss=10.0132
step=382 loss=8.7302
step=383 loss=8.5992
step=384 loss=9.5800
step=385 loss=8.7695
step=386 loss=9.3030
step=387 loss=8.9866
step=388 loss=8.5605
step=389 loss=8.6680
step=390 loss=8.4061
step=391 loss=9.4928
step=392 loss=10.2544
step=393 loss=11.0364
step=394 loss=9.5124
step=395 loss=8.9681
step=396 loss=9.4638
step=397 loss=8.3478
step=398 loss=7.2844
step=399 loss=8.9624
step=400 loss=8.0653
eval_step=400 eval_loss=9.0594 eval_ppl=8598.83
step=401 loss=8.8636
step=402 loss=8.4831
step=403 loss=8.6704
step=404 loss=8.6677
step=405 loss=8.4235
step=406 loss=7.5646
step=407 loss=10.6250
step=408 loss=10.6950
step=409 loss=8.8935
step=410 loss=10.1151
step=411 loss=8.7148
step=412 loss=6.9756
step=413 loss=9.3595
step=414 loss=10.2871
step=415 loss=6.2112
step=416 loss=9.6567
step=417 loss=8.5067
step=418 loss=9.4462
step=419 loss=10.3374
step=420 loss=8.5269
step=421 loss=9.5722
step=422 loss=9.6382
step=423 loss=8.3789
step=424 loss=9.5754
step=425 loss=7.7499
step=426 loss=8.3879
step=427 loss=8.0193
step=428 loss=6.9478
step=429 loss=9.5082
step=430 loss=8.6541
step=431 loss=7.8442
step=432 loss=8.2055
step=433 loss=8.5034
step=434 loss=9.3087
step=435 loss=10.5081
step=436 loss=9.5721
step=437 loss=8.4780
step=438 loss=8.7578
step=439 loss=9.2712
step=440 loss=8.6458
step=441 loss=9.1916
step=442 loss=8.7041
step=443 loss=7.5877
step=444 loss=8.8425
step=445 loss=10.2748
step=446 loss=9.7562
step=447 loss=8.8599
step=448 loss=9.7544
step=449 loss=8.1171
step=450 loss=9.3633
step=451 loss=8.8626
step=452 loss=8.7237
step=453 loss=8.3799
step=454 loss=6.4158
step=455 loss=10.0978
step=456 loss=8.7765
step=457 loss=9.3883
step=458 loss=6.8973
step=459 loss=9.1983
step=460 loss=8.3880
step=461 loss=7.1341
step=462 loss=9.5053
step=463 loss=7.3517
step=464 loss=7.1782
step=465 loss=7.2332
step=466 loss=9.5820
step=467 loss=9.4310
step=468 loss=8.3595
step=469 loss=9.4707
step=470 loss=8.4601
step=471 loss=10.2914
step=472 loss=9.9372
step=473 loss=8.9610
step=474 loss=8.0687
step=475 loss=10.9992
step=476 loss=8.0693
step=477 loss=10.8329
step=478 loss=8.3998
step=479 loss=9.4230
step=480 loss=9.6237
step=481 loss=8.4843
step=482 loss=9.1217
step=483 loss=7.9980
step=484 loss=8.5150
step=485 loss=8.0428
step=486 loss=10.8089
step=487 loss=9.5621
step=488 loss=8.5218
step=489 loss=9.3988
step=490 loss=8.7993
step=491 loss=9.5113
step=492 loss=8.3713
step=493 loss=7.3863
step=494 loss=7.3022
step=495 loss=7.4477
step=496 loss=8.4846
step=497 loss=9.2397
step=498 loss=10.3221
step=499 loss=9.4420
step=500 loss=7.8417
step=501 loss=9.1314
step=502 loss=8.4875
step=503 loss=8.3447
step=504 loss=8.8116
step=505 loss=8.2901
step=506 loss=8.3067
step=507 loss=9.5105
step=508 loss=8.7287
step=509 loss=10.3097
step=510 loss=8.4832
step=511 loss=7.3120
step=512 loss=7.6775
step=513 loss=8.9022
step=514 loss=10.0048
step=515 loss=8.1927
step=516 loss=8.5605
step=517 loss=7.9868
step=518 loss=8.7433
step=519 loss=8.8824
step=520 loss=9.5331
step=521 loss=9.1893
step=522 loss=8.3522
step=523 loss=8.1749
step=524 loss=8.0769
step=525 loss=9.4830
step=526 loss=8.0090
step=527 loss=8.7539
step=528 loss=9.0384
step=529 loss=9.5904
step=530 loss=7.8923
step=531 loss=9.8710
step=532 loss=9.5094
step=533 loss=8.3356
step=534 loss=9.5878
step=535 loss=9.4354
step=536 loss=7.5485
step=537 loss=8.7275
step=538 loss=8.4364
step=539 loss=8.5525
step=540 loss=8.8627
step=541 loss=8.9046
step=542 loss=9.5823
step=543 loss=8.8445
step=544 loss=8.8284
step=545 loss=8.4115
step=546 loss=8.3905
step=547 loss=8.0319
step=548 loss=10.0352
step=549 loss=8.0746
step=550 loss=10.4462
step=551 loss=8.6305
step=552 loss=9.2233
step=553 loss=8.3569
step=554 loss=10.6694
step=555 loss=8.1653
step=556 loss=7.1346
step=557 loss=9.7411
step=558 loss=10.1449
step=559 loss=8.3836
step=560 loss=10.5502
step=561 loss=10.4763
step=562 loss=8.1130
step=563 loss=8.0403
step=564 loss=8.7919
step=565 loss=7.8301
step=566 loss=8.3041
step=567 loss=9.6191
step=568 loss=8.7236
step=569 loss=8.5795
step=570 loss=8.3113
step=571 loss=8.3725
step=572 loss=8.6164
step=573 loss=8.4537
step=574 loss=8.3806
step=575 loss=7.9264
step=576 loss=8.1313
step=577 loss=9.2644
step=578 loss=9.4662
step=579 loss=5.7021
step=580 loss=8.0186
step=581 loss=8.6244
step=582 loss=7.5878
step=583 loss=8.3373
step=584 loss=8.5735
step=585 loss=10.0983
step=586 loss=9.1776
step=587 loss=9.3124
step=588 loss=8.0749
step=589 loss=10.1857
step=590 loss=7.5714
step=591 loss=8.3055
step=592 loss=9.6531
step=593 loss=8.9728
step=594 loss=8.9700
step=595 loss=9.1589
step=596 loss=8.9684
step=597 loss=10.5809
step=598 loss=7.7614
step=599 loss=8.4217
step=600 loss=7.5854
eval_step=600 eval_loss=8.9400 eval_ppl=7631.23
step=601 loss=8.6652
step=602 loss=9.3693
step=603 loss=8.4178
step=604 loss=8.3833
step=605 loss=8.6668
step=606 loss=9.6702
step=607 loss=8.3968
step=608 loss=9.4919
step=609 loss=8.4035
step=610 loss=8.6625
step=611 loss=8.1238
step=612 loss=8.0189
step=613 loss=7.0562
step=614 loss=7.3478
step=615 loss=9.3046
step=616 loss=9.6489
step=617 loss=10.1713
step=618 loss=9.8980
step=619 loss=9.2585
step=620 loss=10.1184
step=621 loss=7.8953
step=622 loss=9.6908
step=623 loss=8.3308
step=624 loss=8.2550
step=625 loss=7.8190
step=626 loss=9.3073
step=627 loss=8.4828
step=628 loss=8.0312
step=629 loss=10.4409
step=630 loss=8.3388
step=631 loss=8.1266
step=632 loss=8.4601
step=633 loss=10.4355
step=634 loss=8.3353
step=635 loss=8.8665
step=636 loss=9.2633
step=637 loss=8.0501
step=638 loss=8.5435
step=639 loss=8.9932
step=640 loss=10.3921
step=641 loss=8.3429
step=642 loss=8.9184
step=643 loss=10.2853
step=644 loss=9.6426
step=645 loss=6.8181
step=646 loss=9.4016
step=647 loss=8.6630
step=648 loss=8.6266
step=649 loss=8.8320
step=650 loss=8.7252
step=651 loss=10.5658
step=652 loss=7.6036
step=653 loss=8.9566
step=654 loss=8.2868
step=655 loss=7.7024
step=656 loss=8.3582
step=657 loss=9.8085
step=658 loss=8.2531
step=659 loss=9.4968
step=660 loss=8.5365
step=661 loss=7.5559
step=662 loss=7.2829
step=663 loss=9.0301
step=664 loss=8.7955
step=665 loss=8.3967
step=666 loss=9.4607
step=667 loss=9.0411
step=668 loss=10.1538
step=669 loss=8.1930
step=670 loss=7.8016
step=671 loss=9.9287
step=672 loss=8.3247
step=673 loss=7.6991
step=674 loss=8.4994
step=675 loss=8.9277
step=676 loss=8.3111
step=677 loss=10.5029
step=678 loss=8.6631
step=679 loss=9.8859
step=680 loss=8.6167
step=681 loss=8.3936
step=682 loss=9.2276
step=683 loss=9.5834
step=684 loss=10.5749
step=685 loss=10.1926
step=686 loss=9.5254
step=687 loss=7.9746
step=688 loss=8.3960
step=689 loss=8.7611
step=690 loss=8.2859
step=691 loss=7.6941
step=692 loss=9.3475
step=693 loss=8.9051
step=694 loss=7.7155
step=695 loss=9.4980
step=696 loss=9.4915
step=697 loss=8.4623
step=698 loss=8.1495
step=699 loss=9.7063
step=700 loss=9.3173
step=701 loss=8.7867
step=702 loss=8.4031
step=703 loss=7.3515
step=704 loss=8.3388
step=705 loss=10.3441
step=706 loss=9.9993
step=707 loss=8.8140
step=708 loss=10.0756
step=709 loss=9.0948
step=710 loss=9.4762
step=711 loss=8.0296
step=712 loss=8.3531
step=713 loss=8.4498
step=714 loss=9.1934
step=715 loss=9.1943
step=716 loss=7.1171
step=717 loss=8.0926
step=718 loss=8.6112
step=719 loss=8.3881
step=720 loss=8.1948
step=721 loss=8.0552
step=722 loss=9.3116
step=723 loss=9.1287
step=724 loss=8.6125
step=725 loss=8.8993
step=726 loss=9.4393
step=727 loss=8.0846
step=728 loss=8.3749
step=729 loss=9.3373
step=730 loss=8.7572
step=731 loss=7.8770
step=732 loss=7.8145
step=733 loss=8.5403
step=734 loss=9.2638
step=735 loss=8.8257
step=736 loss=8.7088
step=737 loss=10.9757
step=738 loss=8.1177
step=739 loss=7.2994
step=740 loss=9.1826
step=741 loss=8.2248
step=742 loss=8.9464
step=743 loss=8.0802
step=744 loss=7.0911
step=745 loss=9.4263
step=746 loss=7.8465
step=747 loss=7.7145
step=748 loss=10.3991
step=749 loss=8.1051
step=750 loss=9.4888
step=751 loss=9.0226
step=752 loss=8.4803
step=753 loss=8.0342
step=754 loss=8.1079
step=755 loss=8.2487
step=756 loss=7.8694
step=757 loss=7.8862
step=758 loss=6.7615
step=759 loss=10.2429
step=760 loss=10.3647
step=761 loss=9.1165
step=762 loss=8.2991
step=763 loss=8.5171
step=764 loss=10.6280
step=765 loss=7.8502
step=766 loss=9.0830
step=767 loss=8.1796
step=768 loss=10.6930
step=769 loss=8.7808
step=770 loss=8.0346
step=771 loss=9.1376
step=772 loss=8.4892
step=773 loss=8.2412
step=774 loss=8.0704
step=775 loss=8.1674
step=776 loss=8.6448
step=777 loss=8.1505
step=778 loss=9.1016
step=779 loss=10.5198
step=780 loss=8.1792
step=781 loss=9.0220
step=782 loss=9.4862
step=783 loss=8.5561
step=784 loss=9.6999
step=785 loss=9.1842
step=786 loss=9.1207
step=787 loss=9.2838
step=788 loss=8.2031
step=789 loss=8.2442
step=790 loss=9.4408
step=791 loss=7.5544
step=792 loss=8.3339
step=793 loss=8.1258
step=794 loss=9.9264
step=795 loss=7.4807
step=796 loss=7.9508
step=797 loss=8.6078
step=798 loss=8.3256
step=799 loss=9.0270
step=800 loss=9.3213
eval_step=800 eval_loss=8.8368 eval_ppl=6882.99
step=801 loss=8.0021
step=802 loss=8.5076
step=803 loss=7.1765
step=804 loss=10.4619
step=805 loss=9.1495
step=806 loss=9.6512
step=807 loss=7.4846
step=808 loss=8.1037
step=809 loss=8.1226
step=810 loss=8.6102
step=811 loss=9.6780
step=812 loss=9.1934
step=813 loss=10.3996
step=814 loss=8.2110
step=815 loss=10.3901
step=816 loss=6.0092
step=817 loss=7.9848
step=818 loss=9.0412
step=819 loss=8.2512
step=820 loss=8.4867
step=821 loss=10.5714
step=822 loss=9.0196
step=823 loss=7.4078
step=824 loss=10.3350
step=825 loss=9.2106
step=826 loss=8.0465
step=827 loss=7.8597
step=828 loss=9.0550
step=829 loss=9.0255
step=830 loss=8.2121
step=831 loss=9.0713
step=832 loss=8.5069
step=833 loss=8.4366
step=834 loss=8.4236
step=835 loss=9.0619
step=836 loss=9.1665
step=837 loss=7.3591
step=838 loss=8.2024
step=839 loss=8.0629
step=840 loss=8.5579
step=841 loss=8.2740
step=842 loss=8.9030
step=843 loss=9.0401
step=844 loss=10.2792
step=845 loss=10.1613
step=846 loss=7.5941
step=847 loss=9.4611
step=848 loss=7.5978
step=849 loss=7.9933
step=850 loss=7.8196
step=851 loss=9.0346
step=852 loss=7.8961
step=853 loss=8.4145
step=854 loss=8.3797
step=855 loss=7.8560
step=856 loss=8.9019
step=857 loss=7.3678
step=858 loss=9.5423
step=859 loss=8.6458
step=860 loss=8.8895
step=861 loss=9.0125
step=862 loss=7.7428
step=863 loss=7.6531
step=864 loss=8.5476
step=865 loss=8.9263
step=866 loss=9.1554
step=867 loss=9.9498
step=868 loss=8.0214
step=869 loss=8.8484
step=870 loss=8.6675
step=871 loss=7.3846
step=872 loss=8.1653
step=873 loss=7.5908
step=874 loss=8.0302
step=875 loss=8.9124
step=876 loss=7.8935
step=877 loss=6.5393
step=878 loss=7.9275
step=879 loss=7.7593
step=880 loss=9.1792
step=881 loss=8.9469
step=882 loss=8.0186
step=883 loss=8.1085
step=884 loss=10.1376
step=885 loss=6.5893
step=886 loss=7.2057
step=887 loss=10.0907
step=888 loss=7.9731
step=889 loss=6.1009
step=890 loss=7.6901
step=891 loss=8.5298
step=892 loss=8.2088
step=893 loss=8.1236
step=894 loss=9.0816
step=895 loss=7.9254
step=896 loss=9.7453
step=897 loss=9.2284
step=898 loss=10.1755
step=899 loss=8.0440
step=900 loss=9.1382
step=901 loss=8.8957
step=902 loss=8.0519
step=903 loss=8.9436
step=904 loss=7.6565
step=905 loss=9.1164
step=906 loss=8.9016
step=907 loss=8.6429
step=908 loss=7.2600
step=909 loss=8.0294
step=910 loss=10.0705
step=911 loss=7.8782
step=912 loss=6.6671
step=913 loss=6.0461
step=914 loss=9.0746
step=915 loss=8.9683
step=916 loss=9.2241
step=917 loss=7.0712
step=918 loss=8.0631
step=919 loss=7.6371
step=920 loss=8.0183
step=921 loss=9.0149
step=922 loss=8.2271
step=923 loss=8.9493
step=924 loss=8.6218
step=925 loss=7.9964
step=926 loss=7.7058
step=927 loss=8.9492
step=928 loss=8.9747
step=929 loss=8.0908
step=930 loss=6.8882
step=931 loss=9.3975
step=932 loss=9.0194
step=933 loss=8.2201
step=934 loss=10.4261
step=935 loss=8.4173
step=936 loss=8.9784
step=937 loss=9.1526
step=938 loss=9.5849
step=939 loss=8.1760
step=940 loss=8.2082
step=941 loss=7.5894
step=942 loss=8.0128
step=943 loss=9.3935
step=944 loss=7.1960
step=945 loss=9.0963
step=946 loss=8.1095
step=947 loss=8.5749
step=948 loss=9.7153
step=949 loss=8.0220
step=950 loss=7.4733
step=951 loss=7.8950
step=952 loss=9.2794
step=953 loss=8.3582
step=954 loss=8.1307
step=955 loss=10.0458
step=956 loss=7.8334
step=957 loss=9.5443
step=958 loss=8.7966
step=959 loss=9.0491
step=960 loss=8.1456
step=961 loss=8.7253
step=962 loss=9.0826
step=963 loss=10.3758
step=964 loss=9.0847
step=965 loss=7.7854
step=966 loss=7.8738
step=967 loss=10.4951
step=968 loss=9.2996
step=969 loss=7.8804
step=970 loss=7.0771
step=971 loss=8.5927
step=972 loss=7.9429
step=973 loss=10.3519
step=974 loss=7.9333
step=975 loss=8.1494
step=976 loss=8.1430
step=977 loss=8.3204
step=978 loss=8.4814
step=979 loss=10.2284
step=980 loss=7.7248
step=981 loss=7.6276
step=982 loss=7.6245
step=983 loss=8.6945
step=984 loss=7.7349
step=985 loss=8.6144
step=986 loss=7.8062
step=987 loss=7.3800
step=988 loss=7.7796
step=989 loss=8.5984
step=990 loss=7.9892
step=991 loss=8.4069
step=992 loss=7.8346
step=993 loss=9.8319
step=994 loss=9.8043
step=995 loss=8.6387
step=996 loss=8.1018
step=997 loss=7.9987
step=998 loss=10.3570
step=999 loss=10.2935
step=1000 loss=8.7488
eval_step=1000 eval_loss=8.7494 eval_ppl=6307.14
step=1001 loss=8.3762
step=1002 loss=8.0139
step=1003 loss=6.8806
step=1004 loss=10.2350
step=1005 loss=9.6309
step=1006 loss=8.8088
step=1007 loss=7.9057
step=1008 loss=8.9212
step=1009 loss=8.0440
step=1010 loss=6.5305
step=1011 loss=10.2073
step=1012 loss=7.6047
step=1013 loss=8.9796
step=1014 loss=7.8205
step=1015 loss=8.8753
step=1016 loss=8.2789
step=1017 loss=9.2958
step=1018 loss=6.6546
step=1019 loss=7.8807
step=1020 loss=7.6959
step=1021 loss=8.4460
step=1022 loss=8.3562
step=1023 loss=8.7022
step=1024 loss=9.1552
step=1025 loss=7.5007
step=1026 loss=8.9562
step=1027 loss=7.3347
step=1028 loss=8.8323
step=1029 loss=7.8915
step=1030 loss=6.2706
step=1031 loss=9.8232
step=1032 loss=8.0445
step=1033 loss=7.6247
step=1034 loss=9.1065
step=1035 loss=8.2418
step=1036 loss=6.8839
step=1037 loss=9.4147
step=1038 loss=7.4762
step=1039 loss=8.4035
step=1040 loss=9.3984
step=1041 loss=10.0670
step=1042 loss=8.0150
step=1043 loss=8.0169
step=1044 loss=8.4171
step=1045 loss=8.9009
step=1046 loss=8.7929
step=1047 loss=7.4769
step=1048 loss=7.4621
step=1049 loss=9.1264
step=1050 loss=7.6643
step=1051 loss=8.5263
step=1052 loss=9.0722
step=1053 loss=9.1106
step=1054 loss=7.6940
step=1055 loss=8.2983
step=1056 loss=8.8378
step=1057 loss=9.5987
step=1058 loss=7.9420
step=1059 loss=9.2273
step=1060 loss=10.1277
step=1061 loss=8.4263
step=1062 loss=8.4846
step=1063 loss=7.5581
step=1064 loss=8.1743
step=1065 loss=9.2636
step=1066 loss=8.5823
step=1067 loss=8.0601
step=1068 loss=9.1704
step=1069 loss=8.8273
step=1070 loss=6.2389
step=1071 loss=8.7738
step=1072 loss=8.7428
step=1073 loss=7.9159
step=1074 loss=9.2588
step=1075 loss=8.3659
step=1076 loss=9.1235
step=1077 loss=7.2823
step=1078 loss=9.6109
step=1079 loss=7.8322
step=1080 loss=10.4106
step=1081 loss=8.1158
step=1082 loss=9.4551
step=1083 loss=7.9225
step=1084 loss=8.5776
step=1085 loss=7.8320
step=1086 loss=7.5252
step=1087 loss=8.5841
step=1088 loss=8.2956
step=1089 loss=7.3124
step=1090 loss=7.7673
step=1091 loss=7.7212
step=1092 loss=7.7401
step=1093 loss=7.6113
step=1094 loss=10.1122
step=1095 loss=8.7614
step=1096 loss=8.7898
step=1097 loss=8.6497
step=1098 loss=7.9249
step=1099 loss=9.1135
step=1100 loss=7.7373
step=1101 loss=7.6545
step=1102 loss=8.9366
step=1103 loss=8.6825
step=1104 loss=8.4921
step=1105 loss=7.4933
step=1106 loss=8.5732
step=1107 loss=10.0058
step=1108 loss=9.1434
step=1109 loss=8.6856
step=1110 loss=9.0625
step=1111 loss=8.5593
step=1112 loss=9.5918
step=1113 loss=8.8964
step=1114 loss=9.0044
step=1115 loss=9.2060
step=1116 loss=6.6920
step=1117 loss=7.8148
step=1118 loss=8.8873
step=1119 loss=8.8624
step=1120 loss=7.6373
step=1121 loss=7.1960
step=1122 loss=8.8918
step=1123 loss=8.9065
step=1124 loss=7.4102
step=1125 loss=9.9533
step=1126 loss=7.7665
step=1127 loss=8.8235
step=1128 loss=8.2543
step=1129 loss=9.8808
step=1130 loss=8.0926
step=1131 loss=7.7834
step=1132 loss=5.6355
step=1133 loss=7.8199
step=1134 loss=7.4049
step=1135 loss=7.8818
step=1136 loss=9.6752
step=1137 loss=8.8081
step=1138 loss=8.0817
step=1139 loss=8.6888
step=1140 loss=7.5201
step=1141 loss=7.9076
step=1142 loss=8.6176
step=1143 loss=7.7974
step=1144 loss=7.3681
step=1145 loss=7.9545
step=1146 loss=6.9755
step=1147 loss=7.1121
step=1148 loss=7.6975
step=1149 loss=7.7155
step=1150 loss=7.6404
step=1151 loss=9.4692
step=1152 loss=7.5047
step=1153 loss=7.5740
step=1154 loss=9.9173
step=1155 loss=9.5830
step=1156 loss=9.7654
step=1157 loss=9.4791
step=1158 loss=10.0865
step=1159 loss=8.5041
step=1160 loss=8.0659
step=1161 loss=8.5130
step=1162 loss=8.0821
step=1163 loss=8.6523
step=1164 loss=7.5353
step=1165 loss=8.0129
step=1166 loss=8.0837
step=1167 loss=7.7451
step=1168 loss=7.0320
step=1169 loss=8.9772
step=1170 loss=8.6261
step=1171 loss=8.1134
step=1172 loss=7.5194
step=1173 loss=8.1959
step=1174 loss=7.3118
step=1175 loss=8.9168
step=1176 loss=10.1612
step=1177 loss=8.7768
step=1178 loss=8.8241
step=1179 loss=7.7915
step=1180 loss=7.1033
step=1181 loss=7.7900
step=1182 loss=8.6629
step=1183 loss=7.6717
step=1184 loss=9.0479
step=1185 loss=8.0411
step=1186 loss=8.7950
step=1187 loss=10.1996
step=1188 loss=7.6830
step=1189 loss=8.5731
step=1190 loss=7.5672
step=1191 loss=7.5467
step=1192 loss=7.9534
step=1193 loss=7.7521
step=1194 loss=7.7706
step=1195 loss=9.0088
step=1196 loss=9.3984
step=1197 loss=8.0113
step=1198 loss=7.4810
step=1199 loss=7.9537
step=1200 loss=8.5915
eval_step=1200 eval_loss=8.6447 eval_ppl=5679.88
step=1201 loss=8.5673
step=1202 loss=7.6691
step=1203 loss=7.3518
step=1204 loss=10.1563
step=1205 loss=6.8626
step=1206 loss=8.8177
step=1207 loss=9.4629
step=1208 loss=7.5166
step=1209 loss=9.2821
step=1210 loss=8.2660
step=1211 loss=9.3662
step=1212 loss=7.6359
step=1213 loss=7.0478
step=1214 loss=9.7038
step=1215 loss=7.6714
step=1216 loss=7.6632
step=1217 loss=7.4809
step=1218 loss=7.6442
step=1219 loss=8.6918
step=1220 loss=9.8381
step=1221 loss=7.7217
step=1222 loss=7.4044
step=1223 loss=8.5398
step=1224 loss=9.2478
step=1225 loss=8.6366
step=1226 loss=8.6325
step=1227 loss=10.1421
step=1228 loss=8.8814
step=1229 loss=7.7858
step=1230 loss=7.6994
step=1231 loss=8.4417
step=1232 loss=9.3263
step=1233 loss=7.6558
step=1234 loss=7.1497
step=1235 loss=7.2244
step=1236 loss=8.7945
step=1237 loss=7.5727
step=1238 loss=9.6090
step=1239 loss=8.2787
step=1240 loss=7.7598
step=1241 loss=8.8890
step=1242 loss=7.8643
step=1243 loss=7.7780
step=1244 loss=8.7281
step=1245 loss=7.2124
step=1246 loss=7.8124
step=1247 loss=7.8183
step=1248 loss=8.6115
step=1249 loss=6.7237
step=1250 loss=8.7613
step=1251 loss=7.4771
step=1252 loss=8.4494
step=1253 loss=8.8659
step=1254 loss=7.6397
step=1255 loss=7.1818
step=1256 loss=9.6976
step=1257 loss=8.7707
step=1258 loss=8.6854
step=1259 loss=7.8856
step=1260 loss=7.4482
step=1261 loss=7.4435
step=1262 loss=7.9590
step=1263 loss=9.1878
step=1264 loss=9.0116
step=1265 loss=7.9735
step=1266 loss=8.5770
step=1267 loss=9.4831
step=1268 loss=7.1061
step=1269 loss=9.9007
step=1270 loss=8.4629
step=1271 loss=9.2732
step=1272 loss=8.8903
step=1273 loss=8.4271
step=1274 loss=7.6206
step=1275 loss=7.7354
step=1276 loss=8.0167
step=1277 loss=7.3145
step=1278 loss=7.0967
step=1279 loss=8.3984
step=1280 loss=7.5379
step=1281 loss=7.0533
step=1282 loss=8.0304
step=1283 loss=7.3712
step=1284 loss=8.1954
step=1285 loss=9.0379
step=1286 loss=8.5327
step=1287 loss=9.9226
step=1288 loss=7.4669
step=1289 loss=7.6609
step=1290 loss=7.6661
step=1291 loss=9.5592
step=1292 loss=8.5106
step=1293 loss=7.6584
step=1294 loss=9.0231
step=1295 loss=8.4787
step=1296 loss=7.3765
step=1297 loss=8.7149
step=1298 loss=9.7145
step=1299 loss=7.6260
step=1300 loss=8.2737
step=1301 loss=8.4030
step=1302 loss=9.7784
step=1303 loss=8.5769
step=1304 loss=8.3324
step=1305 loss=7.3298
step=1306 loss=7.5701
step=1307 loss=9.5026
step=1308 loss=7.5664
step=1309 loss=8.8083
step=1310 loss=8.3730
step=1311 loss=10.0921
step=1312 loss=9.2980
step=1313 loss=7.0739
step=1314 loss=7.3354
step=1315 loss=7.2482
step=1316 loss=7.5135
step=1317 loss=7.4221
step=1318 loss=8.4422
step=1319 loss=7.6235
step=1320 loss=8.9382
step=1321 loss=8.8718
step=1322 loss=10.0014
step=1323 loss=7.7347
step=1324 loss=6.8920
step=1325 loss=7.9968
step=1326 loss=8.6870
step=1327 loss=7.8006
step=1328 loss=7.5310
step=1329 loss=7.2894
step=1330 loss=6.4967
step=1331 loss=9.2064
step=1332 loss=8.0449
step=1333 loss=8.1090
step=1334 loss=9.8295
step=1335 loss=8.8632
step=1336 loss=9.1895
step=1337 loss=9.4328
step=1338 loss=9.2502
step=1339 loss=7.4437
step=1340 loss=7.7449
step=1341 loss=8.7994
step=1342 loss=7.3164
step=1343 loss=8.6101
step=1344 loss=7.3853
step=1345 loss=8.6951
step=1346 loss=7.9570
step=1347 loss=8.0221
step=1348 loss=7.7113
step=1349 loss=9.7135
step=1350 loss=9.1729
step=1351 loss=8.0406
step=1352 loss=7.4145
step=1353 loss=7.8913
step=1354 loss=8.5409
step=1355 loss=7.3591
step=1356 loss=7.2390
step=1357 loss=8.4838
step=1358 loss=8.7674
step=1359 loss=8.3201
step=1360 loss=9.6493
step=1361 loss=8.0945
step=1362 loss=8.4870
step=1363 loss=8.2188
step=1364 loss=7.1734
step=1365 loss=6.9395
step=1366 loss=9.6725
step=1367 loss=7.3810
step=1368 loss=8.6592
step=1369 loss=7.6916
step=1370 loss=8.9548
step=1371 loss=6.8614
step=1372 loss=6.6721
step=1373 loss=9.5827
step=1374 loss=8.5638
step=1375 loss=7.5033
step=1376 loss=7.5849
step=1377 loss=8.7707
step=1378 loss=7.5175
step=1379 loss=7.8958
step=1380 loss=7.2087
step=1381 loss=9.6487
step=1382 loss=9.3514
step=1383 loss=9.9355
step=1384 loss=8.0030
step=1385 loss=7.1792
step=1386 loss=7.1563
step=1387 loss=8.3654
step=1388 loss=8.1230
step=1389 loss=8.8639
step=1390 loss=5.2063
step=1391 loss=9.2908
step=1392 loss=7.4386
step=1393 loss=7.3727
step=1394 loss=7.5692
step=1395 loss=8.1392
step=1396 loss=7.6741
step=1397 loss=9.1100
step=1398 loss=9.3798
step=1399 loss=7.4696
step=1400 loss=7.1345
eval_step=1400 eval_loss=8.5206 eval_ppl=5017.15
step=1401 loss=8.6019
step=1402 loss=8.2023
step=1403 loss=8.3278
step=1404 loss=8.5595
step=1405 loss=7.2544
step=1406 loss=9.4510
step=1407 loss=9.0604
step=1408 loss=8.4778
step=1409 loss=7.2795
step=1410 loss=8.3307
step=1411 loss=6.5034
step=1412 loss=8.6985
step=1413 loss=7.4767
step=1414 loss=7.6844
step=1415 loss=8.4840
step=1416 loss=7.6055
step=1417 loss=8.6026
step=1418 loss=8.1435
step=1419 loss=8.9464
step=1420 loss=7.3943
step=1421 loss=7.2750
step=1422 loss=8.0661
step=1423 loss=3.5906
step=1424 loss=8.4737
step=1425 loss=7.1946
step=1426 loss=10.0375
step=1427 loss=8.8138
step=1428 loss=8.2622
step=1429 loss=9.3129
step=1430 loss=8.6762
step=1431 loss=7.3183
step=1432 loss=7.5136
step=1433 loss=7.3567
step=1434 loss=6.4704
step=1435 loss=7.3959
step=1436 loss=7.8368
step=1437 loss=8.9025
step=1438 loss=8.6191
step=1439 loss=6.9510
step=1440 loss=9.9449
step=1441 loss=9.6720
step=1442 loss=6.6276
step=1443 loss=7.5726
step=1444 loss=8.5298
step=1445 loss=9.8881
step=1446 loss=8.4598
step=1447 loss=7.4084
step=1448 loss=7.4418
step=1449 loss=8.9622
step=1450 loss=8.6083
step=1451 loss=7.7550
step=1452 loss=7.3143
step=1453 loss=7.6868
step=1454 loss=7.7805
step=1455 loss=7.6102
step=1456 loss=7.2935
step=1457 loss=9.5035
step=1458 loss=8.3383
step=1459 loss=9.8477
step=1460 loss=8.1311
step=1461 loss=6.4773
step=1462 loss=9.7757
step=1463 loss=6.9695
step=1464 loss=8.7813
step=1465 loss=7.2361
step=1466 loss=9.9253
step=1467 loss=7.3011
step=1468 loss=7.9569
step=1469 loss=6.9187
step=1470 loss=8.6135
step=1471 loss=8.5672
step=1472 loss=7.1805
step=1473 loss=7.6213
step=1474 loss=7.2185
step=1475 loss=8.5903
step=1476 loss=7.4333
step=1477 loss=8.8051
step=1478 loss=9.8646
step=1479 loss=7.7777
step=1480 loss=9.1815
step=1481 loss=9.7701
step=1482 loss=7.7809
step=1483 loss=7.9543
step=1484 loss=7.4583
step=1485 loss=8.9274
step=1486 loss=7.3740
step=1487 loss=7.3892
step=1488 loss=7.8739
step=1489 loss=7.2956
step=1490 loss=8.2879
step=1491 loss=9.1709
step=1492 loss=7.3839
step=1493 loss=7.9606
step=1494 loss=7.2277
step=1495 loss=8.4014
step=1496 loss=8.5848
step=1497 loss=5.7044
step=1498 loss=8.2306
step=1499 loss=7.3153
step=1500 loss=8.6984
step=1501 loss=8.9962
step=1502 loss=9.1971
step=1503 loss=8.1345
step=1504 loss=8.7448
step=1505 loss=7.2855
step=1506 loss=6.8295
step=1507 loss=7.3325
step=1508 loss=8.6218
step=1509 loss=7.5833
step=1510 loss=5.8475
step=1511 loss=7.7592
step=1512 loss=8.9633
step=1513 loss=7.4839
step=1514 loss=7.0342
step=1515 loss=7.3477
step=1516 loss=7.1959
step=1517 loss=9.1753
step=1518 loss=9.7701
step=1519 loss=7.1711
step=1520 loss=8.6319
step=1521 loss=8.0290
step=1522 loss=8.9459
step=1523 loss=7.6899
step=1524 loss=8.7190
step=1525 loss=8.7019
step=1526 loss=5.3798
step=1527 loss=7.7560
step=1528 loss=8.6282
step=1529 loss=3.9532
step=1530 loss=8.8804
step=1531 loss=9.1489
step=1532 loss=9.5059
step=1533 loss=9.4859
step=1534 loss=8.4866
step=1535 loss=9.2768
step=1536 loss=7.4541
step=1537 loss=9.4109
step=1538 loss=7.4697
step=1539 loss=8.1871
step=1540 loss=7.3687
step=1541 loss=8.1923
step=1542 loss=7.4038
step=1543 loss=7.5135
step=1544 loss=8.1030
step=1545 loss=7.5156
step=1546 loss=6.2208
step=1547 loss=7.3865
step=1548 loss=7.7753
step=1549 loss=7.7078
step=1550 loss=7.1630
step=1551 loss=7.1816
step=1552 loss=8.3129
step=1553 loss=8.3769
step=1554 loss=8.4565
step=1555 loss=6.2296
step=1556 loss=5.2193
step=1557 loss=7.6030
step=1558 loss=9.8843
step=1559 loss=9.3342
step=1560 loss=7.6633
step=1561 loss=7.2428
step=1562 loss=6.9914
step=1563 loss=7.1788
step=1564 loss=8.2653
step=1565 loss=8.2110
step=1566 loss=4.7771
step=1567 loss=7.1092
step=1568 loss=10.2842
step=1569 loss=8.4560
step=1570 loss=7.0014
step=1571 loss=7.1553
step=1572 loss=8.1128
step=1573 loss=9.1743
step=1574 loss=9.6945
step=1575 loss=8.4832
step=1576 loss=9.5020
step=1577 loss=7.8339
step=1578 loss=7.4872
step=1579 loss=8.5170
step=1580 loss=7.2383
step=1581 loss=8.3627
step=1582 loss=6.9912
step=1583 loss=6.8295
step=1584 loss=8.2042
step=1585 loss=8.5262
step=1586 loss=7.5266
step=1587 loss=7.8946
step=1588 loss=7.5046
step=1589 loss=6.7135
step=1590 loss=7.1749
step=1591 loss=7.4007
step=1592 loss=7.6233
step=1593 loss=7.7630
step=1594 loss=6.9945
step=1595 loss=8.3876
step=1596 loss=6.8268
step=1597 loss=8.8400
step=1598 loss=7.4912
step=1599 loss=7.8348
step=1600 loss=7.3820
eval_step=1600 eval_loss=8.3682 eval_ppl=4307.96
step=1601 loss=7.4531
step=1602 loss=6.8222
step=1603 loss=8.5239
step=1604 loss=7.6279
step=1605 loss=9.3416
step=1606 loss=9.6662
step=1607 loss=9.7144
step=1608 loss=6.8973
step=1609 loss=7.2129
step=1610 loss=7.2365
step=1611 loss=7.3175
step=1612 loss=7.2767
step=1613 loss=7.2623
step=1614 loss=9.0197
step=1615 loss=7.0762
step=1616 loss=8.9332
step=1617 loss=7.1342
step=1618 loss=8.1899
step=1619 loss=10.1332
step=1620 loss=8.5820
step=1621 loss=9.4071
step=1622 loss=8.5876
step=1623 loss=9.2540
step=1624 loss=8.8199
step=1625 loss=8.0575
step=1626 loss=7.0493
step=1627 loss=9.4781
step=1628 loss=8.8590
step=1629 loss=9.3420
step=1630 loss=8.4246
step=1631 loss=6.4832
step=1632 loss=9.2818
step=1633 loss=6.8279
step=1634 loss=7.1500
step=1635 loss=6.9811
step=1636 loss=7.6348
step=1637 loss=8.2377
step=1638 loss=7.2421
step=1639 loss=7.5568
step=1640 loss=7.9342
step=1641 loss=7.0057
step=1642 loss=8.1705
step=1643 loss=8.3949
step=1644 loss=6.7616
step=1645 loss=6.7991
step=1646 loss=8.3411
step=1647 loss=6.9713
step=1648 loss=7.8657
step=1649 loss=7.6087
step=1650 loss=6.6221
step=1651 loss=7.7443
step=1652 loss=6.7545
step=1653 loss=7.1985
step=1654 loss=7.9887
step=1655 loss=7.0760
step=1656 loss=7.1212
step=1657 loss=6.7750
step=1658 loss=5.4221
step=1659 loss=7.4107
step=1660 loss=6.3812
step=1661 loss=9.1386
step=1662 loss=6.6047
step=1663 loss=8.4830
step=1664 loss=8.2495
step=1665 loss=8.5619
step=1666 loss=6.3594
step=1667 loss=6.7192
step=1668 loss=7.1336
step=1669 loss=7.0081
step=1670 loss=7.1817
step=1671 loss=9.2345
step=1672 loss=7.0514
step=1673 loss=7.4753
step=1674 loss=6.8572
step=1675 loss=9.4100
step=1676 loss=7.6256
step=1677 loss=7.3242
step=1678 loss=7.0695
step=1679 loss=7.0035
step=1680 loss=6.8741
step=1681 loss=6.7001
step=1682 loss=6.9064
step=1683 loss=6.6685
step=1684 loss=6.7531
step=1685 loss=7.3066
step=1686 loss=7.9392
step=1687 loss=5.5930
step=1688 loss=8.8520
step=1689 loss=6.9868
step=1690 loss=9.5128
step=1691 loss=7.8544
step=1692 loss=5.4249
step=1693 loss=7.2305
step=1694 loss=7.7507
step=1695 loss=8.4795
step=1696 loss=8.2691
step=1697 loss=7.2387
step=1698 loss=8.5548
step=1699 loss=7.9819
step=1700 loss=7.6466
step=1701 loss=6.6603
step=1702 loss=9.3607
step=1703 loss=7.1055
step=1704 loss=7.6490
step=1705 loss=9.3140
step=1706 loss=7.1564
step=1707 loss=7.6820
step=1708 loss=8.8029
step=1709 loss=8.0914
step=1710 loss=8.6264
step=1711 loss=7.6566
step=1712 loss=8.0824
step=1713 loss=9.3404
step=1714 loss=7.3072
step=1715 loss=7.1493
step=1716 loss=6.6398
step=1717 loss=9.3494
step=1718 loss=7.3568
step=1719 loss=7.0469
step=1720 loss=8.3369
step=1721 loss=7.8581
step=1722 loss=7.3048
step=1723 loss=6.9943
step=1724 loss=6.9769
step=1725 loss=8.9141
step=1726 loss=6.8081
step=1727 loss=7.7879
step=1728 loss=9.9637
step=1729 loss=9.7115
step=1730 loss=7.5745
step=1731 loss=7.6871
step=1732 loss=7.8273
step=1733 loss=8.1809
step=1734 loss=8.4165
step=1735 loss=7.6635
step=1736 loss=7.0700
step=1737 loss=7.7272
step=1738 loss=8.0623
step=1739 loss=6.4263
step=1740 loss=8.4543
step=1741 loss=9.4972
step=1742 loss=8.8705
step=1743 loss=6.3372
step=1744 loss=8.3083
step=1745 loss=8.4778
step=1746 loss=8.8292
step=1747 loss=7.1731
step=1748 loss=7.4507
step=1749 loss=7.3568
step=1750 loss=9.2906
step=1751 loss=6.3437
step=1752 loss=6.2150
step=1753 loss=7.3809
step=1754 loss=8.3034
step=1755 loss=8.1047
step=1756 loss=7.1766
step=1757 loss=6.6956
step=1758 loss=6.8964
step=1759 loss=6.7780
step=1760 loss=8.3934
step=1761 loss=6.9369
step=1762 loss=6.4234
step=1763 loss=6.9682
step=1764 loss=7.2665
step=1765 loss=4.3977
step=1766 loss=7.6832
step=1767 loss=7.6566
step=1768 loss=6.9149
step=1769 loss=7.0721
step=1770 loss=8.1940
step=1771 loss=7.6602
step=1772 loss=7.1835
step=1773 loss=9.3168
step=1774 loss=8.0724
step=1775 loss=7.0890
step=1776 loss=7.8055
step=1777 loss=7.2965
step=1778 loss=8.9959
step=1779 loss=6.8054
step=1780 loss=9.6733
step=1781 loss=6.9129
step=1782 loss=7.1756
step=1783 loss=7.7209
step=1784 loss=7.5241
step=1785 loss=7.4679
step=1786 loss=7.8948
step=1787 loss=7.8307
step=1788 loss=7.5890
step=1789 loss=9.0290
step=1790 loss=7.2560
step=1791 loss=7.4394
step=1792 loss=6.6573
step=1793 loss=7.7688
step=1794 loss=5.9028
step=1795 loss=8.4180
step=1796 loss=7.2611
step=1797 loss=8.2613
step=1798 loss=7.0467
step=1799 loss=7.8032
step=1800 loss=8.2079
eval_step=1800 eval_loss=8.1860 eval_ppl=3590.27
step=1801 loss=6.9252
step=1802 loss=7.9889
step=1803 loss=8.8545
step=1804 loss=8.3046
step=1805 loss=7.8356
step=1806 loss=7.2153
step=1807 loss=7.0323
step=1808 loss=7.8568
step=1809 loss=7.5873
step=1810 loss=5.6025
step=1811 loss=8.0813
step=1812 loss=7.7039
step=1813 loss=6.3479
step=1814 loss=6.9343
step=1815 loss=6.6027
step=1816 loss=6.6312
step=1817 loss=7.5958
step=1818 loss=9.7182
step=1819 loss=6.8835
step=1820 loss=8.9478
step=1821 loss=6.9400
step=1822 loss=7.9822
step=1823 loss=8.3898
step=1824 loss=9.6596
step=1825 loss=7.2506
step=1826 loss=7.6671
step=1827 loss=7.8587
step=1828 loss=7.2551
step=1829 loss=7.6816
step=1830 loss=7.1158
step=1831 loss=7.1773
step=1832 loss=7.8487
step=1833 loss=7.6458
step=1834 loss=7.2739
step=1835 loss=6.9184
step=1836 loss=6.7773
step=1837 loss=6.8722
step=1838 loss=7.2348
step=1839 loss=7.0346
step=1840 loss=9.3116
step=1841 loss=7.7342
step=1842 loss=6.7484
step=1843 loss=6.7508
step=1844 loss=7.9163
step=1845 loss=7.4715
step=1846 loss=8.0725
step=1847 loss=7.0159
step=1848 loss=9.3556
step=1849 loss=7.0085
step=1850 loss=7.4481
step=1851 loss=8.9131
step=1852 loss=6.9149
step=1853 loss=10.0174
step=1854 loss=8.4469
step=1855 loss=7.2811
step=1856 loss=6.5974
step=1857 loss=7.8651
step=1858 loss=7.6097
step=1859 loss=8.3769
step=1860 loss=7.0941
step=1861 loss=7.3191
step=1862 loss=7.5145
step=1863 loss=8.1933
step=1864 loss=9.2073
step=1865 loss=8.5334
step=1866 loss=7.4784
step=1867 loss=8.4315
step=1868 loss=6.7519
step=1869 loss=7.7613
step=1870 loss=7.5554
step=1871 loss=7.9764
step=1872 loss=7.2604
step=1873 loss=8.0347
step=1874 loss=8.3529
step=1875 loss=8.5118
step=1876 loss=7.0158
step=1877 loss=6.9289
step=1878 loss=6.9378
step=1879 loss=8.4984
step=1880 loss=7.8145
step=1881 loss=6.3740
step=1882 loss=7.6648
step=1883 loss=8.1251
step=1884 loss=7.4413
step=1885 loss=7.4805
step=1886 loss=7.9546
step=1887 loss=7.5091
step=1888 loss=6.9813
step=1889 loss=9.5059
step=1890 loss=7.0104
step=1891 loss=6.8169
step=1892 loss=7.2355
step=1893 loss=7.4385
step=1894 loss=8.6903
step=1895 loss=7.4702
step=1896 loss=5.7468
step=1897 loss=7.3650
step=1898 loss=7.6884
step=1899 loss=7.0088
step=1900 loss=6.4538
step=1901 loss=7.8854
step=1902 loss=8.5929
step=1903 loss=8.3874
step=1904 loss=6.9466
step=1905 loss=7.9532
step=1906 loss=8.7514
step=1907 loss=6.8013
step=1908 loss=6.6464
step=1909 loss=9.1215
step=1910 loss=7.6782
step=1911 loss=8.5756
step=1912 loss=9.4541
step=1913 loss=9.0497
step=1914 loss=6.9675
step=1915 loss=7.3876
step=1916 loss=7.9945
step=1917 loss=7.1030
step=1918 loss=6.2927
step=1919 loss=7.7134
step=1920 loss=8.3364
step=1921 loss=7.3772
step=1922 loss=7.8488
step=1923 loss=7.0113
step=1924 loss=6.5916
step=1925 loss=7.8874
step=1926 loss=6.8756
step=1927 loss=9.1089
step=1928 loss=8.3115
step=1929 loss=7.6075
step=1930 loss=6.7576
step=1931 loss=6.3246
step=1932 loss=7.4693
step=1933 loss=8.5589
step=1934 loss=7.9327
step=1935 loss=8.8330
step=1936 loss=6.9583
step=1937 loss=9.4266
step=1938 loss=6.7097
step=1939 loss=6.6605
step=1940 loss=6.3574
step=1941 loss=8.8078
step=1942 loss=6.7317
step=1943 loss=7.8855
step=1944 loss=6.8133
step=1945 loss=9.1033
step=1946 loss=6.1188
step=1947 loss=8.3995
step=1948 loss=8.7320
step=1949 loss=7.0969
step=1950 loss=7.1125
step=1951 loss=6.5880
step=1952 loss=6.9724
step=1953 loss=6.4507
step=1954 loss=9.4894
step=1955 loss=6.9061
step=1956 loss=7.4223
step=1957 loss=6.9291
step=1958 loss=6.8128
step=1959 loss=6.7274
step=1960 loss=6.7908
step=1961 loss=6.6442
step=1962 loss=8.1347
step=1963 loss=8.0193
step=1964 loss=8.8879
step=1965 loss=6.7137
step=1966 loss=5.8330
step=1967 loss=6.5993
step=1968 loss=6.3694
step=1969 loss=8.0998
step=1970 loss=7.2946
step=1971 loss=6.4489
step=1972 loss=8.0208
step=1973 loss=7.1366
step=1974 loss=7.8793
step=1975 loss=7.7203
step=1976 loss=5.7455
step=1977 loss=6.6670
step=1978 loss=6.6456
step=1979 loss=7.5065
step=1980 loss=6.1753
step=1981 loss=7.3043
step=1982 loss=8.3998
step=1983 loss=7.1725
step=1984 loss=9.2149
step=1985 loss=6.7119
step=1986 loss=7.8165
step=1987 loss=6.7280
step=1988 loss=8.8678
step=1989 loss=6.2737
step=1990 loss=7.6623
step=1991 loss=8.2288
step=1992 loss=5.9119
step=1993 loss=6.8803
step=1994 loss=8.1118
step=1995 loss=7.1508
step=1996 loss=8.1638
step=1997 loss=9.0899
step=1998 loss=6.8925
step=1999 loss=6.9506
step=2000 loss=7.1064
eval_step=2000 eval_loss=7.9858 eval_ppl=2939.01
step=2001 loss=6.8002
step=2002 loss=8.3182
step=2003 loss=6.6220
step=2004 loss=6.2789
step=2005 loss=9.1127
step=2006 loss=9.1015
step=2007 loss=6.8114
step=2008 loss=7.1369
step=2009 loss=6.7877
step=2010 loss=7.7364
step=2011 loss=7.0547
step=2012 loss=6.2021
step=2013 loss=8.0301
step=2014 loss=7.0239
step=2015 loss=7.1998
step=2016 loss=7.2598
step=2017 loss=8.0551
step=2018 loss=5.9923
step=2019 loss=5.2908
step=2020 loss=8.0441
step=2021 loss=7.4723
step=2022 loss=8.3022
step=2023 loss=8.0695
step=2024 loss=7.3253
step=2025 loss=6.7463
step=2026 loss=7.2526
step=2027 loss=7.7937
step=2028 loss=6.3551
step=2029 loss=8.4192
step=2030 loss=7.8039
step=2031 loss=7.8174
step=2032 loss=6.6919
step=2033 loss=6.9252
step=2034 loss=6.4826
step=2035 loss=6.8982
step=2036 loss=7.3023
step=2037 loss=6.4043
step=2038 loss=7.0276
step=2039 loss=7.8221
step=2040 loss=8.1593
step=2041 loss=7.3606
step=2042 loss=7.2942
step=2043 loss=6.8359
step=2044 loss=7.7106
step=2045 loss=8.1612
step=2046 loss=9.5533
step=2047 loss=8.3638
step=2048 loss=7.4803
step=2049 loss=7.1400
step=2050 loss=7.4012
step=2051 loss=7.6967
step=2052 loss=9.0787
step=2053 loss=7.9805
step=2054 loss=7.8976
step=2055 loss=6.7592
step=2056 loss=8.6515
step=2057 loss=6.9312
step=2058 loss=6.7247
step=2059 loss=6.3813
step=2060 loss=8.2816
step=2061 loss=8.0945
step=2062 loss=8.8911
step=2063 loss=7.8990
step=2064 loss=6.2460
step=2065 loss=8.2172
step=2066 loss=7.2591
step=2067 loss=6.8810
step=2068 loss=8.1249
step=2069 loss=6.6816
step=2070 loss=7.0440
step=2071 loss=6.7103
step=2072 loss=6.9664
step=2073 loss=7.6941
step=2074 loss=6.6279
step=2075 loss=6.2371
step=2076 loss=7.6525
step=2077 loss=7.6159
step=2078 loss=6.7359
step=2079 loss=6.4856
step=2080 loss=6.6300
step=2081 loss=7.3014
step=2082 loss=9.0848
step=2083 loss=6.9859
step=2084 loss=9.2118
step=2085 loss=9.2208
step=2086 loss=7.7514
step=2087 loss=7.5010
step=2088 loss=7.7882
step=2089 loss=7.6995
step=2090 loss=7.8819
step=2091 loss=7.6771
step=2092 loss=7.2622
step=2093 loss=8.9677
step=2094 loss=7.2382
step=2095 loss=8.2756
step=2096 loss=6.7847
step=2097 loss=8.7214
step=2098 loss=6.6891
step=2099 loss=7.7626
step=2100 loss=6.5599
step=2101 loss=7.9960
step=2102 loss=8.0155
step=2103 loss=6.7779
step=2104 loss=7.5552
step=2105 loss=6.6326
step=2106 loss=6.4973
step=2107 loss=6.8494
step=2108 loss=8.2809
step=2109 loss=7.0169
step=2110 loss=5.7310
step=2111 loss=8.4956
step=2112 loss=8.0103
step=2113 loss=8.4534
step=2114 loss=6.5219
step=2115 loss=9.2714
step=2116 loss=6.7325
step=2117 loss=6.7531
step=2118 loss=8.9246
step=2119 loss=7.3559
step=2120 loss=6.0173
step=2121 loss=8.5067
step=2122 loss=6.8683
step=2123 loss=8.9255
step=2124 loss=6.7215
step=2125 loss=6.9229
step=2126 loss=7.2500
step=2127 loss=7.6917
step=2128 loss=7.6917
step=2129 loss=8.7259
step=2130 loss=8.9977
step=2131 loss=6.9879
step=2132 loss=7.6715
step=2133 loss=6.7922
step=2134 loss=6.5751
step=2135 loss=7.1713
step=2136 loss=7.1268
step=2137 loss=7.9094
step=2138 loss=8.2027
step=2139 loss=6.7132
step=2140 loss=8.6878
step=2141 loss=8.0344
step=2142 loss=7.0924
step=2143 loss=7.2373
step=2144 loss=7.7267
step=2145 loss=6.8913
step=2146 loss=7.7978
step=2147 loss=7.4659
step=2148 loss=7.3968
step=2149 loss=6.2972
step=2150 loss=7.5356
step=2151 loss=5.5987
step=2152 loss=7.7111
step=2153 loss=7.5414
step=2154 loss=6.6415
step=2155 loss=6.6570
step=2156 loss=8.8200
step=2157 loss=6.3419
step=2158 loss=6.6212
step=2159 loss=7.0620
step=2160 loss=7.2935
step=2161 loss=7.8171
step=2162 loss=6.2461
step=2163 loss=7.9449
step=2164 loss=7.3422
step=2165 loss=7.7019
step=2166 loss=8.1315
step=2167 loss=6.7293
step=2168 loss=6.8675
step=2169 loss=6.8352
step=2170 loss=7.7149
step=2171 loss=5.3476
step=2172 loss=6.6348
step=2173 loss=7.6730
step=2174 loss=6.5603
step=2175 loss=7.4429
step=2176 loss=8.7470
step=2177 loss=8.5835
step=2178 loss=7.8725
step=2179 loss=7.4709
step=2180 loss=6.6421
step=2181 loss=7.2850
step=2182 loss=6.7163
step=2183 loss=7.0585
step=2184 loss=8.7417
step=2185 loss=7.1021
step=2186 loss=6.7066
step=2187 loss=6.5114
step=2188 loss=7.6518
step=2189 loss=6.7762
step=2190 loss=6.4739
step=2191 loss=6.3798
step=2192 loss=6.6643
step=2193 loss=7.3570
step=2194 loss=7.2412
step=2195 loss=6.7264
step=2196 loss=7.7475
step=2197 loss=6.7782
step=2198 loss=6.5466
step=2199 loss=6.4046
step=2200 loss=4.9898
eval_step=2200 eval_loss=7.7722 eval_ppl=2373.79
step=2201 loss=7.5727
step=2202 loss=6.3959
step=2203 loss=8.9812
step=2204 loss=6.6641
step=2205 loss=6.5162
step=2206 loss=7.0514
step=2207 loss=7.6960
step=2208 loss=7.3238
step=2209 loss=7.9178
step=2210 loss=6.6578
step=2211 loss=6.4000
step=2212 loss=7.4276
step=2213 loss=6.5316
step=2214 loss=6.3968
step=2215 loss=6.1574
step=2216 loss=6.3058
step=2217 loss=6.2506
step=2218 loss=6.6935
step=2219 loss=6.4660
step=2220 loss=6.2257
step=2221 loss=6.7733
step=2222 loss=6.5112
step=2223 loss=7.4684
step=2224 loss=7.8951
step=2225 loss=7.0111
step=2226 loss=5.6581
step=2227 loss=6.8157
step=2228 loss=6.1099
step=2229 loss=7.8824
step=2230 loss=7.2905
step=2231 loss=6.0267
step=2232 loss=8.2595
step=2233 loss=7.2190
step=2234 loss=7.8817
step=2235 loss=6.6412
step=2236 loss=6.6555
step=2237 loss=7.7554
step=2238 loss=6.9293
step=2239 loss=5.5186
step=2240 loss=6.4095
step=2241 loss=6.8800
step=2242 loss=6.4831
step=2243 loss=7.7033
step=2244 loss=7.1693
step=2245 loss=6.9197
step=2246 loss=6.3776
step=2247 loss=7.1483
step=2248 loss=6.2736
step=2249 loss=7.8103
step=2250 loss=7.1057
step=2251 loss=6.9162
step=2252 loss=8.0030
step=2253 loss=6.3435
step=2254 loss=6.4888
step=2255 loss=7.5284
step=2256 loss=6.7864
step=2257 loss=6.5163
step=2258 loss=8.0610
step=2259 loss=7.2078
step=2260 loss=6.5674
step=2261 loss=5.8971
step=2262 loss=7.1154
step=2263 loss=7.7185
step=2264 loss=7.0518
step=2265 loss=7.4548
step=2266 loss=7.4149
step=2267 loss=6.6380
step=2268 loss=5.8214
step=2269 loss=6.4759
step=2270 loss=6.1720
step=2271 loss=6.7158
step=2272 loss=5.6798
step=2273 loss=8.4275
step=2274 loss=8.0914
step=2275 loss=6.9366
step=2276 loss=6.8768
step=2277 loss=6.3084
step=2278 loss=6.9056
step=2279 loss=7.6612
step=2280 loss=7.8305
step=2281 loss=6.5954
step=2282 loss=7.4091
step=2283 loss=7.6671
step=2284 loss=6.3611
step=2285 loss=6.6132
step=2286 loss=6.7211
step=2287 loss=6.3957
step=2288 loss=6.8900
step=2289 loss=6.8786
step=2290 loss=6.3366
step=2291 loss=7.4193
step=2292 loss=9.0519
step=2293 loss=6.3858
step=2294 loss=6.8140
step=2295 loss=6.3829
step=2296 loss=6.3918
step=2297 loss=7.2748
step=2298 loss=6.7449
step=2299 loss=6.8224
step=2300 loss=6.8973
step=2301 loss=7.0535
step=2302 loss=9.2568
step=2303 loss=8.8729
step=2304 loss=6.7317
step=2305 loss=6.5360
step=2306 loss=6.8030
step=2307 loss=6.3021
step=2308 loss=6.2253
step=2309 loss=8.9926
step=2310 loss=7.2965
step=2311 loss=6.3946
step=2312 loss=6.4098
step=2313 loss=7.6962
step=2314 loss=7.4611
step=2315 loss=8.0157
step=2316 loss=7.2579
step=2317 loss=7.8119
step=2318 loss=6.8152
step=2319 loss=7.1690
step=2320 loss=6.6359
step=2321 loss=6.6924
step=2322 loss=7.9671
step=2323 loss=8.5452
step=2324 loss=7.4143
step=2325 loss=8.3637
step=2326 loss=6.4102
step=2327 loss=8.8034
step=2328 loss=5.9908
step=2329 loss=6.5891
step=2330 loss=8.1078
step=2331 loss=6.7280
step=2332 loss=6.8152
step=2333 loss=6.7000
step=2334 loss=8.7489
step=2335 loss=8.1009
step=2336 loss=6.6985
step=2337 loss=8.1849
step=2338 loss=6.0481
step=2339 loss=7.3522
step=2340 loss=6.6427
step=2341 loss=6.5110
step=2342 loss=7.9030
step=2343 loss=6.4696
step=2344 loss=7.1810
step=2345 loss=6.0624
step=2346 loss=7.6203
step=2347 loss=6.8296
step=2348 loss=6.3788
step=2349 loss=8.2571
step=2350 loss=6.6769
step=2351 loss=7.5524
step=2352 loss=6.5061
step=2353 loss=7.5229
step=2354 loss=7.5497
step=2355 loss=6.2700
step=2356 loss=6.3216
step=2357 loss=5.7546
step=2358 loss=6.5063
step=2359 loss=8.9868
step=2360 loss=6.9958
step=2361 loss=6.2151
step=2362 loss=7.2396
step=2363 loss=6.5878
step=2364 loss=6.4433
step=2365 loss=6.9955
step=2366 loss=6.7321
step=2367 loss=6.2020
step=2368 loss=7.4047
step=2369 loss=6.2511
step=2370 loss=6.2612
step=2371 loss=6.4717
step=2372 loss=7.8322
step=2373 loss=7.1766
step=2374 loss=7.7077
step=2375 loss=6.5551
step=2376 loss=8.1222
step=2377 loss=6.3669
step=2378 loss=6.5520
step=2379 loss=7.8040
step=2380 loss=8.1298
step=2381 loss=8.8059
step=2382 loss=6.4414
step=2383 loss=8.4074
step=2384 loss=7.3565
step=2385 loss=7.6194
step=2386 loss=6.2531
step=2387 loss=7.3240
step=2388 loss=9.1278
step=2389 loss=7.2699
step=2390 loss=6.7660
step=2391 loss=6.2279
step=2392 loss=8.9379
step=2393 loss=6.3355
step=2394 loss=7.5320
step=2395 loss=7.6729
step=2396 loss=6.8388
step=2397 loss=8.2963
step=2398 loss=7.4484
step=2399 loss=6.6603
step=2400 loss=6.4817
eval_step=2400 eval_loss=7.5562 eval_ppl=1912.56
step=2401 loss=7.8959
step=2402 loss=8.8674
step=2403 loss=8.4854
step=2404 loss=7.4186
step=2405 loss=7.9082
step=2406 loss=6.4908
step=2407 loss=7.6366
step=2408 loss=6.4572
step=2409 loss=7.8156
step=2410 loss=9.0777
step=2411 loss=6.4533
step=2412 loss=7.7915
step=2413 loss=5.9942
step=2414 loss=7.7031
step=2415 loss=8.0419
step=2416 loss=6.3358
step=2417 loss=7.8170
step=2418 loss=6.3143
step=2419 loss=7.1021
step=2420 loss=6.2260
step=2421 loss=7.3137
step=2422 loss=5.8813
step=2423 loss=8.7595
step=2424 loss=8.0354
step=2425 loss=7.1632
step=2426 loss=7.5059
step=2427 loss=6.4498
step=2428 loss=7.1513
step=2429 loss=8.0894
step=2430 loss=5.4513
step=2431 loss=7.5686
step=2432 loss=7.1663
step=2433 loss=7.9398
step=2434 loss=5.7517
step=2435 loss=6.4517
step=2436 loss=8.3717
step=2437 loss=6.5597
step=2438 loss=7.8454
step=2439 loss=7.5163
step=2440 loss=5.7838
step=2441 loss=8.7770
step=2442 loss=6.5485
step=2443 loss=6.1843
step=2444 loss=6.7576
step=2445 loss=7.6892
step=2446 loss=4.9149
step=2447 loss=8.3208
step=2448 loss=6.7586
step=2449 loss=6.8677
step=2450 loss=6.2781
step=2451 loss=6.5004
step=2452 loss=6.3508
step=2453 loss=8.0820
step=2454 loss=8.1299
step=2455 loss=5.6610
step=2456 loss=6.7936
step=2457 loss=7.3625
step=2458 loss=6.6152
step=2459 loss=5.7132
step=2460 loss=6.7174
step=2461 loss=6.1555
step=2462 loss=6.2435
step=2463 loss=7.5941
step=2464 loss=7.4923
step=2465 loss=7.0810
step=2466 loss=7.6915
step=2467 loss=6.5898
step=2468 loss=6.5718
step=2469 loss=8.8192
step=2470 loss=5.7051
step=2471 loss=9.0775
step=2472 loss=7.4660
step=2473 loss=7.1499
step=2474 loss=7.1849
step=2475 loss=7.3779
step=2476 loss=6.6948
step=2477 loss=6.6358
step=2478 loss=6.4089
step=2479 loss=6.6084
step=2480 loss=6.2624
step=2481 loss=6.3501
step=2482 loss=6.5009
step=2483 loss=7.2587
step=2484 loss=7.2352
step=2485 loss=6.4816
step=2486 loss=8.4610
step=2487 loss=6.8342
step=2488 loss=7.4821
step=2489 loss=7.5045
step=2490 loss=7.2998
step=2491 loss=6.7878
step=2492 loss=6.3647
step=2493 loss=6.8280
step=2494 loss=6.5246
step=2495 loss=6.5179
step=2496 loss=8.3862
step=2497 loss=7.6360
step=2498 loss=7.6260
step=2499 loss=7.2697
step=2500 loss=6.9148
step=2501 loss=7.5422
step=2502 loss=6.8889
step=2503 loss=6.9397
step=2504 loss=6.2529
step=2505 loss=6.1913
step=2506 loss=6.1918
step=2507 loss=6.3804
step=2508 loss=7.3245
step=2509 loss=8.9125
step=2510 loss=7.8410
step=2511 loss=6.2633
step=2512 loss=7.1603
step=2513 loss=6.3521
step=2514 loss=6.4430
step=2515 loss=7.1312
step=2516 loss=6.2619
step=2517 loss=7.4315
step=2518 loss=6.2712
step=2519 loss=7.1355
step=2520 loss=7.1484
step=2521 loss=6.5193
step=2522 loss=8.3390
step=2523 loss=5.3818
step=2524 loss=6.5876
step=2525 loss=6.9958
step=2526 loss=8.7094
step=2527 loss=6.8967
step=2528 loss=7.6469
step=2529 loss=6.4329
step=2530 loss=7.1546
step=2531 loss=6.1737
step=2532 loss=6.2586
step=2533 loss=6.5246
step=2534 loss=7.4618
step=2535 loss=5.8581
step=2536 loss=7.4527
step=2537 loss=6.8891
step=2538 loss=7.7463
step=2539 loss=7.8955
step=2540 loss=6.9254
step=2541 loss=7.2621
step=2542 loss=6.3380
step=2543 loss=5.5923
step=2544 loss=7.1680
step=2545 loss=7.3161
step=2546 loss=6.4111
step=2547 loss=7.3078
step=2548 loss=8.7258
step=2549 loss=6.3490
step=2550 loss=8.6888
step=2551 loss=6.6527
step=2552 loss=6.1228
step=2553 loss=7.3659
step=2554 loss=8.5499
step=2555 loss=7.2044
step=2556 loss=7.5889
step=2557 loss=6.9895
step=2558 loss=6.5302
step=2559 loss=7.2731
step=2560 loss=6.3827
step=2561 loss=6.5318
step=2562 loss=5.6384
step=2563 loss=5.9693
step=2564 loss=6.0217
step=2565 loss=7.2871
step=2566 loss=7.6828
step=2567 loss=6.3075
step=2568 loss=6.9933
step=2569 loss=6.3507
step=2570 loss=6.6431
step=2571 loss=7.0166
step=2572 loss=6.1268
step=2573 loss=7.5086
step=2574 loss=7.5045
step=2575 loss=6.6587
step=2576 loss=6.2581
step=2577 loss=8.3056
step=2578 loss=8.0890
step=2579 loss=6.1147
step=2580 loss=5.8623
step=2581 loss=6.8078
step=2582 loss=6.3475
step=2583 loss=7.6310
step=2584 loss=6.3059
step=2585 loss=5.4284
step=2586 loss=6.2627
step=2587 loss=7.1143
step=2588 loss=5.9889
step=2589 loss=6.8303
step=2590 loss=6.3440
step=2591 loss=7.3068
step=2592 loss=6.4070
step=2593 loss=6.0489
step=2594 loss=7.1932
step=2595 loss=6.1711
step=2596 loss=8.0845
step=2597 loss=7.5546
step=2598 loss=6.2482
step=2599 loss=6.0555
step=2600 loss=7.4255
eval_step=2600 eval_loss=7.3436 eval_ppl=1546.30
step=2601 loss=6.7564
step=2602 loss=7.5487
step=2603 loss=7.9123
step=2604 loss=5.6628
step=2605 loss=7.3696
step=2606 loss=6.2572
step=2607 loss=5.7014
step=2608 loss=7.3312
step=2609 loss=7.6281
step=2610 loss=7.9956
step=2611 loss=7.2802
step=2612 loss=6.8430
step=2613 loss=6.1313
step=2614 loss=7.2334
step=2615 loss=6.1915
step=2616 loss=6.0047
step=2617 loss=6.5808
step=2618 loss=5.3041
step=2619 loss=6.0919
step=2620 loss=6.7329
step=2621 loss=6.5324
step=2622 loss=6.4607
step=2623 loss=6.5236
step=2624 loss=7.3247
step=2625 loss=6.7383
step=2626 loss=7.3628
step=2627 loss=7.4317
step=2628 loss=7.1006
step=2629 loss=5.9368
step=2630 loss=5.6709
step=2631 loss=6.2842
step=2632 loss=7.7672
step=2633 loss=6.4426
step=2634 loss=6.1915
step=2635 loss=7.8135
step=2636 loss=7.0358
step=2637 loss=7.5264
step=2638 loss=8.5631
step=2639 loss=7.2317
step=2640 loss=8.0818
step=2641 loss=5.9869
step=2642 loss=6.2165
step=2643 loss=5.8336
step=2644 loss=6.7827
step=2645 loss=7.2680
step=2646 loss=7.5199
step=2647 loss=8.2804
step=2648 loss=7.4697
step=2649 loss=6.1203
step=2650 loss=6.2564
step=2651 loss=8.0659
step=2652 loss=7.1193
step=2653 loss=5.5402
step=2654 loss=7.6879
step=2655 loss=7.6601
step=2656 loss=5.2516
step=2657 loss=6.2801
step=2658 loss=9.6475
step=2659 loss=8.4016
step=2660 loss=6.4383
step=2661 loss=8.1790
step=2662 loss=5.3977
step=2663 loss=6.6420
step=2664 loss=5.2919
step=2665 loss=7.4542
step=2666 loss=7.9026
step=2667 loss=6.6232
step=2668 loss=6.4837
step=2669 loss=6.1250
step=2670 loss=5.9838
step=2671 loss=6.0697
step=2672 loss=7.1135
step=2673 loss=8.9111
step=2674 loss=8.5827
step=2675 loss=6.0963
step=2676 loss=5.7737
step=2677 loss=5.5175
step=2678 loss=7.5020
step=2679 loss=7.1983
step=2680 loss=6.9552
step=2681 loss=6.5510
step=2682 loss=7.0830
step=2683 loss=6.1725
step=2684 loss=7.1669
step=2685 loss=8.7846
step=2686 loss=5.9793
step=2687 loss=7.6376
step=2688 loss=6.8904
step=2689 loss=6.3401
step=2690 loss=5.9089
step=2691 loss=5.7634
step=2692 loss=5.7396
step=2693 loss=6.7048
step=2694 loss=6.6792
step=2695 loss=9.2758
step=2696 loss=6.0906
step=2697 loss=6.5113
step=2698 loss=6.1404
step=2699 loss=7.6511
step=2700 loss=7.2079
step=2701 loss=6.6049
step=2702 loss=8.4294
step=2703 loss=5.9010
step=2704 loss=6.7802
step=2705 loss=6.4993
step=2706 loss=6.3899
step=2707 loss=6.8083
step=2708 loss=5.3621
step=2709 loss=6.4522
step=2710 loss=5.7381
step=2711 loss=6.1596
step=2712 loss=6.1198
step=2713 loss=4.5916
step=2714 loss=8.3501
step=2715 loss=6.5732
step=2716 loss=4.7412
step=2717 loss=8.6068
step=2718 loss=6.8829
step=2719 loss=6.2363
step=2720 loss=6.1606
step=2721 loss=7.6446
step=2722 loss=7.6001
step=2723 loss=6.0011
step=2724 loss=6.3002
step=2725 loss=5.5604
step=2726 loss=7.1357
step=2727 loss=5.9461
step=2728 loss=6.9371
step=2729 loss=7.4419
step=2730 loss=6.7808
step=2731 loss=6.5094
step=2732 loss=6.6866
step=2733 loss=6.3325
step=2734 loss=6.5562
step=2735 loss=5.9769
step=2736 loss=5.0899
step=2737 loss=6.4764
step=2738 loss=6.3694
step=2739 loss=5.5351
step=2740 loss=5.9993
step=2741 loss=6.6037
step=2742 loss=6.9896
step=2743 loss=6.4094
step=2744 loss=5.6733
step=2745 loss=5.0336
step=2746 loss=6.8134
step=2747 loss=5.4665
step=2748 loss=6.8517
step=2749 loss=6.5475
step=2750 loss=7.5902
step=2751 loss=6.3607
step=2752 loss=7.4159
step=2753 loss=5.9754
step=2754 loss=6.0472
step=2755 loss=6.4497
step=2756 loss=8.1088
step=2757 loss=8.1321
step=2758 loss=7.1025
step=2759 loss=6.0050
step=2760 loss=7.0015
step=2761 loss=7.0112
step=2762 loss=7.8834
step=2763 loss=6.3766
step=2764 loss=7.0950
step=2765 loss=6.0112
step=2766 loss=6.1470
step=2767 loss=6.4711
step=2768 loss=7.3111
step=2769 loss=5.7282
step=2770 loss=8.0434
step=2771 loss=6.6932
step=2772 loss=6.3777
step=2773 loss=6.3050
step=2774 loss=6.4886
step=2775 loss=6.5978
step=2776 loss=7.1417
step=2777 loss=6.2239
step=2778 loss=8.4315
step=2779 loss=6.6918
step=2780 loss=7.9843
step=2781 loss=8.0569
step=2782 loss=9.3743
step=2783 loss=6.8857
step=2784 loss=6.8288
step=2785 loss=7.2226
step=2786 loss=7.9986
step=2787 loss=8.1931
step=2788 loss=5.1888
step=2789 loss=6.5669
step=2790 loss=5.5543
step=2791 loss=5.8606
step=2792 loss=7.5394
step=2793 loss=6.2535
step=2794 loss=7.0993
step=2795 loss=4.9338
step=2796 loss=5.8309
step=2797 loss=5.9839
step=2798 loss=5.7489
step=2799 loss=7.4440
step=2800 loss=7.3250
eval_step=2800 eval_loss=7.1142 eval_ppl=1229.34
step=2801 loss=7.0559
step=2802 loss=6.9689
step=2803 loss=5.8677
step=2804 loss=5.9707
step=2805 loss=7.3013
step=2806 loss=6.3040
step=2807 loss=6.5191
step=2808 loss=6.0479
step=2809 loss=5.8532
step=2810 loss=6.5483
step=2811 loss=6.0569
step=2812 loss=7.3400
step=2813 loss=6.5010
step=2814 loss=7.1036
step=2815 loss=6.1303
step=2816 loss=6.1777
step=2817 loss=6.9411
step=2818 loss=7.5551
step=2819 loss=6.4474
step=2820 loss=6.0618
step=2821 loss=6.9152
step=2822 loss=5.1906
step=2823 loss=6.4009
step=2824 loss=6.8171
step=2825 loss=7.0982
step=2826 loss=6.3885
step=2827 loss=8.5398
step=2828 loss=5.9871
step=2829 loss=6.8973
step=2830 loss=5.7992
step=2831 loss=5.8519
step=2832 loss=5.9513
step=2833 loss=5.8072
step=2834 loss=5.5551
step=2835 loss=8.3652
step=2836 loss=7.4886
step=2837 loss=6.0804
step=2838 loss=6.9865
step=2839 loss=6.8902
step=2840 loss=6.3008
step=2841 loss=7.6654
step=2842 loss=6.0315
step=2843 loss=7.0776
step=2844 loss=7.4554
step=2845 loss=6.2005
step=2846 loss=6.2186
step=2847 loss=7.0538
step=2848 loss=7.6231
step=2849 loss=6.1163
step=2850 loss=5.5675
step=2851 loss=5.5616
step=2852 loss=6.0064
step=2853 loss=6.4968
step=2854 loss=6.8676
step=2855 loss=7.3437
step=2856 loss=6.0659
step=2857 loss=7.0198
step=2858 loss=6.2272
step=2859 loss=7.8780
step=2860 loss=7.4099
step=2861 loss=7.5993
step=2862 loss=6.1230
step=2863 loss=6.9356
step=2864 loss=5.9703
step=2865 loss=6.1077
step=2866 loss=6.8438
step=2867 loss=5.9829
step=2868 loss=6.3957
step=2869 loss=6.5922
step=2870 loss=7.3812
step=2871 loss=6.1746
step=2872 loss=6.5363
step=2873 loss=6.3335
step=2874 loss=6.9062
step=2875 loss=6.0683
step=2876 loss=5.9111
step=2877 loss=6.5722
step=2878 loss=8.3503
step=2879 loss=6.0266
step=2880 loss=5.9749
step=2881 loss=6.5461
step=2882 loss=6.3743
step=2883 loss=5.7390
step=2884 loss=7.3489
step=2885 loss=5.7075
step=2886 loss=6.5184
step=2887 loss=6.7333
step=2888 loss=6.7583
step=2889 loss=6.7941
step=2890 loss=8.8432
step=2891 loss=5.9383
step=2892 loss=5.5960
step=2893 loss=6.5277
step=2894 loss=6.2173
step=2895 loss=6.0327
step=2896 loss=6.5061
step=2897 loss=8.1657
step=2898 loss=7.1405
step=2899 loss=8.0987
step=2900 loss=6.2752
step=2901 loss=5.2152
step=2902 loss=6.8223
step=2903 loss=6.3774
step=2904 loss=6.0388
step=2905 loss=5.8361
step=2906 loss=5.9419
step=2907 loss=8.0072
step=2908 loss=5.7257
step=2909 loss=7.3810
step=2910 loss=5.8843
step=2911 loss=7.7742
step=2912 loss=7.0136
step=2913 loss=8.2421
step=2914 loss=6.6012
step=2915 loss=6.0599
step=2916 loss=5.9676
step=2917 loss=7.0450
step=2918 loss=8.0010
step=2919 loss=6.2060
step=2920 loss=5.8173
step=2921 loss=7.2979
step=2922 loss=5.3174
step=2923 loss=7.8810
step=2924 loss=7.0754
step=2925 loss=6.3587
step=2926 loss=6.2686
step=2927 loss=7.8903
step=2928 loss=6.2044
step=2929 loss=5.9159
step=2930 loss=7.0199
step=2931 loss=5.7895
step=2932 loss=6.6641
step=2933 loss=6.9675
step=2934 loss=5.9767
step=2935 loss=7.3377
step=2936 loss=6.9834
step=2937 loss=5.9770
step=2938 loss=5.6672
step=2939 loss=6.0605
step=2940 loss=5.6875
step=2941 loss=6.1248
step=2942 loss=5.6066
step=2943 loss=7.2092
step=2944 loss=7.4777
step=2945 loss=7.6070
step=2946 loss=5.7640
step=2947 loss=6.6753
step=2948 loss=7.6850
step=2949 loss=5.8232
step=2950 loss=7.2874
step=2951 loss=5.8274
step=2952 loss=5.9570
step=2953 loss=7.0790
step=2954 loss=6.6492
step=2955 loss=6.7871
step=2956 loss=5.6994
step=2957 loss=5.9498
step=2958 loss=6.0689
step=2959 loss=7.9032
step=2960 loss=5.9951
step=2961 loss=7.1471
step=2962 loss=6.7100
step=2963 loss=6.1745
step=2964 loss=6.1756
step=2965 loss=6.9126
step=2966 loss=6.0822
step=2967 loss=7.5448
step=2968 loss=5.7644
step=2969 loss=6.8385
step=2970 loss=5.5166
step=2971 loss=6.5212
step=2972 loss=6.0156
step=2973 loss=6.3084
step=2974 loss=5.1542
step=2975 loss=6.7758
step=2976 loss=6.1795
step=2977 loss=5.9232
step=2978 loss=5.8771
step=2979 loss=7.2757
step=2980 loss=6.3314
step=2981 loss=6.1658
step=2982 loss=6.6929
step=2983 loss=5.3302
step=2984 loss=6.4054
step=2985 loss=6.3008
step=2986 loss=7.3052
step=2987 loss=5.6705
step=2988 loss=6.1156
step=2989 loss=5.4625
step=2990 loss=7.7918
step=2991 loss=4.7893
step=2992 loss=6.2255
step=2993 loss=7.5988
step=2994 loss=5.3395
step=2995 loss=5.9279
step=2996 loss=6.9713
step=2997 loss=5.0956
step=2998 loss=6.7105
step=2999 loss=5.6654
step=3000 loss=5.9763
eval_step=3000 eval_loss=6.9174 eval_ppl=1009.73
step=3001 loss=6.8366
step=3002 loss=5.8256
step=3003 loss=5.9689
step=3004 loss=7.1731
step=3005 loss=6.3632
step=3006 loss=5.6976
step=3007 loss=8.2359
step=3008 loss=5.9484
step=3009 loss=6.4056
step=3010 loss=5.8389
step=3011 loss=6.1869
step=3012 loss=6.2072
step=3013 loss=6.9288
step=3014 loss=5.7464
step=3015 loss=5.8708
step=3016 loss=5.9344
step=3017 loss=5.6331
step=3018 loss=6.4263
step=3019 loss=7.9128
step=3020 loss=5.8355
step=3021 loss=6.9091
step=3022 loss=6.2734
step=3023 loss=5.9427
step=3024 loss=6.5521
step=3025 loss=8.2172
step=3026 loss=5.9368
step=3027 loss=7.9817
step=3028 loss=8.0689
step=3029 loss=5.9956
step=3030 loss=7.1766
step=3031 loss=6.4335
step=3032 loss=6.1838
step=3033 loss=8.3715
step=3034 loss=6.4365
step=3035 loss=5.9021
step=3036 loss=6.5259
step=3037 loss=7.9522
step=3038 loss=5.6460
step=3039 loss=5.8012
step=3040 loss=6.1946
step=3041 loss=5.7383
step=3042 loss=5.5893
step=3043 loss=6.0013
step=3044 loss=6.1553
step=3045 loss=5.3607
step=3046 loss=6.8538
step=3047 loss=6.9924
step=3048 loss=6.3262
step=3049 loss=7.9230
step=3050 loss=7.6923
step=3051 loss=6.4170
step=3052 loss=5.8523
step=3053 loss=7.4971
step=3054 loss=5.6351
step=3055 loss=6.8179
step=3056 loss=7.4534
step=3057 loss=6.8008
step=3058 loss=6.1061
step=3059 loss=5.8737
step=3060 loss=6.7115
step=3061 loss=6.8780
step=3062 loss=8.1403
step=3063 loss=6.1526
step=3064 loss=7.4058
step=3065 loss=5.9995
step=3066 loss=5.7558
step=3067 loss=6.6427
step=3068 loss=6.1777
step=3069 loss=5.7932
step=3070 loss=6.0248
step=3071 loss=5.9585
step=3072 loss=6.0477
step=3073 loss=6.0476
step=3074 loss=6.1779
step=3075 loss=6.2988
step=3076 loss=7.3127
step=3077 loss=7.1932
step=3078 loss=5.7842
step=3079 loss=5.3132
step=3080 loss=8.7270
step=3081 loss=6.0139
step=3082 loss=5.6412
step=3083 loss=6.5311
step=3084 loss=5.4951
step=3085 loss=8.7218
step=3086 loss=5.9843
step=3087 loss=5.2608
step=3088 loss=6.8516
step=3089 loss=5.8644
step=3090 loss=6.7985
step=3091 loss=5.8833
step=3092 loss=6.7923
step=3093 loss=4.6914
step=3094 loss=7.7722
step=3095 loss=6.9329
step=3096 loss=5.9220
step=3097 loss=5.2785
step=3098 loss=6.9097
step=3099 loss=5.6630
step=3100 loss=5.8464
step=3101 loss=5.9190
step=3102 loss=5.6672
step=3103 loss=7.1653
step=3104 loss=5.6578
step=3105 loss=5.5283
step=3106 loss=5.4845
step=3107 loss=6.7807
step=3108 loss=7.1729
step=3109 loss=5.5039
step=3110 loss=6.6739
step=3111 loss=5.8129
step=3112 loss=7.4199
step=3113 loss=6.1809
step=3114 loss=7.2883
step=3115 loss=8.8655
step=3116 loss=5.6631
step=3117 loss=6.9981
step=3118 loss=6.8148
step=3119 loss=7.3401
step=3120 loss=6.5481
step=3121 loss=7.0290
step=3122 loss=6.3353
step=3123 loss=6.4900
step=3124 loss=5.9477
step=3125 loss=8.4239
step=3126 loss=5.7509
step=3127 loss=5.2567
step=3128 loss=5.6338
step=3129 loss=6.8243
step=3130 loss=5.4638
step=3131 loss=5.9603
step=3132 loss=6.7177
step=3133 loss=5.4476
step=3134 loss=7.8033
step=3135 loss=6.9322
step=3136 loss=6.0922
step=3137 loss=6.9901
step=3138 loss=6.2237
step=3139 loss=7.6975
step=3140 loss=5.4098
step=3141 loss=7.0177
step=3142 loss=6.8489
step=3143 loss=5.9392
step=3144 loss=7.3131
step=3145 loss=5.5615
step=3146 loss=5.8232
step=3147 loss=5.7664
step=3148 loss=5.6911
step=3149 loss=5.9657
step=3150 loss=6.4602
step=3151 loss=6.1616
step=3152 loss=5.4786
step=3153 loss=6.3923
step=3154 loss=7.1942
step=3155 loss=7.6876
step=3156 loss=7.0812
step=3157 loss=5.6140
step=3158 loss=6.9672
step=3159 loss=6.2539
step=3160 loss=5.8448
step=3161 loss=6.9645
step=3162 loss=5.9242
step=3163 loss=6.5482
step=3164 loss=6.0056
step=3165 loss=5.5671
step=3166 loss=6.0223
step=3167 loss=6.2750
step=3168 loss=6.7357
step=3169 loss=6.6892
step=3170 loss=6.9466
step=3171 loss=6.5208
step=3172 loss=6.6789
step=3173 loss=7.2115
step=3174 loss=6.3321
step=3175 loss=6.1987
step=3176 loss=6.1608
step=3177 loss=5.6107
step=3178 loss=6.3239
step=3179 loss=6.0937
step=3180 loss=5.9124
step=3181 loss=6.0903
step=3182 loss=5.5125
step=3183 loss=6.2277
step=3184 loss=7.8774
step=3185 loss=7.6145
step=3186 loss=7.2432
step=3187 loss=6.8533
step=3188 loss=6.7476
step=3189 loss=4.9827
step=3190 loss=5.6253
step=3191 loss=6.7139
step=3192 loss=7.4336
step=3193 loss=6.0130
step=3194 loss=6.5487
step=3195 loss=6.3360
step=3196 loss=7.5376
step=3197 loss=8.3906
step=3198 loss=6.9114
step=3199 loss=5.6180
step=3200 loss=6.7428
eval_step=3200 eval_loss=6.7028 eval_ppl=814.65
step=3201 loss=5.5564
step=3202 loss=5.8883
step=3203 loss=6.4085
step=3204 loss=5.6474
step=3205 loss=5.5536
step=3206 loss=6.2629
step=3207 loss=5.4086
step=3208 loss=5.8124
step=3209 loss=5.6773
step=3210 loss=7.8787
step=3211 loss=6.6988
step=3212 loss=7.3633
step=3213 loss=5.9412
step=3214 loss=5.0505
step=3215 loss=7.0313
step=3216 loss=5.6919
step=3217 loss=7.0695
step=3218 loss=4.9806
step=3219 loss=6.9190
step=3220 loss=6.8180
step=3221 loss=7.6442
step=3222 loss=5.6991
step=3223 loss=7.0712
step=3224 loss=9.2234
step=3225 loss=5.5159
step=3226 loss=5.6680
step=3227 loss=6.9696
step=3228 loss=6.6214
step=3229 loss=7.2125
step=3230 loss=6.6153
step=3231 loss=6.7408
step=3232 loss=7.5605
step=3233 loss=5.6679
step=3234 loss=5.8575
step=3235 loss=5.7300
step=3236 loss=5.8085
step=3237 loss=6.7619
step=3238 loss=5.9202
step=3239 loss=6.0451
step=3240 loss=6.0839
step=3241 loss=6.8499
step=3242 loss=5.8265
step=3243 loss=6.2961
step=3244 loss=5.6298
step=3245 loss=5.3571
step=3246 loss=6.4717
step=3247 loss=5.3536
step=3248 loss=5.8112
step=3249 loss=6.9087
step=3250 loss=5.8898
step=3251 loss=6.2545
step=3252 loss=6.8083
step=3253 loss=5.6758
step=3254 loss=5.9673
step=3255 loss=6.0433
step=3256 loss=5.0813
step=3257 loss=7.0089
step=3258 loss=5.8448
step=3259 loss=5.7651
step=3260 loss=7.2445
step=3261 loss=5.9289
step=3262 loss=5.5336
step=3263 loss=8.1673
step=3264 loss=5.4978
step=3265 loss=7.4844
step=3266 loss=5.2681
step=3267 loss=5.8730
step=3268 loss=6.1285
step=3269 loss=5.0961
step=3270 loss=7.3927
step=3271 loss=6.6451
step=3272 loss=6.0004
step=3273 loss=5.3083
step=3274 loss=5.5146
step=3275 loss=6.4395
step=3276 loss=5.4668
step=3277 loss=5.4629
step=3278 loss=6.1637
step=3279 loss=5.9830
step=3280 loss=4.5614
step=3281 loss=5.7016
step=3282 loss=5.7824
step=3283 loss=5.9309
step=3284 loss=7.2142
step=3285 loss=5.7486
step=3286 loss=5.4484
step=3287 loss=6.8468
step=3288 loss=7.7013
step=3289 loss=5.1992
step=3290 loss=5.7805
step=3291 loss=6.5698
step=3292 loss=6.1234
step=3293 loss=6.2627
step=3294 loss=5.3128
step=3295 loss=5.7309
step=3296 loss=6.0111
step=3297 loss=6.6029
step=3298 loss=5.8793
step=3299 loss=7.9304
step=3300 loss=5.3493
step=3301 loss=7.1608
step=3302 loss=5.8742
step=3303 loss=5.8375
step=3304 loss=5.6930
step=3305 loss=5.5371
step=3306 loss=7.1955
step=3307 loss=5.2802
step=3308 loss=5.8354
step=3309 loss=5.4058
step=3310 loss=5.1711
step=3311 loss=5.7163
step=3312 loss=4.9737
step=3313 loss=5.8235
step=3314 loss=6.4221
step=3315 loss=5.3729
step=3316 loss=7.9262
step=3317 loss=7.3905
step=3318 loss=7.0944
step=3319 loss=5.3622
step=3320 loss=5.5361
step=3321 loss=7.0314
step=3322 loss=4.3240
step=3323 loss=5.6778
step=3324 loss=5.6312
step=3325 loss=4.5805
step=3326 loss=5.5563
step=3327 loss=5.2415
step=3328 loss=4.9461
step=3329 loss=6.6356
step=3330 loss=5.8041
step=3331 loss=5.7888
step=3332 loss=6.9621
step=3333 loss=5.3478
step=3334 loss=7.4065
step=3335 loss=6.4932
step=3336 loss=5.5230
step=3337 loss=6.7640
step=3338 loss=6.7723
step=3339 loss=7.1025
step=3340 loss=6.8641
step=3341 loss=5.4994
step=3342 loss=6.6983
step=3343 loss=6.7166
step=3344 loss=5.3491
step=3345 loss=6.5921
step=3346 loss=6.5562
step=3347 loss=5.4766
step=3348 loss=6.8366
step=3349 loss=6.8755
step=3350 loss=5.6635
step=3351 loss=6.4622
step=3352 loss=6.2298
step=3353 loss=5.3858
step=3354 loss=6.2586
step=3355 loss=5.9297
step=3356 loss=5.4662
step=3357 loss=6.2994
step=3358 loss=5.3750
step=3359 loss=5.5287
step=3360 loss=6.7867
step=3361 loss=6.5381
step=3362 loss=6.6208
step=3363 loss=5.8863
step=3364 loss=6.3920
step=3365 loss=6.5172
step=3366 loss=5.5137
step=3367 loss=6.3745
step=3368 loss=6.3516
step=3369 loss=5.4221
step=3370 loss=6.1712
step=3371 loss=5.5789
step=3372 loss=6.5774
step=3373 loss=5.0936
step=3374 loss=5.5272
step=3375 loss=5.3988
step=3376 loss=6.3941
step=3377 loss=7.2855
step=3378 loss=5.5756
step=3379 loss=5.5730
step=3380 loss=6.7346
step=3381 loss=6.5841
step=3382 loss=5.6644
step=3383 loss=7.2026
step=3384 loss=7.3509
step=3385 loss=6.3321
step=3386 loss=5.2405
step=3387 loss=5.8163
step=3388 loss=5.8253
step=3389 loss=5.3176
step=3390 loss=6.1340
step=3391 loss=5.0005
step=3392 loss=5.3327
step=3393 loss=6.2727
step=3394 loss=6.4750
step=3395 loss=5.3974
step=3396 loss=5.8952
step=3397 loss=7.9062
step=3398 loss=7.4244
step=3399 loss=5.6499
step=3400 loss=7.4355
eval_step=3400 eval_loss=6.4860 eval_ppl=655.92
step=3401 loss=6.1194
step=3402 loss=5.3502
step=3403 loss=6.6230
step=3404 loss=5.6199
step=3405 loss=6.3444
step=3406 loss=5.2077
step=3407 loss=6.2878
step=3408 loss=5.6256
step=3409 loss=7.0655
step=3410 loss=5.2178
step=3411 loss=8.0974
step=3412 loss=5.8814
step=3413 loss=4.6607
step=3414 loss=5.4850
step=3415 loss=6.4195
step=3416 loss=7.7531
step=3417 loss=7.0857
step=3418 loss=5.3596
step=3419 loss=5.3798
step=3420 loss=5.3956
step=3421 loss=6.1177
step=3422 loss=6.7874
step=3423 loss=7.6621
step=3424 loss=5.4428
step=3425 loss=5.6977
step=3426 loss=6.1935
step=3427 loss=6.2474
step=3428 loss=5.9931
step=3429 loss=5.3528
step=3430 loss=5.3999
step=3431 loss=6.1700
step=3432 loss=6.1272
step=3433 loss=5.9656
step=3434 loss=5.4546
step=3435 loss=7.5252
step=3436 loss=6.8820
step=3437 loss=5.4289
step=3438 loss=6.7210
step=3439 loss=6.3800
step=3440 loss=5.8366
step=3441 loss=7.4084
step=3442 loss=6.4650
step=3443 loss=5.5329
step=3444 loss=5.1700
step=3445 loss=6.6549
step=3446 loss=8.0297
step=3447 loss=5.3399
step=3448 loss=5.5413
step=3449 loss=6.8079
step=3450 loss=6.1624
step=3451 loss=7.3859
step=3452 loss=6.6595
step=3453 loss=6.3450
step=3454 loss=5.4427
step=3455 loss=6.2792
step=3456 loss=5.4034
step=3457 loss=6.0255
step=3458 loss=5.8079
step=3459 loss=5.7316
step=3460 loss=6.6676
step=3461 loss=5.3763
step=3462 loss=5.7293
step=3463 loss=5.9874
step=3464 loss=6.0079
step=3465 loss=5.3166
step=3466 loss=6.5350
step=3467 loss=5.7733
step=3468 loss=5.4943
step=3469 loss=6.1165
step=3470 loss=6.5517
step=3471 loss=5.9404
step=3472 loss=5.8266
step=3473 loss=5.9821
step=3474 loss=5.9126
step=3475 loss=5.5988
step=3476 loss=5.1576
step=3477 loss=5.3572
step=3478 loss=6.9803
step=3479 loss=6.0435
step=3480 loss=4.7468
step=3481 loss=7.6478
step=3482 loss=7.2311
step=3483 loss=5.6252
step=3484 loss=5.8202
step=3485 loss=5.5384
step=3486 loss=5.3231
step=3487 loss=5.8947
step=3488 loss=6.3653
step=3489 loss=5.7221
step=3490 loss=6.5758
step=3491 loss=7.3346
step=3492 loss=5.3049
step=3493 loss=5.2719
step=3494 loss=5.4065
step=3495 loss=6.3493
step=3496 loss=6.4003
step=3497 loss=6.4025
step=3498 loss=5.3490
step=3499 loss=6.7426
step=3500 loss=6.8779
step=3501 loss=6.5024
step=3502 loss=6.3517
step=3503 loss=5.4632
step=3504 loss=5.5167
step=3505 loss=5.4696
step=3506 loss=5.0976
step=3507 loss=5.8622
step=3508 loss=6.0975
step=3509 loss=5.5736
step=3510 loss=5.6487
step=3511 loss=5.3541
step=3512 loss=7.6721
step=3513 loss=6.4223
step=3514 loss=5.3803
step=3515 loss=6.6562
step=3516 loss=6.2214
step=3517 loss=5.5975
step=3518 loss=5.8008
step=3519 loss=5.4509
step=3520 loss=5.7611
step=3521 loss=6.5641
step=3522 loss=5.3516
step=3523 loss=5.6222
step=3524 loss=5.0685
step=3525 loss=5.8735
step=3526 loss=5.1676
step=3527 loss=6.5847
step=3528 loss=4.9685
step=3529 loss=5.5836
step=3530 loss=6.8143
step=3531 loss=6.8383
step=3532 loss=6.7803
step=3533 loss=5.2808
step=3534 loss=5.8311
step=3535 loss=5.3713
step=3536 loss=4.8556
step=3537 loss=6.6651
step=3538 loss=5.1890
step=3539 loss=5.3385
step=3540 loss=5.9112
step=3541 loss=4.5918
step=3542 loss=6.1955
step=3543 loss=6.5216
step=3544 loss=5.8380
step=3545 loss=5.3019
step=3546 loss=5.2651
step=3547 loss=5.2451
step=3548 loss=6.6154
step=3549 loss=6.5289
step=3550 loss=5.7620
step=3551 loss=5.1676
step=3552 loss=5.5995
step=3553 loss=5.6848
step=3554 loss=4.9083
step=3555 loss=4.8572
step=3556 loss=6.0555
step=3557 loss=5.4688
step=3558 loss=6.0867
step=3559 loss=5.7736
step=3560 loss=6.9628
step=3561 loss=5.6914
step=3562 loss=6.7374
step=3563 loss=6.1456
step=3564 loss=5.6361
step=3565 loss=5.2705
step=3566 loss=6.2064
step=3567 loss=6.3288
step=3568 loss=6.7932
step=3569 loss=5.5424
step=3570 loss=6.1017
step=3571 loss=5.4456
step=3572 loss=5.1337
step=3573 loss=5.0018
step=3574 loss=5.1241
step=3575 loss=5.5652
step=3576 loss=6.3750
step=3577 loss=7.2460
step=3578 loss=6.2327
step=3579 loss=4.6569
step=3580 loss=6.9377
step=3581 loss=6.8781
step=3582 loss=5.5385
step=3583 loss=7.7975
step=3584 loss=5.3855
step=3585 loss=7.4810
step=3586 loss=6.4024
step=3587 loss=6.2625
step=3588 loss=6.4629
step=3589 loss=5.8540
step=3590 loss=7.4046
step=3591 loss=5.9929
step=3592 loss=6.2210
step=3593 loss=7.0618
step=3594 loss=5.8331
step=3595 loss=4.2260
step=3596 loss=5.3850
step=3597 loss=5.7899
step=3598 loss=5.1998
step=3599 loss=6.1728
step=3600 loss=5.1335
eval_step=3600 eval_loss=6.2523 eval_ppl=519.23
step=3601 loss=5.5375
step=3602 loss=5.7865
step=3603 loss=5.1900
step=3604 loss=5.4246
step=3605 loss=5.6244
step=3606 loss=5.5912
step=3607 loss=5.7044
step=3608 loss=6.4459
step=3609 loss=5.2484
step=3610 loss=6.4824
step=3611 loss=6.8725
step=3612 loss=4.1916
step=3613 loss=5.1553
step=3614 loss=5.3026
step=3615 loss=7.2707
step=3616 loss=8.2859
step=3617 loss=6.7425
step=3618 loss=7.1429
step=3619 loss=6.7753
step=3620 loss=5.2241
step=3621 loss=6.5561
step=3622 loss=5.3574
step=3623 loss=5.8986
step=3624 loss=5.3276
step=3625 loss=5.8445
step=3626 loss=5.5855
step=3627 loss=6.0683
step=3628 loss=6.8774
step=3629 loss=4.3717
step=3630 loss=7.4389
step=3631 loss=6.6419
step=3632 loss=6.7846
step=3633 loss=6.5978
step=3634 loss=5.4553
step=3635 loss=5.1905
step=3636 loss=4.8369
step=3637 loss=6.1902
step=3638 loss=5.4679
step=3639 loss=7.0713
step=3640 loss=5.8939
step=3641 loss=5.3897
step=3642 loss=5.5582
step=3643 loss=5.6430
step=3644 loss=5.9030
step=3645 loss=5.0825
step=3646 loss=4.6751
step=3647 loss=7.2935
step=3648 loss=5.2642
step=3649 loss=5.1432
step=3650 loss=5.4912
step=3651 loss=5.3777
step=3652 loss=5.0161
step=3653 loss=6.5668
step=3654 loss=6.8977
step=3655 loss=4.7279
step=3656 loss=5.4251
step=3657 loss=7.4931
step=3658 loss=5.3945
step=3659 loss=5.3627
step=3660 loss=5.3916
step=3661 loss=4.7177
step=3662 loss=5.5625
step=3663 loss=5.4566
step=3664 loss=7.3205
step=3665 loss=5.2264
step=3666 loss=6.5608
step=3667 loss=6.8232
step=3668 loss=4.8537
step=3669 loss=7.3567
step=3670 loss=4.9685
step=3671 loss=6.2460
step=3672 loss=6.0665
step=3673 loss=5.7805
step=3674 loss=5.9929
step=3675 loss=5.1271
step=3676 loss=5.1835
step=3677 loss=7.6266
step=3678 loss=5.0809
step=3679 loss=5.8055
step=3680 loss=5.3627
step=3681 loss=6.2862
step=3682 loss=5.6720
step=3683 loss=5.6491
step=3684 loss=5.8707
step=3685 loss=5.9407
step=3686 loss=6.2337
step=3687 loss=5.2076
step=3688 loss=4.8460
step=3689 loss=7.1917
step=3690 loss=6.8870
step=3691 loss=6.8481
step=3692 loss=6.7730
step=3693 loss=5.5287
step=3694 loss=5.2891
step=3695 loss=5.2015
step=3696 loss=6.0681
step=3697 loss=5.3840
step=3698 loss=5.2712
step=3699 loss=5.8605
step=3700 loss=6.6911
step=3701 loss=6.0066
step=3702 loss=5.4543
step=3703 loss=5.7640
step=3704 loss=5.8233
step=3705 loss=6.0756
step=3706 loss=6.1840
step=3707 loss=5.0573
step=3708 loss=5.0738
step=3709 loss=6.0458
step=3710 loss=6.4388
step=3711 loss=5.6023
step=3712 loss=6.3441
step=3713 loss=7.6305
step=3714 loss=6.4215
step=3715 loss=4.9128
step=3716 loss=4.3836
step=3717 loss=5.9950
step=3718 loss=4.9356
step=3719 loss=5.4652
step=3720 loss=6.1812
step=3721 loss=5.0853
step=3722 loss=6.3872
step=3723 loss=6.9684
step=3724 loss=6.1711
step=3725 loss=5.1763
step=3726 loss=5.2741
step=3727 loss=7.3143
step=3728 loss=5.3849
step=3729 loss=6.5036
step=3730 loss=5.2005
step=3731 loss=4.4553
step=3732 loss=5.9855
step=3733 loss=5.2634
step=3734 loss=5.2533
step=3735 loss=6.0739
step=3736 loss=5.4258
step=3737 loss=5.8534
step=3738 loss=4.9027
step=3739 loss=5.3588
step=3740 loss=6.4150
step=3741 loss=5.1253
step=3742 loss=6.0725
step=3743 loss=5.1388
step=3744 loss=7.2253
step=3745 loss=5.7672
step=3746 loss=5.5659
step=3747 loss=5.9987
step=3748 loss=7.0782
step=3749 loss=7.3511
step=3750 loss=7.1082
step=3751 loss=5.9309
step=3752 loss=6.9681
step=3753 loss=5.3506
step=3754 loss=5.2495
step=3755 loss=6.4090
step=3756 loss=5.1062
step=3757 loss=5.5665
step=3758 loss=6.3052
step=3759 loss=6.6781
step=3760 loss=5.1575
step=3761 loss=4.7294
step=3762 loss=6.1214
step=3763 loss=5.1644
step=3764 loss=5.4720
step=3765 loss=5.0758
step=3766 loss=5.5379
step=3767 loss=5.3327
step=3768 loss=5.6705
step=3769 loss=4.4805
step=3770 loss=6.1941
step=3771 loss=7.6562
step=3772 loss=7.1119
step=3773 loss=5.5063
step=3774 loss=6.1211
step=3775 loss=4.6710
step=3776 loss=5.1995
step=3777 loss=5.2528
step=3778 loss=5.9551
step=3779 loss=6.2173
step=3780 loss=5.9071
step=3781 loss=6.0027
step=3782 loss=5.4439
step=3783 loss=5.4900
step=3784 loss=4.9860
step=3785 loss=5.5038
step=3786 loss=6.2994
step=3787 loss=5.5353
step=3788 loss=5.6310
step=3789 loss=6.5802
step=3790 loss=7.1904
step=3791 loss=4.9818
step=3792 loss=5.1109
step=3793 loss=4.8940
step=3794 loss=5.4749
step=3795 loss=4.7103
step=3796 loss=4.8732
step=3797 loss=5.7648
step=3798 loss=5.9964
step=3799 loss=5.5672
step=3800 loss=5.8070
eval_step=3800 eval_loss=6.0738 eval_ppl=434.35
step=3801 loss=7.0599
step=3802 loss=6.4327
step=3803 loss=6.3682
step=3804 loss=6.0598
step=3805 loss=5.9800
step=3806 loss=5.9366
step=3807 loss=5.6123
step=3808 loss=4.9842
step=3809 loss=6.2372
step=3810 loss=5.8737
step=3811 loss=6.5019
step=3812 loss=5.6384
step=3813 loss=4.7215
step=3814 loss=5.2537
step=3815 loss=6.7698
step=3816 loss=5.4755
step=3817 loss=5.8317
step=3818 loss=6.0235
step=3819 loss=7.1979
step=3820 loss=5.1790
step=3821 loss=6.8892
step=3822 loss=4.8039
step=3823 loss=4.5576
step=3824 loss=5.1278
step=3825 loss=5.8875
step=3826 loss=4.6894
step=3827 loss=5.5369
step=3828 loss=5.2291
step=3829 loss=5.5848
step=3830 loss=5.1823
step=3831 loss=5.2333
step=3832 loss=5.6001
step=3833 loss=5.1678
step=3834 loss=5.1342
step=3835 loss=6.1593
step=3836 loss=6.8909
step=3837 loss=5.9027
step=3838 loss=6.1616
step=3839 loss=5.3618
step=3840 loss=4.5705
step=3841 loss=4.9381
step=3842 loss=6.1054
step=3843 loss=5.4728
step=3844 loss=6.7105
step=3845 loss=6.7576
step=3846 loss=5.1316
step=3847 loss=4.8685
step=3848 loss=5.7870
step=3849 loss=5.8049
step=3850 loss=6.4942
step=3851 loss=5.4537
step=3852 loss=5.2149
step=3853 loss=7.4110
step=3854 loss=4.9652
step=3855 loss=5.0469
step=3856 loss=5.9207
step=3857 loss=6.1249
step=3858 loss=5.0744
step=3859 loss=5.5028
step=3860 loss=5.8123
step=3861 loss=5.0140
step=3862 loss=6.2773
step=3863 loss=4.9533
step=3864 loss=5.4869
step=3865 loss=6.3580
step=3866 loss=5.2438
step=3867 loss=5.1253
step=3868 loss=5.9525
step=3869 loss=5.4375
step=3870 loss=5.1079
step=3871 loss=7.6021
step=3872 loss=5.2947
step=3873 loss=5.0544
step=3874 loss=5.3586
step=3875 loss=5.1687
step=3876 loss=5.7502
step=3877 loss=6.6549
step=3878 loss=4.8690
step=3879 loss=5.8573
step=3880 loss=5.8354
step=3881 loss=4.6690
step=3882 loss=6.8559
step=3883 loss=5.8830
step=3884 loss=6.2648
step=3885 loss=5.1296
step=3886 loss=4.7897
step=3887 loss=4.7327
step=3888 loss=5.0320
step=3889 loss=6.2401
step=3890 loss=6.1637
step=3891 loss=5.8659
step=3892 loss=5.6634
step=3893 loss=6.5911
step=3894 loss=4.9550
step=3895 loss=5.4296
step=3896 loss=4.7479
step=3897 loss=5.0751
step=3898 loss=6.2360
step=3899 loss=4.8359
step=3900 loss=5.1209
step=3901 loss=5.0928
step=3902 loss=5.7743
step=3903 loss=5.4197
step=3904 loss=5.2178
step=3905 loss=5.1813
step=3906 loss=5.9045
step=3907 loss=4.6332
step=3908 loss=4.7008
step=3909 loss=5.0488
step=3910 loss=5.0403
step=3911 loss=5.2742
step=3912 loss=4.8961
step=3913 loss=6.2517
step=3914 loss=4.9802
step=3915 loss=5.1700
step=3916 loss=4.7363
step=3917 loss=6.7709
step=3918 loss=5.2868
step=3919 loss=4.9472
step=3920 loss=5.3844
step=3921 loss=7.5803
step=3922 loss=4.8463
step=3923 loss=5.8382
step=3924 loss=6.5370
step=3925 loss=4.8336
step=3926 loss=6.0145
step=3927 loss=5.1286
step=3928 loss=5.0217
step=3929 loss=6.0763
step=3930 loss=6.8094
step=3931 loss=5.4676
step=3932 loss=5.8297
step=3933 loss=6.3280
step=3934 loss=5.8722
step=3935 loss=8.4156
step=3936 loss=4.9319
step=3937 loss=5.7919
step=3938 loss=5.3732
step=3939 loss=5.3470
step=3940 loss=4.5876
step=3941 loss=6.3548
step=3942 loss=6.0090
step=3943 loss=6.3610
step=3944 loss=5.1785
step=3945 loss=6.8000
step=3946 loss=5.6536
step=3947 loss=5.7535
step=3948 loss=6.9300
step=3949 loss=4.8132
step=3950 loss=5.9307
step=3951 loss=5.0942
step=3952 loss=5.0682
step=3953 loss=6.0374
step=3954 loss=6.6125
step=3955 loss=5.9273
step=3956 loss=6.5011
step=3957 loss=6.8428
step=3958 loss=5.2893
step=3959 loss=5.3297
step=3960 loss=6.5183
step=3961 loss=4.9306
step=3962 loss=4.7880
step=3963 loss=5.3179
step=3964 loss=4.8543
step=3965 loss=5.0208
step=3966 loss=5.4460
step=3967 loss=6.5123
step=3968 loss=6.1319
step=3969 loss=5.3681
step=3970 loss=5.8067
step=3971 loss=4.8624
step=3972 loss=6.3069
step=3973 loss=5.9669
step=3974 loss=5.3400
step=3975 loss=6.1275
step=3976 loss=6.1460
step=3977 loss=4.9830
step=3978 loss=6.0372
step=3979 loss=5.6431
step=3980 loss=5.3308
step=3981 loss=7.3388
step=3982 loss=5.2017
step=3983 loss=5.6315
step=3984 loss=4.8618
step=3985 loss=5.4327
step=3986 loss=6.1693
step=3987 loss=6.1028
step=3988 loss=4.8385
step=3989 loss=6.3360
step=3990 loss=4.4474
step=3991 loss=5.8067
step=3992 loss=5.7144
step=3993 loss=4.9859
step=3994 loss=5.1873
step=3995 loss=4.5740
step=3996 loss=6.2491
step=3997 loss=5.2067
step=3998 loss=4.9351
step=3999 loss=4.7595
step=4000 loss=4.8799
eval_step=4000 eval_loss=5.8643 eval_ppl=352.22
step=4001 loss=5.6384
step=4002 loss=5.6021
step=4003 loss=7.2383
step=4004 loss=4.9873
step=4005 loss=4.7185
step=4006 loss=4.9745
step=4007 loss=5.4254
step=4008 loss=5.2710
step=4009 loss=5.9414
step=4010 loss=5.4931
step=4011 loss=4.6214
step=4012 loss=5.4304
step=4013 loss=4.9832
step=4014 loss=5.6612
step=4015 loss=4.9548
step=4016 loss=6.8146
step=4017 loss=5.1395
step=4018 loss=4.8544
step=4019 loss=6.1116
step=4020 loss=4.7089
step=4021 loss=5.9520
step=4022 loss=6.0037
step=4023 loss=5.7417
step=4024 loss=6.1296
step=4025 loss=5.9692
step=4026 loss=6.2734
step=4027 loss=5.2540
step=4028 loss=6.6985
step=4029 loss=5.3021
step=4030 loss=4.7515
step=4031 loss=5.4413
step=4032 loss=4.3322
step=4033 loss=6.4225
step=4034 loss=4.8248
step=4035 loss=8.0940
step=4036 loss=5.1423
step=4037 loss=6.1558
step=4038 loss=5.0417
step=4039 loss=5.9003
step=4040 loss=4.9022
step=4041 loss=6.1088
step=4042 loss=5.2800
step=4043 loss=6.2370
step=4044 loss=4.9906
step=4045 loss=4.9059
step=4046 loss=6.8399
step=4047 loss=4.6668
step=4048 loss=7.1376
step=4049 loss=5.6306
step=4050 loss=5.9300
step=4051 loss=6.0912
step=4052 loss=5.9566
step=4053 loss=5.1146
step=4054 loss=4.7103
step=4055 loss=5.1542
step=4056 loss=5.1541
step=4057 loss=4.6450
step=4058 loss=4.9234
step=4059 loss=4.4381
step=4060 loss=4.6699
step=4061 loss=6.2507
step=4062 loss=4.9181
step=4063 loss=5.1792
step=4064 loss=5.1081
step=4065 loss=5.2784
step=4066 loss=4.8593
step=4067 loss=5.4423
step=4068 loss=5.7069
step=4069 loss=4.8071
step=4070 loss=5.0026
step=4071 loss=7.9944
step=4072 loss=6.4720
step=4073 loss=4.7782
step=4074 loss=6.2337
step=4075 loss=5.6889
step=4076 loss=4.7691
step=4077 loss=5.5380
step=4078 loss=5.3334
step=4079 loss=4.9595
step=4080 loss=5.3654
step=4081 loss=5.2162
step=4082 loss=4.5945
step=4083 loss=4.8472
step=4084 loss=6.0463
step=4085 loss=5.3002
step=4086 loss=5.7829
step=4087 loss=4.8629
step=4088 loss=4.4144
step=4089 loss=6.4438
step=4090 loss=5.1172
step=4091 loss=6.4628
step=4092 loss=5.7999
step=4093 loss=5.0746
step=4094 loss=6.5345
step=4095 loss=7.5767
step=4096 loss=6.7293
step=4097 loss=4.9070
step=4098 loss=4.6618
step=4099 loss=5.4385
step=4100 loss=5.4159
step=4101 loss=5.5938
step=4102 loss=4.8505
step=4103 loss=5.7852
step=4104 loss=5.1862
step=4105 loss=4.7360
step=4106 loss=5.7442
step=4107 loss=6.1973
step=4108 loss=5.5768
step=4109 loss=4.6462
step=4110 loss=4.6191
step=4111 loss=5.3036
step=4112 loss=5.6799
step=4113 loss=4.5730
step=4114 loss=5.9626
step=4115 loss=4.6877
step=4116 loss=6.4459
step=4117 loss=6.7831
step=4118 loss=5.9305
step=4119 loss=5.0800
step=4120 loss=5.8801
step=4121 loss=5.1219
step=4122 loss=5.6419
step=4123 loss=4.6900
step=4124 loss=4.1723
step=4125 loss=6.0257
step=4126 loss=4.5901
step=4127 loss=5.2915
step=4128 loss=4.9066
step=4129 loss=5.4695
step=4130 loss=5.1438
step=4131 loss=5.7671
step=4132 loss=3.8799
step=4133 loss=5.8548
step=4134 loss=5.0245
step=4135 loss=6.3920
step=4136 loss=4.2198
step=4137 loss=5.0626
step=4138 loss=4.5888
step=4139 loss=5.0373
step=4140 loss=5.3395
step=4141 loss=5.9534
step=4142 loss=4.5548
step=4143 loss=4.9949
step=4144 loss=5.5167
step=4145 loss=4.5233
step=4146 loss=6.3257
step=4147 loss=5.3909
step=4148 loss=4.7485
step=4149 loss=4.9939
step=4150 loss=5.5564
step=4151 loss=5.1396
step=4152 loss=4.9226
step=4153 loss=5.4376
step=4154 loss=4.5647
step=4155 loss=6.4533
step=4156 loss=4.6390
step=4157 loss=5.6064
step=4158 loss=5.8974
step=4159 loss=5.6443
step=4160 loss=4.8455
step=4161 loss=6.6859
step=4162 loss=7.7909
step=4163 loss=4.9463
step=4164 loss=6.5682
step=4165 loss=5.9568
step=4166 loss=4.5165
step=4167 loss=4.7773
step=4168 loss=6.0329
step=4169 loss=5.1112
step=4170 loss=5.9910
step=4171 loss=5.4427
step=4172 loss=4.7777
step=4173 loss=5.4459
step=4174 loss=6.2193
step=4175 loss=5.4147
step=4176 loss=5.0006
step=4177 loss=5.5586
step=4178 loss=6.1635
step=4179 loss=7.0852
step=4180 loss=4.2344
step=4181 loss=5.7114
step=4182 loss=6.2810
step=4183 loss=4.2220
step=4184 loss=4.8267
step=4185 loss=6.1240
step=4186 loss=5.6164
step=4187 loss=4.5641
step=4188 loss=6.3233
step=4189 loss=5.8043
step=4190 loss=4.6750
step=4191 loss=5.1306
step=4192 loss=4.7208
step=4193 loss=5.2856
step=4194 loss=5.5020
step=4195 loss=5.1859
step=4196 loss=4.1813
step=4197 loss=5.4073
step=4198 loss=4.7298
step=4199 loss=4.6778
step=4200 loss=6.1201
eval_step=4200 eval_loss=5.6467 eval_ppl=283.35
step=4201 loss=5.5790
step=4202 loss=4.8639
step=4203 loss=6.9035
step=4204 loss=4.9282
step=4205 loss=4.9169
step=4206 loss=4.6593
step=4207 loss=5.2429
step=4208 loss=5.4128
step=4209 loss=5.6668
step=4210 loss=5.7229
step=4211 loss=3.7805
step=4212 loss=4.3270
step=4213 loss=4.7911
step=4214 loss=5.6384
step=4215 loss=5.8750
step=4216 loss=5.7196
step=4217 loss=4.8136
step=4218 loss=6.4281
step=4219 loss=4.5166
step=4220 loss=5.3204
step=4221 loss=5.6215
step=4222 loss=4.3310
step=4223 loss=5.4313
step=4224 loss=5.4116
step=4225 loss=5.2815
step=4226 loss=6.5855
step=4227 loss=4.2446
step=4228 loss=5.4221
step=4229 loss=5.3818
step=4230 loss=5.9066
step=4231 loss=5.1759
step=4232 loss=4.7086
step=4233 loss=4.1251
step=4234 loss=4.5931
step=4235 loss=4.9649
step=4236 loss=5.4406
step=4237 loss=4.5685
step=4238 loss=4.8406
step=4239 loss=4.9739
step=4240 loss=5.4072
step=4241 loss=5.7381
step=4242 loss=5.6991
step=4243 loss=4.4115
step=4244 loss=4.3419
step=4245 loss=5.1720
step=4246 loss=5.0752
step=4247 loss=5.5760
step=4248 loss=5.5183
step=4249 loss=6.8782
step=4250 loss=5.5310
step=4251 loss=5.6860
step=4252 loss=4.8366
step=4253 loss=5.5012
step=4254 loss=4.2771
step=4255 loss=6.0158
step=4256 loss=5.3191
step=4257 loss=4.5127
step=4258 loss=6.2583
step=4259 loss=6.0734
step=4260 loss=5.1405
step=4261 loss=5.4474
step=4262 loss=4.7022
step=4263 loss=4.9710
step=4264 loss=5.3938
step=4265 loss=5.3717
step=4266 loss=4.5581
step=4267 loss=4.9570
step=4268 loss=4.4499
step=4269 loss=5.4626
step=4270 loss=5.4145
step=4271 loss=4.4861
step=4272 loss=5.7015
step=4273 loss=7.2057
step=4274 loss=6.0303
step=4275 loss=5.7978
step=4276 loss=4.8466
step=4277 loss=4.7589
step=4278 loss=4.7902
step=4279 loss=5.5306
step=4280 loss=4.9678
step=4281 loss=4.4217
step=4282 loss=6.1315
step=4283 loss=4.9715
step=4284 loss=5.5731
step=4285 loss=5.2417
step=4286 loss=4.9929
step=4287 loss=6.8557
step=4288 loss=5.6248
step=4289 loss=4.9155
step=4290 loss=4.9118
step=4291 loss=5.4613
step=4292 loss=6.9303
step=4293 loss=5.6846
step=4294 loss=5.2436
step=4295 loss=4.7841
step=4296 loss=5.8279
step=4297 loss=5.4707
step=4298 loss=3.7916
step=4299 loss=5.4149
step=4300 loss=6.3747
step=4301 loss=4.9487
step=4302 loss=4.6966
step=4303 loss=5.5768
step=4304 loss=7.3036
step=4305 loss=4.4428
step=4306 loss=4.8802
step=4307 loss=5.8688
step=4308 loss=4.7431
step=4309 loss=4.5725
step=4310 loss=4.6388
step=4311 loss=5.4231
step=4312 loss=5.7282
step=4313 loss=5.2335
step=4314 loss=4.6064
step=4315 loss=4.7237
step=4316 loss=5.6832
step=4317 loss=4.9439
step=4318 loss=4.7030
step=4319 loss=4.7023
step=4320 loss=6.6448
step=4321 loss=4.5285
step=4322 loss=5.2286
step=4323 loss=4.9952
step=4324 loss=5.8381
step=4325 loss=6.0702
step=4326 loss=4.8748
step=4327 loss=4.5669
step=4328 loss=5.4390
step=4329 loss=7.4870
step=4330 loss=5.8513
step=4331 loss=4.8408
step=4332 loss=4.9443
step=4333 loss=5.4058
step=4334 loss=5.5267
step=4335 loss=6.0895
step=4336 loss=5.0222
step=4337 loss=4.9606
step=4338 loss=7.4977
step=4339 loss=4.6548
step=4340 loss=4.9156
step=4341 loss=5.2349
step=4342 loss=5.4862
step=4343 loss=4.7493
step=4344 loss=5.0229
step=4345 loss=5.1214
step=4346 loss=5.4388
step=4347 loss=6.0529
step=4348 loss=5.3678
step=4349 loss=5.5319
step=4350 loss=6.0757
step=4351 loss=4.6975
step=4352 loss=6.3463
step=4353 loss=4.6215
step=4354 loss=5.1831
step=4355 loss=5.3591
step=4356 loss=4.5636
step=4357 loss=4.6744
step=4358 loss=6.1197
step=4359 loss=5.0986
step=4360 loss=5.7816
step=4361 loss=5.5730
step=4362 loss=4.6498
step=4363 loss=5.0548
step=4364 loss=6.3914
step=4365 loss=4.7256
step=4366 loss=5.0705
step=4367 loss=6.2628
step=4368 loss=4.7659
step=4369 loss=5.3673
step=4370 loss=4.4405
step=4371 loss=4.4884
step=4372 loss=4.8112
step=4373 loss=5.3491
step=4374 loss=4.6918
step=4375 loss=4.9916
step=4376 loss=5.4369
step=4377 loss=4.7499
step=4378 loss=4.5349
step=4379 loss=4.5573
step=4380 loss=5.5666
step=4381 loss=6.3033
step=4382 loss=4.3956
step=4383 loss=4.2262
step=4384 loss=5.5494
step=4385 loss=4.6290
step=4386 loss=4.7647
step=4387 loss=4.4917
step=4388 loss=4.3185
step=4389 loss=4.5893
step=4390 loss=4.7219
step=4391 loss=4.4220
step=4392 loss=5.4480
step=4393 loss=4.6761
step=4394 loss=4.8665
step=4395 loss=5.8137
step=4396 loss=7.1174
step=4397 loss=5.5878
step=4398 loss=5.5813
step=4399 loss=5.8469
step=4400 loss=5.5261
eval_step=4400 eval_loss=5.4291 eval_ppl=227.94
step=4401 loss=4.6333
step=4402 loss=4.4393
step=4403 loss=4.6781
step=4404 loss=4.8261
step=4405 loss=4.3273
step=4406 loss=6.3644
step=4407 loss=5.1682
step=4408 loss=4.3084
step=4409 loss=4.4007
step=4410 loss=4.5172
step=4411 loss=4.5885
step=4412 loss=4.8983
step=4413 loss=6.3600
step=4414 loss=5.3064
step=4415 loss=6.2066
step=4416 loss=6.4200
step=4417 loss=4.5226
step=4418 loss=4.8125
step=4419 loss=5.3806
step=4420 loss=5.5670
step=4421 loss=4.9972
step=4422 loss=3.7204
step=4423 loss=4.6587
step=4424 loss=4.5519
step=4425 loss=4.2466
step=4426 loss=5.2383
step=4427 loss=4.5717
step=4428 loss=5.3093
step=4429 loss=4.7781
step=4430 loss=4.7261
step=4431 loss=6.1147
step=4432 loss=5.2434
step=4433 loss=6.0407
step=4434 loss=4.4850
step=4435 loss=5.2288
step=4436 loss=6.1156
step=4437 loss=4.5760
step=4438 loss=4.6112
step=4439 loss=4.7092
step=4440 loss=6.1763
step=4441 loss=5.4357
step=4442 loss=4.9946
step=4443 loss=4.8867
step=4444 loss=4.8260
step=4445 loss=5.5282
step=4446 loss=4.5174
step=4447 loss=6.2173
step=4448 loss=4.8985
step=4449 loss=4.4584
step=4450 loss=4.7146
step=4451 loss=4.5373
step=4452 loss=4.3980
step=4453 loss=5.6553
step=4454 loss=5.7615
step=4455 loss=5.3283
step=4456 loss=5.2041
step=4457 loss=5.1071
step=4458 loss=6.4747
step=4459 loss=4.4076
step=4460 loss=5.8432
step=4461 loss=4.7759
step=4462 loss=4.8100
step=4463 loss=5.0939
step=4464 loss=4.7263
step=4465 loss=7.0539
step=4466 loss=4.9850
step=4467 loss=5.7650
step=4468 loss=5.2771
step=4469 loss=4.3468
step=4470 loss=4.7205
step=4471 loss=5.4439
step=4472 loss=5.1762
step=4473 loss=4.4063
step=4474 loss=4.9074
step=4475 loss=5.3241
step=4476 loss=5.3429
step=4477 loss=4.3572
step=4478 loss=4.7850
step=4479 loss=4.9585
step=4480 loss=5.2095
step=4481 loss=3.9935
step=4482 loss=5.9319
step=4483 loss=4.6041
step=4484 loss=3.9733
step=4485 loss=6.2261
step=4486 loss=4.5779
step=4487 loss=5.0072
step=4488 loss=5.7315
step=4489 loss=4.7879
step=4490 loss=4.7270
step=4491 loss=4.7416
step=4492 loss=5.1463
step=4493 loss=5.1612
step=4494 loss=4.7039
step=4495 loss=5.6326
step=4496 loss=5.9631
step=4497 loss=5.4106
step=4498 loss=4.2744
step=4499 loss=4.5657
step=4500 loss=4.2624
step=4501 loss=5.0396
step=4502 loss=4.6610
step=4503 loss=4.1437
step=4504 loss=5.6178
step=4505 loss=6.7217
step=4506 loss=6.7656
step=4507 loss=4.4771
step=4508 loss=5.5090
step=4509 loss=4.7290
step=4510 loss=5.7862
step=4511 loss=5.2626
step=4512 loss=4.5016
step=4513 loss=5.5325
step=4514 loss=4.1717
step=4515 loss=5.2943
step=4516 loss=6.9183
step=4517 loss=5.5542
step=4518 loss=4.3591
step=4519 loss=4.4877
step=4520 loss=4.2722
step=4521 loss=5.0397
step=4522 loss=5.4013
step=4523 loss=4.4552
step=4524 loss=4.7119
step=4525 loss=4.3314
step=4526 loss=4.4495
step=4527 loss=4.6996
step=4528 loss=5.0305
step=4529 loss=4.4910
step=4530 loss=4.5839
step=4531 loss=4.5377
step=4532 loss=5.2800
step=4533 loss=4.4606
step=4534 loss=5.4970
step=4535 loss=6.6397
step=4536 loss=5.1169
step=4537 loss=4.5830
step=4538 loss=4.6867
step=4539 loss=4.6509
step=4540 loss=4.6605
step=4541 loss=4.7215
step=4542 loss=4.8015
step=4543 loss=4.4037
step=4544 loss=4.1523
step=4545 loss=6.1574
step=4546 loss=5.3153
step=4547 loss=4.5549
step=4548 loss=5.7765
step=4549 loss=6.3146
step=4550 loss=4.7560
step=4551 loss=5.5210
step=4552 loss=4.7016
step=4553 loss=5.4882
step=4554 loss=4.7654
step=4555 loss=4.0252
step=4556 loss=4.8397
step=4557 loss=4.7673
step=4558 loss=5.5779
step=4559 loss=3.9250
step=4560 loss=4.5297
step=4561 loss=4.5584
step=4562 loss=5.1664
step=4563 loss=5.2482
step=4564 loss=4.4086
step=4565 loss=5.9682
step=4566 loss=4.6477
step=4567 loss=5.1718
step=4568 loss=4.2811
step=4569 loss=4.3552
step=4570 loss=4.4985
step=4571 loss=4.7418
step=4572 loss=5.6491
step=4573 loss=4.3178
step=4574 loss=4.1663
step=4575 loss=4.7582
step=4576 loss=4.7493
step=4577 loss=4.5317
step=4578 loss=4.4074
step=4579 loss=4.5747
step=4580 loss=6.0027
step=4581 loss=4.5796
step=4582 loss=4.6383
step=4583 loss=4.0260
step=4584 loss=6.1034
step=4585 loss=4.4492
step=4586 loss=4.8574
step=4587 loss=5.2151
step=4588 loss=4.5466
step=4589 loss=4.5419
step=4590 loss=4.3106
step=4591 loss=4.6291
step=4592 loss=5.9134
step=4593 loss=4.5940
step=4594 loss=4.4857
step=4595 loss=4.2168
step=4596 loss=6.1763
step=4597 loss=4.2831
step=4598 loss=5.8265
step=4599 loss=4.3845
step=4600 loss=4.5222
eval_step=4600 eval_loss=5.2226 eval_ppl=185.42
step=4601 loss=4.5755
step=4602 loss=4.6394
step=4603 loss=5.5105
step=4604 loss=4.6678
step=4605 loss=4.6533
step=4606 loss=4.3503
step=4607 loss=4.5010
step=4608 loss=4.3362
step=4609 loss=4.5844
step=4610 loss=4.4109
step=4611 loss=4.3821
step=4612 loss=5.6660
step=4613 loss=5.6813
step=4614 loss=5.0088
step=4615 loss=4.3671
step=4616 loss=4.5973
step=4617 loss=5.0483
step=4618 loss=5.8155
step=4619 loss=4.4107
step=4620 loss=5.9503
step=4621 loss=4.2481
step=4622 loss=4.4369
step=4623 loss=4.6653
step=4624 loss=5.5379
step=4625 loss=4.8545
step=4626 loss=5.3975
step=4627 loss=4.3222
step=4628 loss=5.7325
step=4629 loss=5.1652
step=4630 loss=6.7125
step=4631 loss=4.4333
step=4632 loss=5.6224
step=4633 loss=4.9151
step=4634 loss=5.3713
step=4635 loss=4.3122
step=4636 loss=4.4723
step=4637 loss=5.1240
step=4638 loss=4.5897
step=4639 loss=4.2645
step=4640 loss=4.0412
step=4641 loss=4.8475
step=4642 loss=4.3452
step=4643 loss=5.2873
step=4644 loss=5.6607
step=4645 loss=5.6083
step=4646 loss=4.3058
step=4647 loss=5.6281
step=4648 loss=4.4775
step=4649 loss=4.6370
step=4650 loss=4.1891
step=4651 loss=4.2073
step=4652 loss=6.0385
step=4653 loss=5.3714
step=4654 loss=5.6482
step=4655 loss=4.3491
step=4656 loss=5.3990
step=4657 loss=4.6760
step=4658 loss=5.7218
step=4659 loss=5.2019
step=4660 loss=5.1562
step=4661 loss=4.4414
step=4662 loss=4.2976
step=4663 loss=5.6439
step=4664 loss=5.3689
step=4665 loss=4.4878
step=4666 loss=5.4813
step=4667 loss=4.6498
step=4668 loss=4.8049
step=4669 loss=4.8643
step=4670 loss=4.4665
step=4671 loss=4.7011
step=4672 loss=5.3707
step=4673 loss=3.9513
step=4674 loss=4.3852
step=4675 loss=4.2790
step=4676 loss=4.3848
step=4677 loss=6.8607
step=4678 loss=5.1969
step=4679 loss=4.2838
step=4680 loss=4.7338
step=4681 loss=4.9473
step=4682 loss=5.3329
step=4683 loss=4.6118
step=4684 loss=4.7468
step=4685 loss=4.5037
step=4686 loss=4.7298
step=4687 loss=4.8743
step=4688 loss=4.2466
step=4689 loss=5.6900
step=4690 loss=4.9319
step=4691 loss=4.8516
step=4692 loss=4.3144
step=4693 loss=3.9526
step=4694 loss=6.0671
step=4695 loss=5.9845
step=4696 loss=4.4270
step=4697 loss=4.4319
step=4698 loss=4.3505
step=4699 loss=4.8795
step=4700 loss=4.3625
step=4701 loss=4.7399
step=4702 loss=4.9672
step=4703 loss=4.6792
step=4704 loss=7.2882
step=4705 loss=4.1484
step=4706 loss=4.5204
step=4707 loss=4.5303
step=4708 loss=4.7501
step=4709 loss=4.1426
step=4710 loss=4.3599
step=4711 loss=4.8888
step=4712 loss=3.4806
step=4713 loss=4.0573
step=4714 loss=5.2759
step=4715 loss=4.3591
step=4716 loss=4.3797
step=4717 loss=4.7905
step=4718 loss=4.8543
step=4719 loss=4.4674
step=4720 loss=4.3300
step=4721 loss=5.1779
step=4722 loss=5.4469
step=4723 loss=5.3165
step=4724 loss=4.2530
step=4725 loss=4.1159
step=4726 loss=4.0754
step=4727 loss=4.0371
step=4728 loss=4.3950
step=4729 loss=7.5201
step=4730 loss=5.1208
step=4731 loss=4.6564
step=4732 loss=5.5134
step=4733 loss=5.0268
step=4734 loss=5.3440
step=4735 loss=4.1916
step=4736 loss=5.5535
step=4737 loss=4.2756
step=4738 loss=6.4034
step=4739 loss=4.2740
step=4740 loss=4.0904
step=4741 loss=4.6473
step=4742 loss=4.0561
step=4743 loss=5.3786
step=4744 loss=4.5446
step=4745 loss=5.2598
step=4746 loss=3.7653
step=4747 loss=4.5705
step=4748 loss=4.0371
step=4749 loss=4.6795
step=4750 loss=5.3572
step=4751 loss=4.3150
step=4752 loss=4.5415
step=4753 loss=4.1699
step=4754 loss=4.3526
step=4755 loss=5.6944
step=4756 loss=4.2304
step=4757 loss=5.2067
step=4758 loss=5.3256
step=4759 loss=4.1991
step=4760 loss=5.5980
step=4761 loss=4.3354
step=4762 loss=4.3695
step=4763 loss=4.5388
step=4764 loss=4.2222
step=4765 loss=4.4918
step=4766 loss=4.2196
step=4767 loss=4.5858
step=4768 loss=4.8226
step=4769 loss=6.1860
step=4770 loss=4.1085
step=4771 loss=5.0162
step=4772 loss=4.3828
step=4773 loss=4.3527
step=4774 loss=5.4006
step=4775 loss=4.4969
step=4776 loss=4.6659
step=4777 loss=4.8375
step=4778 loss=4.7133
step=4779 loss=5.7308
step=4780 loss=4.1690
step=4781 loss=4.6097
step=4782 loss=4.1393
step=4783 loss=4.4871
step=4784 loss=4.5761
step=4785 loss=4.5560
step=4786 loss=4.5733
step=4787 loss=4.2191
step=4788 loss=4.7011
step=4789 loss=4.6273
step=4790 loss=4.0340
step=4791 loss=4.3364
step=4792 loss=4.3734
step=4793 loss=4.6668
step=4794 loss=4.8245
step=4795 loss=4.0431
step=4796 loss=5.3276
step=4797 loss=5.3296
step=4798 loss=5.1776
step=4799 loss=4.2246
step=4800 loss=4.7162
eval_step=4800 eval_loss=5.0227 eval_ppl=151.82
step=4801 loss=4.6003
step=4802 loss=4.4558
step=4803 loss=4.1291
step=4804 loss=4.2558
step=4805 loss=4.3241
step=4806 loss=4.1259
step=4807 loss=5.2748
step=4808 loss=4.0795
step=4809 loss=5.2823
step=4810 loss=4.9823
step=4811 loss=4.2900
step=4812 loss=4.7875
step=4813 loss=5.2305
step=4814 loss=4.3242
step=4815 loss=5.7664
step=4816 loss=4.3520
step=4817 loss=4.4832
step=4818 loss=4.3314
step=4819 loss=5.5677
step=4820 loss=4.6906
step=4821 loss=4.5221
step=4822 loss=3.8970
step=4823 loss=4.5962
step=4824 loss=4.2859
step=4825 loss=5.4861
step=4826 loss=5.6442
step=4827 loss=3.9521
step=4828 loss=4.2216
step=4829 loss=4.0010
step=4830 loss=5.2766
step=4831 loss=4.3694
step=4832 loss=4.8823
step=4833 loss=4.3373
step=4834 loss=6.1746
step=4835 loss=5.3797
step=4836 loss=4.2348
step=4837 loss=4.9248
step=4838 loss=3.9672
step=4839 loss=3.9821
step=4840 loss=4.4829
step=4841 loss=4.2832
step=4842 loss=4.5430
step=4843 loss=6.3008
step=4844 loss=5.4041
step=4845 loss=4.7457
step=4846 loss=6.1970
step=4847 loss=5.5287
step=4848 loss=4.3452
step=4849 loss=5.7668
step=4850 loss=4.2031
step=4851 loss=4.9365
step=4852 loss=4.8273
step=4853 loss=4.1097
step=4854 loss=4.2782
step=4855 loss=5.4033
step=4856 loss=4.5495
step=4857 loss=6.1866
step=4858 loss=4.5502
step=4859 loss=4.0303
step=4860 loss=4.8729
step=4861 loss=5.5874
step=4862 loss=4.2836
step=4863 loss=4.2469
step=4864 loss=5.0361
step=4865 loss=4.2522
step=4866 loss=4.8432
step=4867 loss=5.1559
step=4868 loss=4.4895
step=4869 loss=4.2976
step=4870 loss=4.7194
step=4871 loss=4.4722
step=4872 loss=5.0526
step=4873 loss=4.9339
step=4874 loss=4.0363
step=4875 loss=5.0445
step=4876 loss=6.3256
step=4877 loss=4.0210
step=4878 loss=5.2529
step=4879 loss=4.0960
step=4880 loss=4.6412
step=4881 loss=5.8402
step=4882 loss=4.2824
step=4883 loss=4.0189
step=4884 loss=4.6486
step=4885 loss=5.2987
step=4886 loss=4.4306
step=4887 loss=4.2296
step=4888 loss=3.8770
step=4889 loss=4.4134
step=4890 loss=3.7302
step=4891 loss=4.6961
step=4892 loss=4.2469
step=4893 loss=4.7509
step=4894 loss=5.8833
step=4895 loss=4.3346
step=4896 loss=5.0123
step=4897 loss=4.7492
step=4898 loss=4.6152
step=4899 loss=5.0520
step=4900 loss=4.0388
step=4901 loss=6.0034
step=4902 loss=5.0639
step=4903 loss=4.0987
step=4904 loss=5.3958
step=4905 loss=5.4094
step=4906 loss=4.1126
step=4907 loss=4.2268
step=4908 loss=5.4547
step=4909 loss=5.6266
step=4910 loss=4.1883
step=4911 loss=3.9781
step=4912 loss=4.7702
step=4913 loss=5.1442
step=4914 loss=4.9290
step=4915 loss=4.9489
step=4916 loss=4.0516
step=4917 loss=4.9293
step=4918 loss=5.6933
step=4919 loss=4.2064
step=4920 loss=4.6363
step=4921 loss=4.1557
step=4922 loss=5.5819
step=4923 loss=4.3204
step=4924 loss=5.2039
step=4925 loss=5.2342
step=4926 loss=4.1245
step=4927 loss=5.4183
step=4928 loss=4.1343
step=4929 loss=4.4901
step=4930 loss=3.9135
step=4931 loss=4.1741
step=4932 loss=4.7419
step=4933 loss=4.4408
step=4934 loss=4.1019
step=4935 loss=3.8403
step=4936 loss=4.0924
step=4937 loss=4.1661
step=4938 loss=4.2518
step=4939 loss=5.3236
step=4940 loss=4.8256
step=4941 loss=4.0562
step=4942 loss=5.0797
step=4943 loss=5.0717
step=4944 loss=4.8019
step=4945 loss=5.2761
step=4946 loss=3.9169
step=4947 loss=4.5097
step=4948 loss=4.1538
step=4949 loss=4.3740
step=4950 loss=3.9237
step=4951 loss=4.6883
step=4952 loss=4.1798
step=4953 loss=5.0667
step=4954 loss=4.1225
step=4955 loss=4.2412
step=4956 loss=4.0100
step=4957 loss=4.2606
step=4958 loss=4.4389
step=4959 loss=4.2180
step=4960 loss=4.2183
step=4961 loss=4.0207
step=4962 loss=5.0388
step=4963 loss=5.0788
step=4964 loss=4.0990
step=4965 loss=5.4371
step=4966 loss=4.2015
step=4967 loss=4.1523
step=4968 loss=4.7327
step=4969 loss=5.6500
step=4970 loss=4.8848
step=4971 loss=4.5419
step=4972 loss=3.9495
step=4973 loss=4.2907
step=4974 loss=4.8772
step=4975 loss=4.0053
step=4976 loss=4.2672
step=4977 loss=4.7555
step=4978 loss=5.3730
step=4979 loss=5.3140
step=4980 loss=4.2972
step=4981 loss=4.8061
step=4982 loss=5.1221
step=4983 loss=4.5994
step=4984 loss=6.0068
step=4985 loss=3.9458
step=4986 loss=4.3195
step=4987 loss=5.0258
step=4988 loss=4.3429
step=4989 loss=4.7030
step=4990 loss=4.2394
step=4991 loss=5.3371
step=4992 loss=5.1670
step=4993 loss=4.9742
step=4994 loss=4.7163
step=4995 loss=4.2564
step=4996 loss=4.1255
step=4997 loss=4.1961
step=4998 loss=4.9386
step=4999 loss=3.7107
step=5000 loss=4.0168
eval_step=5000 eval_loss=4.8172 eval_ppl=123.61
step=5001 loss=4.2322
step=5002 loss=4.2320
step=5003 loss=4.8324
step=5004 loss=4.7150
step=5005 loss=3.8338
step=5006 loss=6.2182
step=5007 loss=4.1571
step=5008 loss=5.1252
step=5009 loss=4.7254
step=5010 loss=4.1927
step=5011 loss=4.4854
step=5012 loss=5.1785
step=5013 loss=4.7221
step=5014 loss=4.8653
step=5015 loss=5.3972
step=5016 loss=4.1788
step=5017 loss=4.2620
step=5018 loss=4.3034
step=5019 loss=4.4354
step=5020 loss=4.1936
step=5021 loss=4.3035
step=5022 loss=4.6156
step=5023 loss=4.5099
step=5024 loss=4.9446
step=5025 loss=5.2078
step=5026 loss=4.7859
step=5027 loss=4.2952
step=5028 loss=5.5642
step=5029 loss=4.4931
step=5030 loss=4.4525
step=5031 loss=4.3971
step=5032 loss=4.0725
step=5033 loss=4.7142
step=5034 loss=3.7990
step=5035 loss=3.8549
step=5036 loss=4.0502
step=5037 loss=3.9813
step=5038 loss=4.2385
step=5039 loss=4.2335
step=5040 loss=5.0628
step=5041 loss=4.9169
step=5042 loss=4.7385
step=5043 loss=5.6693
step=5044 loss=4.1779
step=5045 loss=4.1089
step=5046 loss=3.9315
step=5047 loss=4.6776
step=5048 loss=4.3108
step=5049 loss=5.6902
step=5050 loss=4.2460
step=5051 loss=4.2327
step=5052 loss=4.6429
step=5053 loss=5.0188
step=5054 loss=4.2623
step=5055 loss=4.6388
step=5056 loss=3.9149
step=5057 loss=3.9977
step=5058 loss=3.9417
step=5059 loss=3.6746
step=5060 loss=4.7498
step=5061 loss=4.2197
step=5062 loss=5.1758
step=5063 loss=4.8687
step=5064 loss=4.7972
step=5065 loss=4.4869
step=5066 loss=4.0472
step=5067 loss=4.9634
step=5068 loss=5.4347
step=5069 loss=5.2970
step=5070 loss=4.3044
step=5071 loss=3.8748
step=5072 loss=5.1546
step=5073 loss=4.1817
step=5074 loss=4.7818
step=5075 loss=4.8860
step=5076 loss=5.4160
step=5077 loss=5.3160
step=5078 loss=3.9478
step=5079 loss=3.8494
step=5080 loss=4.2147
step=5081 loss=4.0063
step=5082 loss=4.2329
step=5083 loss=5.5893
step=5084 loss=3.9406
step=5085 loss=4.2702
step=5086 loss=4.5486
step=5087 loss=4.8812
step=5088 loss=5.4186
step=5089 loss=4.9480
step=5090 loss=5.4998
step=5091 loss=5.6725
step=5092 loss=5.2790
step=5093 loss=5.4594
step=5094 loss=4.6153
step=5095 loss=4.4030
step=5096 loss=4.2713
step=5097 loss=3.7663
step=5098 loss=3.8398
step=5099 loss=4.9808
step=5100 loss=3.8592
step=5101 loss=4.7909
step=5102 loss=4.2625
step=5103 loss=4.6064
step=5104 loss=4.3662
step=5105 loss=5.0449
step=5106 loss=5.0970
step=5107 loss=5.4165
step=5108 loss=4.4426
step=5109 loss=5.3690
step=5110 loss=4.2659
step=5111 loss=4.1402
step=5112 loss=4.1405
step=5113 loss=4.4268
step=5114 loss=3.9847
step=5115 loss=4.0879
step=5116 loss=4.2343
step=5117 loss=4.6291
step=5118 loss=4.1037
step=5119 loss=4.4038
step=5120 loss=4.6441
step=5121 loss=5.3923
step=5122 loss=5.1141
step=5123 loss=4.6460
step=5124 loss=5.2760
step=5125 loss=5.7665
step=5126 loss=4.6151
step=5127 loss=3.9233
step=5128 loss=3.9867
step=5129 loss=4.3496
step=5130 loss=4.2382
step=5131 loss=5.0503
step=5132 loss=4.0085
step=5133 loss=5.7067
step=5134 loss=4.2844
step=5135 loss=4.5227
step=5136 loss=4.0555
step=5137 loss=3.7887
step=5138 loss=4.2531
step=5139 loss=4.6784
step=5140 loss=4.1236
step=5141 loss=4.2158
step=5142 loss=3.8365
step=5143 loss=3.8315
step=5144 loss=3.9408
step=5145 loss=3.9887
step=5146 loss=4.3471
step=5147 loss=3.6305
step=5148 loss=4.1764
step=5149 loss=5.2256
step=5150 loss=3.7677
step=5151 loss=3.8672
step=5152 loss=5.5601
step=5153 loss=4.0451
step=5154 loss=3.6975
step=5155 loss=4.7546
step=5156 loss=4.4353
step=5157 loss=4.8555
step=5158 loss=4.6447
step=5159 loss=4.2024
step=5160 loss=4.8839
step=5161 loss=3.9924
step=5162 loss=5.2386
step=5163 loss=3.9422
step=5164 loss=5.1377
step=5165 loss=3.8454
step=5166 loss=4.2429
step=5167 loss=4.1730
step=5168 loss=4.8985
step=5169 loss=4.1803
step=5170 loss=4.1119
step=5171 loss=3.7199
step=5172 loss=3.7653
step=5173 loss=4.9300
step=5174 loss=3.9611
step=5175 loss=4.3090
step=5176 loss=4.0260
step=5177 loss=3.9342
step=5178 loss=4.8853
step=5179 loss=4.9509
step=5180 loss=4.2463
step=5181 loss=4.5872
step=5182 loss=4.6167
step=5183 loss=4.9746
step=5184 loss=3.8931
step=5185 loss=5.0490
step=5186 loss=4.8724
step=5187 loss=4.3970
step=5188 loss=4.1742
step=5189 loss=4.0372
step=5190 loss=4.1211
step=5191 loss=3.6582
step=5192 loss=3.9923
step=5193 loss=4.0701
step=5194 loss=6.0745
step=5195 loss=4.1454
step=5196 loss=4.1604
step=5197 loss=4.5947
step=5198 loss=4.5072
step=5199 loss=3.7137
step=5200 loss=4.1912
eval_step=5200 eval_loss=4.6088 eval_ppl=100.36
step=5201 loss=4.7731
step=5202 loss=5.8055
step=5203 loss=4.1531
step=5204 loss=3.8211
step=5205 loss=5.8903
step=5206 loss=4.2156
step=5207 loss=3.8638
step=5208 loss=3.8630
step=5209 loss=4.6382
step=5210 loss=3.7097
step=5211 loss=5.0527
step=5212 loss=3.5407
step=5213 loss=3.7575
step=5214 loss=3.6522
step=5215 loss=4.7075
step=5216 loss=5.1854
step=5217 loss=4.3898
step=5218 loss=4.3361
step=5219 loss=3.8843
step=5220 loss=3.9779
step=5221 loss=4.4704
step=5222 loss=4.4171
step=5223 loss=4.4213
step=5224 loss=4.2558
step=5225 loss=5.2167
step=5226 loss=4.3931
step=5227 loss=3.9530
step=5228 loss=6.1811
step=5229 loss=4.3283
step=5230 loss=3.3371
step=5231 loss=3.7649
step=5232 loss=4.6512
step=5233 loss=4.4527
step=5234 loss=4.2353
step=5235 loss=4.0295
step=5236 loss=5.2619
step=5237 loss=4.6190
step=5238 loss=4.0383
step=5239 loss=3.9253
step=5240 loss=3.8289
step=5241 loss=3.7600
step=5242 loss=5.4556
step=5243 loss=3.8638
step=5244 loss=4.8893
step=5245 loss=4.1659
step=5246 loss=4.2037
step=5247 loss=3.7218
step=5248 loss=4.1232
step=5249 loss=4.2907
step=5250 loss=4.8085
step=5251 loss=4.6256
step=5252 loss=4.2868
step=5253 loss=4.2454
step=5254 loss=4.3351
step=5255 loss=4.7991
step=5256 loss=4.5201
step=5257 loss=4.0070
step=5258 loss=4.4351
step=5259 loss=4.7318
step=5260 loss=4.7383
step=5261 loss=4.6616
step=5262 loss=3.8059
step=5263 loss=3.9532
step=5264 loss=5.7211
step=5265 loss=5.4079
step=5266 loss=5.1914
step=5267 loss=4.2420
step=5268 loss=3.6273
step=5269 loss=4.0653
step=5270 loss=3.8278
step=5271 loss=3.9213
step=5272 loss=4.0497
step=5273 loss=4.0382
step=5274 loss=3.9130
step=5275 loss=4.7671
step=5276 loss=4.3068
step=5277 loss=4.0998
step=5278 loss=4.5600
step=5279 loss=4.9325
step=5280 loss=4.7395
step=5281 loss=3.9984
step=5282 loss=3.8700
step=5283 loss=4.2149
step=5284 loss=4.4568
step=5285 loss=4.6135
step=5286 loss=4.7079
step=5287 loss=4.0847
step=5288 loss=4.6769
step=5289 loss=5.4434
step=5290 loss=4.4852
step=5291 loss=4.2796
step=5292 loss=5.8072
step=5293 loss=4.2128
step=5294 loss=4.8919
step=5295 loss=4.5571
step=5296 loss=4.0093
step=5297 loss=3.9975
step=5298 loss=4.0928
step=5299 loss=4.9693
step=5300 loss=4.0235
step=5301 loss=4.0889
step=5302 loss=4.1507
step=5303 loss=4.2089
step=5304 loss=4.2118
step=5305 loss=4.7875
step=5306 loss=5.2425
step=5307 loss=4.0046
step=5308 loss=3.8551
step=5309 loss=3.6700
step=5310 loss=3.7701
step=5311 loss=3.9285
step=5312 loss=4.4515
step=5313 loss=5.5730
step=5314 loss=3.7188
step=5315 loss=4.2703
step=5316 loss=4.2448
step=5317 loss=5.1635
step=5318 loss=3.5372
step=5319 loss=3.7411
step=5320 loss=4.1699
step=5321 loss=3.9380
step=5322 loss=3.7931
step=5323 loss=3.2899
step=5324 loss=4.3147
step=5325 loss=4.1484
step=5326 loss=4.1076
step=5327 loss=3.9352
step=5328 loss=4.4654
step=5329 loss=4.5527
step=5330 loss=3.6916
step=5331 loss=5.2615
step=5332 loss=3.9171
step=5333 loss=5.9544
step=5334 loss=3.9009
step=5335 loss=4.3653
step=5336 loss=5.3990
step=5337 loss=5.5225
step=5338 loss=4.4390
step=5339 loss=4.7492
step=5340 loss=4.3347
step=5341 loss=5.1010
step=5342 loss=3.7480
step=5343 loss=3.9677
step=5344 loss=3.6528
step=5345 loss=5.2357
step=5346 loss=4.5104
step=5347 loss=3.9677
step=5348 loss=4.3717
step=5349 loss=5.0729
step=5350 loss=4.7710
step=5351 loss=4.0979
step=5352 loss=4.8749
step=5353 loss=4.1762
step=5354 loss=4.5146
step=5355 loss=4.2277
step=5356 loss=5.5559
step=5357 loss=5.0057
step=5358 loss=3.6918
step=5359 loss=4.3505
step=5360 loss=4.9228
step=5361 loss=4.3649
step=5362 loss=5.1525
step=5363 loss=4.1643
step=5364 loss=3.6573
step=5365 loss=4.2397
step=5366 loss=4.2216
step=5367 loss=3.4791
step=5368 loss=4.6123
step=5369 loss=3.7308
step=5370 loss=3.6849
step=5371 loss=4.3231
step=5372 loss=3.7405
step=5373 loss=3.8138
step=5374 loss=3.8443
step=5375 loss=4.1174
step=5376 loss=4.0553
step=5377 loss=3.8430
step=5378 loss=5.4169
step=5379 loss=3.9876
step=5380 loss=3.7836
step=5381 loss=4.0679
step=5382 loss=4.2757
step=5383 loss=3.6900
step=5384 loss=4.1467
step=5385 loss=3.9727
step=5386 loss=3.4833
step=5387 loss=5.1792
step=5388 loss=4.0514
step=5389 loss=3.7930
step=5390 loss=4.2752
step=5391 loss=4.2146
step=5392 loss=3.6658
step=5393 loss=4.1020
step=5394 loss=4.3081
step=5395 loss=3.7418
step=5396 loss=3.6940
step=5397 loss=4.0079
step=5398 loss=6.2680
step=5399 loss=4.3428
step=5400 loss=4.4650
eval_step=5400 eval_loss=4.4039 eval_ppl=81.77
step=5401 loss=3.9581
step=5402 loss=4.2594
step=5403 loss=3.7076
step=5404 loss=3.4910
step=5405 loss=4.0410
step=5406 loss=3.6692
step=5407 loss=3.7855
step=5408 loss=3.5936
step=5409 loss=4.4706
step=5410 loss=4.7954
step=5411 loss=4.2744
step=5412 loss=5.1595
step=5413 loss=4.1451
step=5414 loss=3.8829
step=5415 loss=4.8863
step=5416 loss=3.5985
step=5417 loss=4.7641
step=5418 loss=4.6932
step=5419 loss=3.8573
step=5420 loss=4.5664
step=5421 loss=4.8750
step=5422 loss=4.5207
step=5423 loss=3.7763
step=5424 loss=4.4445
step=5425 loss=3.8029
step=5426 loss=4.5628
step=5427 loss=4.3221
step=5428 loss=4.0896
step=5429 loss=4.7682
step=5430 loss=4.2385
step=5431 loss=4.5607
step=5432 loss=5.1618
step=5433 loss=3.7736
step=5434 loss=4.0112
step=5435 loss=4.1235
step=5436 loss=3.7104
step=5437 loss=3.9401
step=5438 loss=3.8245
step=5439 loss=3.7883
step=5440 loss=3.6334
step=5441 loss=4.3950
step=5442 loss=3.4661
step=5443 loss=3.8630
step=5444 loss=4.3105
step=5445 loss=3.8237
step=5446 loss=3.6319
step=5447 loss=3.8191
step=5448 loss=4.3282
step=5449 loss=3.8057
step=5450 loss=3.6771
step=5451 loss=3.6121
step=5452 loss=4.2744
step=5453 loss=3.8158
step=5454 loss=3.6182
step=5455 loss=3.8798
step=5456 loss=3.6099
step=5457 loss=4.1188
step=5458 loss=5.3853
step=5459 loss=4.6011
step=5460 loss=4.0602
step=5461 loss=4.4019
step=5462 loss=4.3164
step=5463 loss=3.7468
step=5464 loss=4.2729
step=5465 loss=3.5926
step=5466 loss=3.7291
step=5467 loss=3.9544
step=5468 loss=3.7348
step=5469 loss=4.1430
step=5470 loss=3.9234
step=5471 loss=4.6512
step=5472 loss=4.3294
step=5473 loss=4.4971
step=5474 loss=4.1561
step=5475 loss=4.6000
step=5476 loss=4.3908
step=5477 loss=3.6189
step=5478 loss=4.3632
step=5479 loss=4.9731
step=5480 loss=3.8971
step=5481 loss=4.8453
step=5482 loss=4.5371
step=5483 loss=3.6118
step=5484 loss=4.5355
step=5485 loss=4.9370
step=5486 loss=4.9356
step=5487 loss=3.9642
step=5488 loss=4.2466
step=5489 loss=4.5735
step=5490 loss=3.8002
step=5491 loss=4.3975
step=5492 loss=3.4729
step=5493 loss=4.3425
step=5494 loss=3.8360
step=5495 loss=3.8012
step=5496 loss=4.5873
step=5497 loss=4.0466
step=5498 loss=3.5379
step=5499 loss=5.0155
step=5500 loss=3.6430
step=5501 loss=3.5995
step=5502 loss=4.8227
step=5503 loss=3.8808
step=5504 loss=4.0037
step=5505 loss=3.6061
step=5506 loss=3.8906
step=5507 loss=3.8007
step=5508 loss=3.4615
step=5509 loss=4.5611
step=5510 loss=4.0048
step=5511 loss=3.5405
step=5512 loss=3.7831
step=5513 loss=4.4723
step=5514 loss=3.8664
step=5515 loss=5.2548
step=5516 loss=4.0778
step=5517 loss=4.5275
step=5518 loss=3.6427
step=5519 loss=3.4966
step=5520 loss=3.7070
step=5521 loss=4.1475
step=5522 loss=3.8683
step=5523 loss=3.7479
step=5524 loss=4.1714
step=5525 loss=4.6341
step=5526 loss=4.1465
step=5527 loss=3.4573
step=5528 loss=4.2784
step=5529 loss=4.0467
step=5530 loss=5.2479
step=5531 loss=4.8278
step=5532 loss=4.1391
step=5533 loss=4.2322
step=5534 loss=3.6393
step=5535 loss=4.1620
step=5536 loss=3.7575
step=5537 loss=3.6296
step=5538 loss=3.5839
step=5539 loss=4.1634
step=5540 loss=3.7025
step=5541 loss=4.2749
step=5542 loss=3.4981
step=5543 loss=3.5649
step=5544 loss=3.9913
step=5545 loss=4.4535
step=5546 loss=3.6541
step=5547 loss=4.1589
step=5548 loss=3.8674
step=5549 loss=4.0293
step=5550 loss=3.8373
step=5551 loss=4.3058
step=5552 loss=4.3865
step=5553 loss=3.9806
step=5554 loss=4.8443
step=5555 loss=3.4085
step=5556 loss=4.1989
step=5557 loss=3.4102
step=5558 loss=3.9629
step=5559 loss=3.4937
step=5560 loss=4.6077
step=5561 loss=4.4032
step=5562 loss=4.7711
step=5563 loss=4.4124
step=5564 loss=3.8352
step=5565 loss=3.2923
step=5566 loss=3.6905
step=5567 loss=3.5666
step=5568 loss=3.8492
step=5569 loss=4.3058
step=5570 loss=5.6020
step=5571 loss=3.4471
step=5572 loss=4.3050
step=5573 loss=4.6083
step=5574 loss=5.1013
step=5575 loss=4.8544
step=5576 loss=4.5086
step=5577 loss=3.3911
step=5578 loss=3.9470
step=5579 loss=3.3758
step=5580 loss=4.3412
step=5581 loss=3.4592
step=5582 loss=3.3594
step=5583 loss=4.0251
step=5584 loss=3.5218
step=5585 loss=3.8330
step=5586 loss=3.5537
step=5587 loss=4.2792
step=5588 loss=3.5752
step=5589 loss=4.0190
step=5590 loss=3.6925
step=5591 loss=3.8585
step=5592 loss=4.6141
step=5593 loss=4.8052
step=5594 loss=5.1680
step=5595 loss=3.4803
step=5596 loss=4.3345
step=5597 loss=3.5782
step=5598 loss=3.6729
step=5599 loss=4.6930
step=5600 loss=4.4911
eval_step=5600 eval_loss=4.2211 eval_ppl=68.11
step=5601 loss=3.5128
step=5602 loss=4.7622
step=5603 loss=3.6403
step=5604 loss=3.5509
step=5605 loss=3.8708
step=5606 loss=3.7766
step=5607 loss=4.4401
step=5608 loss=4.1812
step=5609 loss=4.3803
step=5610 loss=4.6763
step=5611 loss=3.5545
step=5612 loss=5.3795
step=5613 loss=3.7597
step=5614 loss=3.3649
step=5615 loss=3.7071
step=5616 loss=3.7908
step=5617 loss=4.3729
step=5618 loss=3.7599
step=5619 loss=5.3806
step=5620 loss=4.2008
step=5621 loss=4.2780
step=5622 loss=3.9538
step=5623 loss=3.6885
step=5624 loss=3.7014
step=5625 loss=4.6694
step=5626 loss=3.6230
step=5627 loss=3.3205
step=5628 loss=3.8909
step=5629 loss=4.3450
step=5630 loss=4.3955
step=5631 loss=3.4976
step=5632 loss=4.0305
step=5633 loss=4.3481
step=5634 loss=3.9560
step=5635 loss=3.5705
step=5636 loss=3.8850
step=5637 loss=4.6470
step=5638 loss=3.6089
step=5639 loss=5.4143
step=5640 loss=3.8642
step=5641 loss=3.6102
step=5642 loss=3.6702
step=5643 loss=4.0845
step=5644 loss=4.2337
step=5645 loss=4.0158
step=5646 loss=4.0241
step=5647 loss=3.8536
step=5648 loss=4.2739
step=5649 loss=4.1422
step=5650 loss=5.4896
step=5651 loss=3.5969
step=5652 loss=3.7058
step=5653 loss=4.6062
step=5654 loss=3.6793
step=5655 loss=3.8573
step=5656 loss=3.6378
step=5657 loss=3.8868
step=5658 loss=4.6716
step=5659 loss=3.3081
step=5660 loss=3.7046
step=5661 loss=3.6468
step=5662 loss=4.1627
step=5663 loss=4.2288
step=5664 loss=3.5676
step=5665 loss=3.8520
step=5666 loss=4.5516
step=5667 loss=4.1382
step=5668 loss=3.2705
step=5669 loss=4.0715
step=5670 loss=4.9282
step=5671 loss=4.8320
step=5672 loss=4.9481
step=5673 loss=4.5058
step=5674 loss=3.7305
step=5675 loss=3.5380
step=5676 loss=3.2891
step=5677 loss=4.5983
step=5678 loss=4.1448
step=5679 loss=3.1937
step=5680 loss=4.6345
step=5681 loss=3.6085
step=5682 loss=3.9313
step=5683 loss=3.5174
step=5684 loss=3.5719
step=5685 loss=3.5639
step=5686 loss=3.5929
step=5687 loss=3.7763
step=5688 loss=3.8924
step=5689 loss=4.7079
step=5690 loss=3.5238
step=5691 loss=3.7641
step=5692 loss=4.2199
step=5693 loss=4.7518
step=5694 loss=5.5098
step=5695 loss=4.2202
step=5696 loss=3.6697
step=5697 loss=3.9309
step=5698 loss=3.7550
step=5699 loss=4.8709
step=5700 loss=3.8359
step=5701 loss=4.5004
step=5702 loss=4.3983
step=5703 loss=4.2467
step=5704 loss=3.9143
step=5705 loss=3.4158
step=5706 loss=3.8095
step=5707 loss=3.5328
step=5708 loss=3.2667
step=5709 loss=3.7514
step=5710 loss=3.7144
step=5711 loss=4.2558
step=5712 loss=3.4268
step=5713 loss=4.3846
step=5714 loss=3.4258
step=5715 loss=3.6744
step=5716 loss=4.5765
step=5717 loss=3.5428
step=5718 loss=3.5394
step=5719 loss=3.9914
step=5720 loss=4.4335
step=5721 loss=4.9706
step=5722 loss=3.7063
step=5723 loss=3.5638
step=5724 loss=3.6588
step=5725 loss=3.7098
step=5726 loss=3.4268
step=5727 loss=3.8253
step=5728 loss=3.7562
step=5729 loss=4.3109
step=5730 loss=4.6275
step=5731 loss=3.7926
step=5732 loss=3.5647
step=5733 loss=3.8333
step=5734 loss=3.7870
step=5735 loss=3.7743
step=5736 loss=3.6151
step=5737 loss=3.7662
step=5738 loss=3.7533
step=5739 loss=3.6565
step=5740 loss=3.7513
step=5741 loss=5.6865
step=5742 loss=4.5843
step=5743 loss=3.5171
step=5744 loss=3.8619
step=5745 loss=3.6886
step=5746 loss=3.5225
step=5747 loss=3.7093
step=5748 loss=4.3371
step=5749 loss=4.0057
step=5750 loss=3.4313
step=5751 loss=3.8249
step=5752 loss=3.5333
step=5753 loss=3.4219
step=5754 loss=3.9855
step=5755 loss=3.4741
step=5756 loss=3.5799
step=5757 loss=3.3961
step=5758 loss=3.5182
step=5759 loss=4.2049
step=5760 loss=4.5911
step=5761 loss=3.6174
step=5762 loss=3.4739
step=5763 loss=4.2688
step=5764 loss=3.5588
step=5765 loss=4.1583
step=5766 loss=3.6125
step=5767 loss=3.7205
step=5768 loss=3.4574
step=5769 loss=3.3665
step=5770 loss=3.7972
step=5771 loss=3.5326
step=5772 loss=3.9094
step=5773 loss=4.6547
step=5774 loss=3.7618
step=5775 loss=4.2963
step=5776 loss=3.6752
step=5777 loss=5.0152
step=5778 loss=4.2910
step=5779 loss=3.9602
step=5780 loss=3.6334
step=5781 loss=4.7077
step=5782 loss=3.6725
step=5783 loss=4.2579
step=5784 loss=3.2833
step=5785 loss=3.6781
step=5786 loss=3.6171
step=5787 loss=4.7478
step=5788 loss=4.8478
step=5789 loss=3.6275
step=5790 loss=4.7477
step=5791 loss=3.3486
step=5792 loss=5.3351
step=5793 loss=4.0509
step=5794 loss=4.0818
step=5795 loss=3.7610
step=5796 loss=3.7806
step=5797 loss=3.8987
step=5798 loss=3.6644
step=5799 loss=3.2669
step=5800 loss=4.4173
eval_step=5800 eval_loss=4.0441 eval_ppl=57.06
step=5801 loss=4.2620
step=5802 loss=3.9716
step=5803 loss=3.3634
step=5804 loss=3.8460
step=5805 loss=3.4751
step=5806 loss=4.4539
step=5807 loss=3.4810
step=5808 loss=3.4710
step=5809 loss=4.0467
step=5810 loss=3.5297
step=5811 loss=3.7837
step=5812 loss=3.4968
step=5813 loss=4.7956
step=5814 loss=4.9468
step=5815 loss=3.9651
step=5816 loss=3.8898
step=5817 loss=4.0552
step=5818 loss=4.0420
step=5819 loss=3.5235
step=5820 loss=3.6687
step=5821 loss=3.3778
step=5822 loss=3.6264
step=5823 loss=4.1701
step=5824 loss=3.6417
step=5825 loss=3.8220
step=5826 loss=3.5743
step=5827 loss=4.2708
step=5828 loss=3.4621
step=5829 loss=4.1965
step=5830 loss=3.9799
step=5831 loss=3.1220
step=5832 loss=3.5653
step=5833 loss=4.0257
step=5834 loss=3.5359
step=5835 loss=3.8004
step=5836 loss=2.2901
step=5837 loss=3.5384
step=5838 loss=4.8914
step=5839 loss=3.6271
step=5840 loss=3.9170
step=5841 loss=3.4274
step=5842 loss=5.5692
step=5843 loss=4.2425
step=5844 loss=3.8208
step=5845 loss=4.6676
step=5846 loss=3.2185
step=5847 loss=3.4812
step=5848 loss=4.0757
step=5849 loss=4.2361
step=5850 loss=3.4464
step=5851 loss=3.2668
step=5852 loss=3.7168
step=5853 loss=3.8594
step=5854 loss=3.3726
step=5855 loss=3.5909
step=5856 loss=3.3820
step=5857 loss=4.7826
step=5858 loss=3.3983
step=5859 loss=3.5211
step=5860 loss=3.3940
step=5861 loss=4.2532
step=5862 loss=3.2490
step=5863 loss=3.5576
step=5864 loss=4.3877
step=5865 loss=3.4305
step=5866 loss=3.7362
step=5867 loss=4.0345
step=5868 loss=4.1605
step=5869 loss=3.1759
step=5870 loss=4.4295
step=5871 loss=3.7756
step=5872 loss=3.4475
step=5873 loss=3.9768
step=5874 loss=3.6113
step=5875 loss=4.0523
step=5876 loss=4.4718
step=5877 loss=3.6096
step=5878 loss=4.1705
step=5879 loss=4.4018
step=5880 loss=3.3965
step=5881 loss=4.3824
step=5882 loss=3.6405
step=5883 loss=4.1013
step=5884 loss=3.5465
step=5885 loss=5.1857
step=5886 loss=3.3566
step=5887 loss=3.3847
step=5888 loss=4.3215
step=5889 loss=3.4165
step=5890 loss=3.5169
step=5891 loss=4.3803
step=5892 loss=4.0286
step=5893 loss=4.4438
step=5894 loss=3.5711
step=5895 loss=4.3603
step=5896 loss=3.3614
step=5897 loss=3.7267
step=5898 loss=3.8117
step=5899 loss=3.4625
step=5900 loss=4.3710
step=5901 loss=3.6591
step=5902 loss=3.3186
step=5903 loss=4.1160
step=5904 loss=3.4498
step=5905 loss=3.3104
step=5906 loss=3.7391
step=5907 loss=3.2082
step=5908 loss=4.7965
step=5909 loss=3.6423
step=5910 loss=4.4461
step=5911 loss=3.1539
step=5912 loss=4.2059
step=5913 loss=3.6127
step=5914 loss=4.1602
step=5915 loss=3.4352
step=5916 loss=3.7134
step=5917 loss=4.3764
step=5918 loss=3.7663
step=5919 loss=4.3117
step=5920 loss=3.2335
step=5921 loss=3.3634
step=5922 loss=4.7486
step=5923 loss=3.4813
step=5924 loss=3.4317
step=5925 loss=3.9016
step=5926 loss=4.4601
step=5927 loss=3.3166
step=5928 loss=3.2456
step=5929 loss=3.6789
step=5930 loss=3.1567
step=5931 loss=3.6763
step=5932 loss=4.0191
step=5933 loss=3.4728
step=5934 loss=3.4827
step=5935 loss=4.9736
step=5936 loss=3.9281
step=5937 loss=3.8326
step=5938 loss=3.5575
step=5939 loss=3.4924
step=5940 loss=2.9400
step=5941 loss=3.0709
step=5942 loss=3.1516
step=5943 loss=4.5553
step=5944 loss=3.8197
step=5945 loss=3.4600
step=5946 loss=3.3120
step=5947 loss=3.2769
step=5948 loss=4.4970
step=5949 loss=3.7813
step=5950 loss=3.6115
step=5951 loss=3.2133
step=5952 loss=4.4836
step=5953 loss=3.3548
step=5954 loss=3.5679
step=5955 loss=3.2132
step=5956 loss=3.0564
step=5957 loss=3.5578
step=5958 loss=3.1820
step=5959 loss=3.9856
step=5960 loss=3.1301
step=5961 loss=3.8811
step=5962 loss=3.3302
step=5963 loss=2.8034
step=5964 loss=3.4549
step=5965 loss=3.9638
step=5966 loss=3.8644
step=5967 loss=3.7606
step=5968 loss=3.5171
step=5969 loss=3.4552
step=5970 loss=3.3530
step=5971 loss=4.1985
step=5972 loss=3.2228
step=5973 loss=3.3100
step=5974 loss=4.1028
step=5975 loss=4.7264
step=5976 loss=3.6159
step=5977 loss=3.5094
step=5978 loss=3.2607
step=5979 loss=3.2973
step=5980 loss=4.0079
step=5981 loss=3.7229
step=5982 loss=3.1003
step=5983 loss=3.1098
step=5984 loss=3.6974
step=5985 loss=3.3855
step=5986 loss=3.4858
step=5987 loss=4.2761
step=5988 loss=3.8677
step=5989 loss=3.2742
step=5990 loss=5.2576
step=5991 loss=3.9269
step=5992 loss=3.8928
step=5993 loss=4.4133
step=5994 loss=3.6801
step=5995 loss=3.6176
step=5996 loss=3.7093
step=5997 loss=3.1755
step=5998 loss=4.1422
step=5999 loss=3.3426
step=6000 loss=4.2565
eval_step=6000 eval_loss=3.8308 eval_ppl=46.10
step=6001 loss=3.0302
step=6002 loss=3.7343
step=6003 loss=3.2548
step=6004 loss=3.6121
step=6005 loss=3.5218
step=6006 loss=3.7406
step=6007 loss=3.1960
step=6008 loss=4.6800
step=6009 loss=3.6085
step=6010 loss=3.0794
step=6011 loss=4.4365
step=6012 loss=3.7229
step=6013 loss=3.5217
step=6014 loss=4.0941
step=6015 loss=4.0517
step=6016 loss=3.8445
step=6017 loss=3.5458
step=6018 loss=4.2323
step=6019 loss=3.1430
step=6020 loss=3.8222
step=6021 loss=3.5334
step=6022 loss=3.4834
step=6023 loss=3.9690
step=6024 loss=3.5485
step=6025 loss=3.2732
step=6026 loss=3.0188
step=6027 loss=4.3538
step=6028 loss=3.7361
step=6029 loss=3.1985
step=6030 loss=3.7121
step=6031 loss=4.1928
step=6032 loss=3.8516
step=6033 loss=3.2914
step=6034 loss=3.9531
step=6035 loss=3.2905
step=6036 loss=3.4403
step=6037 loss=3.3323
step=6038 loss=3.2376
step=6039 loss=3.7739
step=6040 loss=3.4693
step=6041 loss=2.9772
step=6042 loss=3.7051
step=6043 loss=3.6460
step=6044 loss=3.1270
step=6045 loss=3.4146
step=6046 loss=3.4876
step=6047 loss=3.3550
step=6048 loss=3.4616
step=6049 loss=3.7381
step=6050 loss=3.7984
step=6051 loss=3.1671
step=6052 loss=3.6886
step=6053 loss=3.1055
step=6054 loss=3.8847
step=6055 loss=3.2937
step=6056 loss=3.6548
step=6057 loss=3.3055
step=6058 loss=3.4004
step=6059 loss=3.4368
step=6060 loss=3.3825
step=6061 loss=3.0766
step=6062 loss=3.7048
step=6063 loss=3.6009
step=6064 loss=3.7630
step=6065 loss=3.2042
step=6066 loss=3.1708
step=6067 loss=3.1507
step=6068 loss=3.2040
step=6069 loss=3.0856
step=6070 loss=3.7860
step=6071 loss=3.2923
step=6072 loss=4.0499
step=6073 loss=3.4685
step=6074 loss=3.1586
step=6075 loss=3.5466
step=6076 loss=3.4761
step=6077 loss=3.8864
step=6078 loss=3.3303
step=6079 loss=4.1465
step=6080 loss=3.2925
step=6081 loss=3.3492
step=6082 loss=4.4196
step=6083 loss=2.5672
step=6084 loss=3.6077
step=6085 loss=3.5291
step=6086 loss=4.0220
step=6087 loss=3.3891
step=6088 loss=3.3029
step=6089 loss=3.0126
step=6090 loss=3.7652
step=6091 loss=2.8216
step=6092 loss=3.7674
step=6093 loss=4.3370
step=6094 loss=3.9993
step=6095 loss=3.3923
step=6096 loss=4.3295
step=6097 loss=3.7136
step=6098 loss=3.2303
step=6099 loss=3.3589
step=6100 loss=3.3625
step=6101 loss=3.6742
step=6102 loss=3.5123
step=6103 loss=4.1843
step=6104 loss=3.6261
step=6105 loss=2.9237
step=6106 loss=4.4962
step=6107 loss=3.7431
step=6108 loss=3.7498
step=6109 loss=3.2984
step=6110 loss=3.8596
step=6111 loss=5.5843
step=6112 loss=3.3792
step=6113 loss=3.5363
step=6114 loss=3.6022
step=6115 loss=3.1787
step=6116 loss=3.5529
step=6117 loss=3.5515
step=6118 loss=3.6054
step=6119 loss=2.7786
step=6120 loss=3.7131
step=6121 loss=3.6619
step=6122 loss=3.2687
step=6123 loss=3.3643
step=6124 loss=3.1268
step=6125 loss=3.2426
step=6126 loss=3.9704
step=6127 loss=3.3749
step=6128 loss=4.0361
step=6129 loss=3.4627
step=6130 loss=3.3108
step=6131 loss=3.0928
step=6132 loss=4.1309
step=6133 loss=3.7122
step=6134 loss=3.4285
step=6135 loss=3.0781
step=6136 loss=4.0508
step=6137 loss=3.1812
step=6138 loss=2.9715
step=6139 loss=3.5907
step=6140 loss=3.1988
step=6141 loss=3.9386
step=6142 loss=2.9771
step=6143 loss=3.4467
step=6144 loss=3.9935
step=6145 loss=3.3489
step=6146 loss=3.4054
step=6147 loss=4.1968
step=6148 loss=4.0693
step=6149 loss=3.2180
step=6150 loss=3.0210
step=6151 loss=2.9912
step=6152 loss=3.4865
step=6153 loss=3.1386
step=6154 loss=3.1140
step=6155 loss=3.1955
step=6156 loss=3.1944
step=6157 loss=3.3889
step=6158 loss=3.5240
step=6159 loss=3.4551
step=6160 loss=3.2873
step=6161 loss=3.3250
step=6162 loss=4.4258
step=6163 loss=3.3537
step=6164 loss=3.9188
step=6165 loss=3.6193
step=6166 loss=3.4999
step=6167 loss=2.8350
step=6168 loss=4.8049
step=6169 loss=3.9363
step=6170 loss=4.7192
step=6171 loss=3.8475
step=6172 loss=3.7295
step=6173 loss=3.4578
step=6174 loss=3.0753
step=6175 loss=3.7015
step=6176 loss=3.7134
step=6177 loss=3.5000
step=6178 loss=3.1891
step=6179 loss=4.9302
step=6180 loss=3.5899
step=6181 loss=3.4236
step=6182 loss=4.0562
step=6183 loss=3.8906
step=6184 loss=4.9718
step=6185 loss=5.5155
step=6186 loss=3.2295
step=6187 loss=3.8055
step=6188 loss=4.4937
step=6189 loss=3.2593
step=6190 loss=4.0833
step=6191 loss=3.6619
step=6192 loss=3.5842
step=6193 loss=4.1080
step=6194 loss=3.8564
step=6195 loss=3.3535
step=6196 loss=3.2138
step=6197 loss=3.7764
step=6198 loss=3.0481
step=6199 loss=4.5821
step=6200 loss=5.2572
eval_step=6200 eval_loss=3.6641 eval_ppl=39.02
step=6201 loss=3.1000
step=6202 loss=3.1022
step=6203 loss=3.4761
step=6204 loss=4.1847
step=6205 loss=3.5238
step=6206 loss=3.3831
step=6207 loss=3.1246
step=6208 loss=3.5984
step=6209 loss=3.4562
step=6210 loss=4.1312
step=6211 loss=3.8511
step=6212 loss=3.0194
step=6213 loss=3.4774
step=6214 loss=3.1993
step=6215 loss=4.1471
step=6216 loss=4.1393
step=6217 loss=4.7677
step=6218 loss=3.7589
step=6219 loss=3.4758
step=6220 loss=4.4997
step=6221 loss=3.6312
step=6222 loss=3.3975
step=6223 loss=3.5029
step=6224 loss=4.3807
step=6225 loss=3.4300
step=6226 loss=3.8938
step=6227 loss=3.5133
step=6228 loss=3.9131
step=6229 loss=2.8468
step=6230 loss=3.1075
step=6231 loss=2.9564
step=6232 loss=4.0196
step=6233 loss=3.9310
step=6234 loss=3.4534
step=6235 loss=5.0991
step=6236 loss=3.6423
step=6237 loss=3.6756
step=6238 loss=3.1159
step=6239 loss=3.1305
step=6240 loss=3.1565
step=6241 loss=3.3583
step=6242 loss=3.4103
step=6243 loss=3.2630
step=6244 loss=3.8329
step=6245 loss=3.2285
step=6246 loss=4.5283
step=6247 loss=3.9920
step=6248 loss=3.2887
step=6249 loss=3.3111
step=6250 loss=3.6137
step=6251 loss=3.2586
step=6252 loss=3.2068
step=6253 loss=3.3445
step=6254 loss=3.4691
step=6255 loss=3.6243
step=6256 loss=3.9283
step=6257 loss=4.7583
step=6258 loss=3.2998
step=6259 loss=3.9924
step=6260 loss=3.1233
step=6261 loss=3.5027
step=6262 loss=2.8747
step=6263 loss=3.1346
step=6264 loss=3.4834
step=6265 loss=3.6861
step=6266 loss=4.5746
step=6267 loss=3.6315
step=6268 loss=3.7205
step=6269 loss=2.8985
step=6270 loss=3.8590
step=6271 loss=3.5807
step=6272 loss=3.1699
step=6273 loss=3.2470
step=6274 loss=3.1744
step=6275 loss=3.2996
step=6276 loss=4.5325
step=6277 loss=3.3995
step=6278 loss=3.2603
step=6279 loss=3.7686
step=6280 loss=3.3864
step=6281 loss=4.0409
step=6282 loss=3.4865
step=6283 loss=4.1117
step=6284 loss=3.1679
step=6285 loss=3.4307
step=6286 loss=3.4000
step=6287 loss=3.1235
step=6288 loss=2.9788
step=6289 loss=2.9564
step=6290 loss=2.8621
step=6291 loss=4.1703
step=6292 loss=3.6381
step=6293 loss=4.1261
step=6294 loss=3.9589
step=6295 loss=3.8800
step=6296 loss=3.2982
step=6297 loss=3.7406
step=6298 loss=3.4540
step=6299 loss=3.6633
step=6300 loss=3.5256
step=6301 loss=2.9352
step=6302 loss=3.2950
step=6303 loss=3.4254
step=6304 loss=4.1141
step=6305 loss=3.0627
step=6306 loss=3.0366
step=6307 loss=3.4644
step=6308 loss=3.8697
step=6309 loss=3.3494
step=6310 loss=3.1722
step=6311 loss=3.2919
step=6312 loss=3.4363
step=6313 loss=3.1173
step=6314 loss=4.6553
step=6315 loss=4.0196
step=6316 loss=3.3519
step=6317 loss=3.1015
step=6318 loss=3.4091
step=6319 loss=3.2222
step=6320 loss=2.3993
step=6321 loss=3.1306
step=6322 loss=3.0887
step=6323 loss=3.8382
step=6324 loss=3.2182
step=6325 loss=3.5435
step=6326 loss=3.6635
step=6327 loss=3.2438
step=6328 loss=4.0983
step=6329 loss=3.0217
step=6330 loss=2.8130
step=6331 loss=3.9143
step=6332 loss=2.7627
step=6333 loss=4.1984
step=6334 loss=3.4316
step=6335 loss=4.0241
step=6336 loss=3.6463
step=6337 loss=2.9276
step=6338 loss=2.7788
step=6339 loss=2.8785
step=6340 loss=3.0828
step=6341 loss=3.1271
step=6342 loss=3.2202
step=6343 loss=3.2007
step=6344 loss=3.4041
step=6345 loss=3.1416
step=6346 loss=3.1858
step=6347 loss=3.2553
step=6348 loss=3.2085
step=6349 loss=3.4310
step=6350 loss=3.1658
step=6351 loss=3.1348
step=6352 loss=3.7881
step=6353 loss=3.0643
step=6354 loss=2.8744
step=6355 loss=3.6227
step=6356 loss=3.2958
step=6357 loss=3.3543
step=6358 loss=3.6298
step=6359 loss=3.2611
step=6360 loss=3.1642
step=6361 loss=3.3105
step=6362 loss=3.2039
step=6363 loss=3.4457
step=6364 loss=2.8777
step=6365 loss=3.0459
step=6366 loss=2.8900
step=6367 loss=3.1952
step=6368 loss=3.9552
step=6369 loss=3.1423
step=6370 loss=3.0650
step=6371 loss=3.5988
step=6372 loss=3.0826
step=6373 loss=3.3785
step=6374 loss=3.8362
step=6375 loss=3.2720
step=6376 loss=3.4918
step=6377 loss=3.4414
step=6378 loss=3.2822
step=6379 loss=3.4861
step=6380 loss=3.4544
step=6381 loss=3.3271
step=6382 loss=3.2964
step=6383 loss=2.7805
step=6384 loss=3.1327
step=6385 loss=2.9937
step=6386 loss=4.1392
step=6387 loss=3.3851
step=6388 loss=3.7766
step=6389 loss=2.9859
step=6390 loss=3.1415
step=6391 loss=3.1717
step=6392 loss=2.7589
step=6393 loss=3.3699
step=6394 loss=3.0560
step=6395 loss=4.0515
step=6396 loss=2.7334
step=6397 loss=3.5069
step=6398 loss=2.9744
step=6399 loss=3.1174
step=6400 loss=3.9673
eval_step=6400 eval_loss=3.5045 eval_ppl=33.27
step=6401 loss=3.0134
step=6402 loss=4.4730
step=6403 loss=3.0776
step=6404 loss=3.4982
step=6405 loss=3.3580
step=6406 loss=3.3500
step=6407 loss=2.9230
step=6408 loss=2.9145
step=6409 loss=3.3373
step=6410 loss=2.9367
step=6411 loss=3.4959
step=6412 loss=3.1639
step=6413 loss=3.0324
step=6414 loss=4.1868
step=6415 loss=3.5199
step=6416 loss=4.0782
step=6417 loss=3.4762
step=6418 loss=3.2440
step=6419 loss=3.1099
step=6420 loss=2.7735
step=6421 loss=3.5023
step=6422 loss=3.2664
step=6423 loss=2.8427
step=6424 loss=3.2204
step=6425 loss=3.6745
step=6426 loss=2.9445
step=6427 loss=3.1004
step=6428 loss=3.7719
step=6429 loss=2.9898
step=6430 loss=3.7199
step=6431 loss=3.5760
step=6432 loss=3.3857
step=6433 loss=3.8170
step=6434 loss=3.8174
step=6435 loss=3.3387
step=6436 loss=2.8606
step=6437 loss=4.2847
step=6438 loss=2.9532
step=6439 loss=3.6408
step=6440 loss=3.6060
step=6441 loss=3.1553
step=6442 loss=4.1419
step=6443 loss=3.2793
step=6444 loss=3.4210
step=6445 loss=3.3704
step=6446 loss=3.1403
step=6447 loss=3.7830
step=6448 loss=3.6758
step=6449 loss=3.4109
step=6450 loss=3.2242
step=6451 loss=3.2572
step=6452 loss=3.4857
step=6453 loss=4.2276
step=6454 loss=3.3763
step=6455 loss=5.1264
step=6456 loss=3.4045
step=6457 loss=2.9704
step=6458 loss=3.5286
step=6459 loss=3.4791
step=6460 loss=3.1607
step=6461 loss=3.6909
step=6462 loss=2.9869
step=6463 loss=3.0214
step=6464 loss=3.5197
step=6465 loss=3.0828
step=6466 loss=3.3804
step=6467 loss=3.0837
step=6468 loss=3.0146
step=6469 loss=3.3703
step=6470 loss=3.2036
step=6471 loss=3.4975
step=6472 loss=3.3807
step=6473 loss=3.6945
step=6474 loss=2.7247
step=6475 loss=3.2989
step=6476 loss=4.0690
step=6477 loss=3.1774
step=6478 loss=3.1733
step=6479 loss=4.1114
step=6480 loss=2.9077
step=6481 loss=3.6453
step=6482 loss=3.4224
step=6483 loss=3.4688
step=6484 loss=3.1626
step=6485 loss=3.6041
step=6486 loss=3.6518
step=6487 loss=3.4610
step=6488 loss=3.3991
step=6489 loss=3.0628
step=6490 loss=3.3158
step=6491 loss=2.8654
step=6492 loss=3.1209
step=6493 loss=3.8723
step=6494 loss=3.0207
step=6495 loss=3.0220
step=6496 loss=3.0192
step=6497 loss=2.8765
step=6498 loss=4.1039
step=6499 loss=3.6631
step=6500 loss=3.1386
step=6501 loss=4.0201
step=6502 loss=3.4973
step=6503 loss=3.0695
step=6504 loss=3.0591
step=6505 loss=2.9087
step=6506 loss=3.8431
step=6507 loss=3.5260
step=6508 loss=2.7861
step=6509 loss=2.7961
step=6510 loss=3.4181
step=6511 loss=3.1580
step=6512 loss=3.4735
step=6513 loss=3.2633
step=6514 loss=4.1825
step=6515 loss=2.6703
step=6516 loss=3.5917
step=6517 loss=2.7794
step=6518 loss=3.7011
step=6519 loss=3.6345
step=6520 loss=3.3460
step=6521 loss=3.5145
step=6522 loss=3.2945
step=6523 loss=3.1232
step=6524 loss=3.2442
step=6525 loss=2.9335
step=6526 loss=3.7004
step=6527 loss=2.9457
step=6528 loss=2.9773
step=6529 loss=2.8646
step=6530 loss=3.0589
step=6531 loss=3.0429
step=6532 loss=3.8131
step=6533 loss=2.7299
step=6534 loss=2.9625
step=6535 loss=3.3668
step=6536 loss=3.0835
step=6537 loss=3.9806
step=6538 loss=3.4200
step=6539 loss=3.1045
step=6540 loss=3.2565
step=6541 loss=3.3713
step=6542 loss=3.0088
step=6543 loss=3.6558
step=6544 loss=2.9393
step=6545 loss=2.8217
step=6546 loss=3.1848
step=6547 loss=3.2018
step=6548 loss=3.9561
step=6549 loss=3.0890
step=6550 loss=2.8440
step=6551 loss=3.1042
step=6552 loss=3.1655
step=6553 loss=2.9718
step=6554 loss=3.4074
step=6555 loss=3.5643
step=6556 loss=3.0654
step=6557 loss=4.9524
step=6558 loss=3.5629
step=6559 loss=3.2570
step=6560 loss=2.8930
step=6561 loss=3.2628
step=6562 loss=3.2185
step=6563 loss=3.0254
step=6564 loss=3.2055
step=6565 loss=3.1753
step=6566 loss=3.5180
step=6567 loss=3.0300
step=6568 loss=3.0175
step=6569 loss=3.4401
step=6570 loss=3.0021
step=6571 loss=3.4427
step=6572 loss=3.0695
step=6573 loss=3.7198
step=6574 loss=3.0490
step=6575 loss=3.1556
step=6576 loss=3.1217
step=6577 loss=3.2002
step=6578 loss=3.4512
step=6579 loss=2.5717
step=6580 loss=3.9186
step=6581 loss=3.5884
step=6582 loss=3.1944
step=6583 loss=2.7762
step=6584 loss=3.1424
step=6585 loss=3.9105
step=6586 loss=3.7492
step=6587 loss=2.8865
step=6588 loss=2.9619
step=6589 loss=3.3532
step=6590 loss=3.4507
step=6591 loss=2.6015
step=6592 loss=3.0089
step=6593 loss=3.3958
step=6594 loss=3.2282
step=6595 loss=2.9244
step=6596 loss=3.4664
step=6597 loss=3.2183
step=6598 loss=3.5643
step=6599 loss=3.2453
step=6600 loss=2.7574
eval_step=6600 eval_loss=3.3158 eval_ppl=27.54
step=6601 loss=2.9196
step=6602 loss=3.0502
step=6603 loss=3.4180
step=6604 loss=2.7946
step=6605 loss=2.8874
step=6606 loss=2.8858
step=6607 loss=3.3915
step=6608 loss=3.0748
step=6609 loss=2.8362
step=6610 loss=2.9271
step=6611 loss=2.7089
step=6612 loss=3.2047
step=6613 loss=2.9068
step=6614 loss=2.6910
step=6615 loss=3.9328
step=6616 loss=3.0271
step=6617 loss=2.8957
step=6618 loss=3.4822
step=6619 loss=2.3041
step=6620 loss=2.9944
step=6621 loss=2.8195
step=6622 loss=2.6420
step=6623 loss=2.7776
step=6624 loss=3.0339
step=6625 loss=2.9141
step=6626 loss=4.4839
step=6627 loss=4.4079
step=6628 loss=4.1048
step=6629 loss=3.2987
step=6630 loss=2.9975
step=6631 loss=3.9837
step=6632 loss=2.9701
step=6633 loss=3.1517
step=6634 loss=2.8715
step=6635 loss=3.0231
step=6636 loss=2.9333
step=6637 loss=3.0118
step=6638 loss=3.7801
step=6639 loss=3.0811
step=6640 loss=2.9172
step=6641 loss=4.3772
step=6642 loss=2.9151
step=6643 loss=3.3139
step=6644 loss=3.3273
step=6645 loss=2.9759
step=6646 loss=3.7941
step=6647 loss=4.7110
step=6648 loss=2.9884
step=6649 loss=3.2771
step=6650 loss=3.8085
step=6651 loss=3.2593
step=6652 loss=3.1162
step=6653 loss=3.9451
step=6654 loss=2.7002
step=6655 loss=2.9879
step=6656 loss=2.7940
step=6657 loss=3.0651
step=6658 loss=3.3704
step=6659 loss=2.8116
step=6660 loss=3.0239
step=6661 loss=2.8656
step=6662 loss=3.3872
step=6663 loss=3.4625
step=6664 loss=3.2360
step=6665 loss=3.3487
step=6666 loss=3.3812
step=6667 loss=2.8851
step=6668 loss=3.2230
step=6669 loss=3.2001
step=6670 loss=2.9898
step=6671 loss=3.4595
step=6672 loss=2.9825
step=6673 loss=3.1712
step=6674 loss=3.0055
step=6675 loss=2.9142
step=6676 loss=2.7662
step=6677 loss=3.1262
step=6678 loss=3.6540
step=6679 loss=3.0259
step=6680 loss=3.1218
step=6681 loss=3.2022
step=6682 loss=3.1557
step=6683 loss=3.3465
step=6684 loss=3.0488
step=6685 loss=3.4817
step=6686 loss=3.2933
step=6687 loss=3.6053
step=6688 loss=3.1496
step=6689 loss=3.5118
step=6690 loss=2.9402
step=6691 loss=2.8949
step=6692 loss=3.0873
step=6693 loss=2.9839
step=6694 loss=3.4588
step=6695 loss=2.5426
step=6696 loss=3.0397
step=6697 loss=3.3478
step=6698 loss=2.8317
step=6699 loss=3.5505
step=6700 loss=3.1775
step=6701 loss=2.7034
step=6702 loss=2.8463
step=6703 loss=2.9288
step=6704 loss=2.8462
step=6705 loss=3.4512
step=6706 loss=3.4334
step=6707 loss=2.7668
step=6708 loss=3.5709
step=6709 loss=4.0234
step=6710 loss=3.0694
step=6711 loss=3.4781
step=6712 loss=3.2043
step=6713 loss=3.3911
step=6714 loss=4.4740
step=6715 loss=3.1058
step=6716 loss=3.1881
step=6717 loss=2.9597
step=6718 loss=2.8491
step=6719 loss=3.4111
step=6720 loss=2.4876
step=6721 loss=3.5471
step=6722 loss=2.9213
step=6723 loss=4.0105
step=6724 loss=3.5107
step=6725 loss=2.8812
step=6726 loss=2.8369
step=6727 loss=3.3901
step=6728 loss=2.9020
step=6729 loss=2.9351
step=6730 loss=2.6813
step=6731 loss=3.6249
step=6732 loss=3.2790
step=6733 loss=3.4525
step=6734 loss=3.0227
step=6735 loss=4.2574
step=6736 loss=2.8155
step=6737 loss=2.9896
step=6738 loss=2.6975
step=6739 loss=2.5492
step=6740 loss=2.3932
step=6741 loss=2.9827
step=6742 loss=3.2491
step=6743 loss=3.0723
step=6744 loss=2.7884
step=6745 loss=2.6228
step=6746 loss=3.0179
step=6747 loss=2.2676
step=6748 loss=3.0771
step=6749 loss=2.9888
step=6750 loss=2.9787
step=6751 loss=3.3290
step=6752 loss=4.0815
step=6753 loss=3.2565
step=6754 loss=2.5521
step=6755 loss=3.2530
step=6756 loss=3.0428
step=6757 loss=3.4869
step=6758 loss=2.7414
step=6759 loss=2.8622
step=6760 loss=2.9237
step=6761 loss=3.1611
step=6762 loss=3.4602
step=6763 loss=2.9462
step=6764 loss=2.8624
step=6765 loss=2.6096
step=6766 loss=3.1565
step=6767 loss=3.1794
step=6768 loss=2.9388
step=6769 loss=2.4353
step=6770 loss=2.9733
step=6771 loss=3.3881
step=6772 loss=3.1744
step=6773 loss=4.1299
step=6774 loss=3.6011
step=6775 loss=3.0499
step=6776 loss=3.0363
step=6777 loss=2.9266
step=6778 loss=2.9782
step=6779 loss=3.1548
step=6780 loss=2.8392
step=6781 loss=3.1018
step=6782 loss=3.4896
step=6783 loss=2.8592
step=6784 loss=2.9614
step=6785 loss=2.5868
step=6786 loss=2.5878
step=6787 loss=3.1691
step=6788 loss=3.3621
step=6789 loss=3.7204
step=6790 loss=3.3999
step=6791 loss=2.7009
step=6792 loss=2.7824
step=6793 loss=2.4659
step=6794 loss=3.1654
step=6795 loss=2.6703
step=6796 loss=3.0761
step=6797 loss=2.6362
step=6798 loss=3.8968
step=6799 loss=2.9766
step=6800 loss=2.4799
eval_step=6800 eval_loss=3.1607 eval_ppl=23.59
step=6801 loss=2.4276
step=6802 loss=3.7734
step=6803 loss=2.9619
step=6804 loss=2.9328
step=6805 loss=2.4530
step=6806 loss=3.1648
step=6807 loss=2.6695
step=6808 loss=2.9612
step=6809 loss=3.0088
step=6810 loss=2.9012
step=6811 loss=2.6658
step=6812 loss=3.5962
step=6813 loss=2.5101
step=6814 loss=2.9199
step=6815 loss=3.1128
step=6816 loss=2.6228
step=6817 loss=3.0307
step=6818 loss=2.5742
step=6819 loss=2.7543
step=6820 loss=2.6732
step=6821 loss=2.4503
step=6822 loss=3.8907
step=6823 loss=2.6130
step=6824 loss=4.1782
step=6825 loss=2.6426
step=6826 loss=3.1519
step=6827 loss=3.3679
step=6828 loss=3.0391
step=6829 loss=4.0126
step=6830 loss=3.2211
step=6831 loss=3.3046
step=6832 loss=2.9231
step=6833 loss=3.0291
step=6834 loss=3.1646
step=6835 loss=2.8716
step=6836 loss=2.6794
step=6837 loss=2.9907
step=6838 loss=3.2716
step=6839 loss=3.2451
step=6840 loss=3.2941
step=6841 loss=2.8655
step=6842 loss=3.0287
step=6843 loss=2.8811
step=6844 loss=2.9487
step=6845 loss=2.5908
step=6846 loss=2.6386
step=6847 loss=3.1818
step=6848 loss=2.4383
step=6849 loss=3.1629
step=6850 loss=2.7901
step=6851 loss=3.3506
step=6852 loss=3.3636
step=6853 loss=3.6125
step=6854 loss=2.6343
step=6855 loss=3.5992
step=6856 loss=2.6535
step=6857 loss=3.4141
step=6858 loss=2.9615
step=6859 loss=3.1101
step=6860 loss=3.4484
step=6861 loss=3.2295
step=6862 loss=2.9074
step=6863 loss=3.1867
step=6864 loss=3.0931
step=6865 loss=2.5355
step=6866 loss=3.3259
step=6867 loss=2.9915
step=6868 loss=3.0863
step=6869 loss=3.0323
step=6870 loss=3.5441
step=6871 loss=3.3230
step=6872 loss=3.1289
step=6873 loss=3.8244
step=6874 loss=2.8513
step=6875 loss=4.1483
step=6876 loss=3.2310
step=6877 loss=3.0766
step=6878 loss=2.5677
step=6879 loss=2.5035
step=6880 loss=2.3226
step=6881 loss=3.1508
step=6882 loss=3.1133
step=6883 loss=3.7087
step=6884 loss=2.9116
step=6885 loss=2.9637
step=6886 loss=2.2818
step=6887 loss=3.2108
step=6888 loss=3.2040
step=6889 loss=3.5805
step=6890 loss=2.3836
step=6891 loss=2.7700
step=6892 loss=3.2398
step=6893 loss=3.0555
step=6894 loss=2.9016
step=6895 loss=2.9873
step=6896 loss=3.1959
step=6897 loss=3.6374
step=6898 loss=2.6210
step=6899 loss=2.6293
step=6900 loss=3.4010
step=6901 loss=2.9270
step=6902 loss=2.6837
step=6903 loss=3.6454
step=6904 loss=3.1868
step=6905 loss=3.2015
step=6906 loss=3.0595
step=6907 loss=3.1735
step=6908 loss=3.1993
step=6909 loss=3.0332
step=6910 loss=2.7595
step=6911 loss=2.6174
step=6912 loss=3.1150
step=6913 loss=2.8766
step=6914 loss=3.0679
step=6915 loss=2.5337
step=6916 loss=2.5868
step=6917 loss=2.7103
step=6918 loss=2.6933
step=6919 loss=3.1481
step=6920 loss=3.2092
step=6921 loss=3.7054
step=6922 loss=2.5548
step=6923 loss=3.3110
step=6924 loss=2.5751
step=6925 loss=2.6078
step=6926 loss=2.9879
step=6927 loss=3.1002
step=6928 loss=2.9044
step=6929 loss=2.8813
step=6930 loss=3.3051
step=6931 loss=2.9861
step=6932 loss=2.9380
step=6933 loss=2.7530
step=6934 loss=2.9770
step=6935 loss=2.0807
step=6936 loss=2.8216
step=6937 loss=3.2680
step=6938 loss=2.9649
step=6939 loss=3.0451
step=6940 loss=3.4505
step=6941 loss=2.8209
step=6942 loss=2.8126
step=6943 loss=2.3147
step=6944 loss=2.5115
step=6945 loss=3.1146
step=6946 loss=2.9330
step=6947 loss=2.6940
step=6948 loss=2.5050
step=6949 loss=3.1180
step=6950 loss=2.7908
step=6951 loss=2.4236
step=6952 loss=3.0277
step=6953 loss=3.0130
step=6954 loss=2.7744
step=6955 loss=3.0842
step=6956 loss=2.8375
step=6957 loss=2.6202
step=6958 loss=2.7365
step=6959 loss=3.0251
step=6960 loss=2.7154
step=6961 loss=2.9412
step=6962 loss=2.6869
step=6963 loss=2.5720
step=6964 loss=2.8166
step=6965 loss=3.1992
step=6966 loss=2.7686
step=6967 loss=2.7895
step=6968 loss=3.1233
step=6969 loss=2.5920
step=6970 loss=2.3872
step=6971 loss=3.0102
step=6972 loss=3.0230
step=6973 loss=2.4344
step=6974 loss=2.9444
step=6975 loss=2.7226
step=6976 loss=2.8756
step=6977 loss=2.4247
step=6978 loss=3.4713
step=6979 loss=3.0383
step=6980 loss=2.9095
step=6981 loss=2.9308
step=6982 loss=2.9857
step=6983 loss=2.7375
step=6984 loss=2.2088
step=6985 loss=3.1809
step=6986 loss=2.9007
step=6987 loss=2.7689
step=6988 loss=2.7172
step=6989 loss=4.0685
step=6990 loss=3.1426
step=6991 loss=3.1403
step=6992 loss=2.7941
step=6993 loss=2.4975
step=6994 loss=2.7361
step=6995 loss=3.0037
step=6996 loss=2.9345
step=6997 loss=2.7968
step=6998 loss=2.4955
step=6999 loss=2.5716
step=7000 loss=2.3473
eval_step=7000 eval_loss=3.0015 eval_ppl=20.12
step=7001 loss=2.8308
step=7002 loss=2.9442
step=7003 loss=2.4893
step=7004 loss=3.1372
step=7005 loss=2.5814
step=7006 loss=3.1873
step=7007 loss=2.6100
step=7008 loss=3.9294
step=7009 loss=3.0216
step=7010 loss=2.4923
step=7011 loss=2.4871
step=7012 loss=3.2124
step=7013 loss=2.8519
step=7014 loss=2.9090
step=7015 loss=2.6671
step=7016 loss=2.5188
step=7017 loss=2.6034
step=7018 loss=2.7584
step=7019 loss=2.4631
step=7020 loss=2.9604
step=7021 loss=3.2891
step=7022 loss=2.8203
step=7023 loss=3.8652
step=7024 loss=3.8955
step=7025 loss=3.1165
step=7026 loss=2.5844
step=7027 loss=2.8228
step=7028 loss=2.7417
step=7029 loss=2.6862
step=7030 loss=2.3018
step=7031 loss=2.7055
step=7032 loss=2.9365
step=7033 loss=2.4795
step=7034 loss=2.9691
step=7035 loss=2.6926
step=7036 loss=3.8908
step=7037 loss=2.8669
step=7038 loss=3.1330
step=7039 loss=2.8303
step=7040 loss=3.7095
step=7041 loss=3.4695
step=7042 loss=3.1370
step=7043 loss=2.8662
step=7044 loss=2.7546
step=7045 loss=2.9843
step=7046 loss=2.5370
step=7047 loss=2.9607
step=7048 loss=2.9811
step=7049 loss=2.6830
step=7050 loss=2.3347
step=7051 loss=3.6589
step=7052 loss=2.4015
step=7053 loss=2.8482
step=7054 loss=3.2690
step=7055 loss=2.5595
step=7056 loss=2.4453
step=7057 loss=3.2297
step=7058 loss=2.7956
step=7059 loss=2.7092
step=7060 loss=2.9656
step=7061 loss=2.8228
step=7062 loss=3.6379
step=7063 loss=4.4342
step=7064 loss=3.1547
step=7065 loss=3.2207
step=7066 loss=3.0480
step=7067 loss=3.5480
step=7068 loss=2.5531
step=7069 loss=2.5601
step=7070 loss=2.9262
step=7071 loss=2.9860
step=7072 loss=3.6037
step=7073 loss=3.2155
step=7074 loss=3.4825
step=7075 loss=2.8307
step=7076 loss=2.7629
step=7077 loss=3.4434
step=7078 loss=2.7537
step=7079 loss=2.6651
step=7080 loss=3.5743
step=7081 loss=3.2995
step=7082 loss=3.1406
step=7083 loss=2.4896
step=7084 loss=2.7729
step=7085 loss=3.4180
step=7086 loss=2.6271
step=7087 loss=2.6824
step=7088 loss=3.2120
step=7089 loss=2.9482
step=7090 loss=2.9587
step=7091 loss=2.8481
step=7092 loss=2.9540
step=7093 loss=2.8802
step=7094 loss=2.9366
step=7095 loss=3.3546
step=7096 loss=2.9943
step=7097 loss=2.8037
step=7098 loss=3.6313
step=7099 loss=3.0101
step=7100 loss=2.5306
step=7101 loss=3.3610
step=7102 loss=3.6119
step=7103 loss=2.9330
step=7104 loss=2.7246
step=7105 loss=3.2947
step=7106 loss=2.8556
step=7107 loss=2.3681
step=7108 loss=2.3783
step=7109 loss=2.7311
step=7110 loss=2.5293
step=7111 loss=2.8334
step=7112 loss=2.6433
step=7113 loss=3.0132
step=7114 loss=2.9640
step=7115 loss=3.1265
step=7116 loss=2.9445
step=7117 loss=2.7619
step=7118 loss=3.2406
step=7119 loss=2.3828
step=7120 loss=2.7810
step=7121 loss=2.7918
step=7122 loss=2.9191
step=7123 loss=2.6796
step=7124 loss=2.5025
step=7125 loss=2.4662
step=7126 loss=2.8857
step=7127 loss=3.0720
step=7128 loss=2.8869
step=7129 loss=2.8290
step=7130 loss=2.5918
step=7131 loss=3.1833
step=7132 loss=2.7659
step=7133 loss=2.7601
step=7134 loss=3.0750
step=7135 loss=2.8669
step=7136 loss=2.4635
step=7137 loss=3.1244
step=7138 loss=2.9260
step=7139 loss=2.3982
step=7140 loss=2.7254
step=7141 loss=2.5667
step=7142 loss=2.4986
step=7143 loss=2.8153
step=7144 loss=2.3524
step=7145 loss=3.3013
step=7146 loss=4.1831
step=7147 loss=2.7232
step=7148 loss=2.6274
step=7149 loss=2.8533
step=7150 loss=3.2033
step=7151 loss=2.3864
step=7152 loss=2.3596
step=7153 loss=2.4109
step=7154 loss=2.6629
step=7155 loss=2.4829
step=7156 loss=2.6413
step=7157 loss=3.2266
step=7158 loss=2.7965
step=7159 loss=3.0735
step=7160 loss=2.5665
step=7161 loss=3.2646
step=7162 loss=2.6686
step=7163 loss=3.1138
step=7164 loss=2.5767
step=7165 loss=2.6530
step=7166 loss=2.8524
step=7167 loss=2.7474
step=7168 loss=2.6712
step=7169 loss=2.6709
step=7170 loss=2.9641
step=7171 loss=4.7866
step=7172 loss=2.5638
step=7173 loss=2.7918
step=7174 loss=3.0371
step=7175 loss=3.0786
step=7176 loss=3.6379
step=7177 loss=3.2627
step=7178 loss=2.5689
step=7179 loss=3.3709
step=7180 loss=2.7424
step=7181 loss=2.9883
step=7182 loss=2.9001
step=7183 loss=2.2647
step=7184 loss=3.0644
step=7185 loss=3.1324
step=7186 loss=2.8337
step=7187 loss=3.2085
step=7188 loss=3.6300
step=7189 loss=2.7353
step=7190 loss=2.6916
step=7191 loss=2.7712
step=7192 loss=3.5515
step=7193 loss=2.3978
step=7194 loss=2.2804
step=7195 loss=2.6843
step=7196 loss=3.1062
step=7197 loss=3.1095
step=7198 loss=2.7605
step=7199 loss=2.1724
step=7200 loss=2.6538
eval_step=7200 eval_loss=2.8336 eval_ppl=17.01
step=7201 loss=2.9453
step=7202 loss=3.0169
step=7203 loss=2.8071
step=7204 loss=2.8508
step=7205 loss=2.6007
step=7206 loss=2.3245
step=7207 loss=2.8389
step=7208 loss=2.7707
step=7209 loss=2.1848
step=7210 loss=3.2131
step=7211 loss=2.5684
step=7212 loss=3.6935
step=7213 loss=2.8097
step=7214 loss=3.5521
step=7215 loss=3.3874
step=7216 loss=2.4170
step=7217 loss=2.7487
step=7218 loss=3.5713
step=7219 loss=3.0299
step=7220 loss=2.6587
step=7221 loss=3.2480
step=7222 loss=2.7537
step=7223 loss=3.2913
step=7224 loss=2.3953
step=7225 loss=2.6229
step=7226 loss=3.0584
step=7227 loss=3.1749
step=7228 loss=2.9342
step=7229 loss=2.9010
step=7230 loss=2.2892
step=7231 loss=2.7249
step=7232 loss=4.1044
step=7233 loss=2.9113
step=7234 loss=2.8589
step=7235 loss=2.6344
step=7236 loss=2.8623
step=7237 loss=2.4782
step=7238 loss=2.7621
step=7239 loss=2.2114
step=7240 loss=2.6204
step=7241 loss=3.4737
step=7242 loss=2.7548
step=7243 loss=2.6775
step=7244 loss=2.7195
step=7245 loss=2.5096
step=7246 loss=2.6362
step=7247 loss=2.3987
step=7248 loss=2.3159
step=7249 loss=2.4597
step=7250 loss=2.6450
step=7251 loss=2.2713
step=7252 loss=2.6728
step=7253 loss=2.8205
step=7254 loss=3.2918
step=7255 loss=2.5883
step=7256 loss=2.9394
step=7257 loss=2.5691
step=7258 loss=2.9297
step=7259 loss=2.7972
step=7260 loss=2.8195
step=7261 loss=2.8995
step=7262 loss=4.0907
step=7263 loss=3.0754
step=7264 loss=2.2543
step=7265 loss=2.5680
step=7266 loss=3.2505
step=7267 loss=2.8534
step=7268 loss=2.5079
step=7269 loss=3.0464
step=7270 loss=2.3285
step=7271 loss=3.1895
step=7272 loss=2.1420
step=7273 loss=2.5868
step=7274 loss=2.3626
step=7275 loss=2.4378
step=7276 loss=3.0087
step=7277 loss=2.5140
step=7278 loss=2.9807
step=7279 loss=2.4256
step=7280 loss=2.2999
step=7281 loss=2.7796
step=7282 loss=2.7950
step=7283 loss=2.5890
step=7284 loss=2.9017
step=7285 loss=2.6516
step=7286 loss=2.4753
step=7287 loss=2.6634
step=7288 loss=2.8464
step=7289 loss=2.8001
step=7290 loss=2.6290
step=7291 loss=2.6745
step=7292 loss=2.0521
step=7293 loss=3.3936
step=7294 loss=2.2749
step=7295 loss=2.5621
step=7296 loss=2.7756
step=7297 loss=3.4521
step=7298 loss=3.1781
step=7299 loss=3.0683
step=7300 loss=2.3230
step=7301 loss=2.3110
step=7302 loss=2.6464
step=7303 loss=2.6314
step=7304 loss=2.4243
step=7305 loss=3.3932
step=7306 loss=2.6588
step=7307 loss=3.5459
step=7308 loss=2.4366
step=7309 loss=3.4731
step=7310 loss=2.1910
step=7311 loss=2.1523
step=7312 loss=2.2279
step=7313 loss=2.9366
step=7314 loss=2.5103
step=7315 loss=2.3111
step=7316 loss=3.8048
step=7317 loss=2.7626
step=7318 loss=3.1806
step=7319 loss=2.9379
step=7320 loss=2.5208
step=7321 loss=2.5820
step=7322 loss=2.7827
step=7323 loss=2.4953
step=7324 loss=2.2008
step=7325 loss=2.8204
step=7326 loss=3.2779
step=7327 loss=2.6099
step=7328 loss=2.7989
step=7329 loss=2.8640
step=7330 loss=2.6522
step=7331 loss=2.6692
step=7332 loss=2.5026
step=7333 loss=2.3132
step=7334 loss=2.3793
step=7335 loss=2.9749
step=7336 loss=2.8567
step=7337 loss=2.9882
step=7338 loss=2.6532
step=7339 loss=2.6803
step=7340 loss=2.8770
step=7341 loss=3.2594
step=7342 loss=2.5573
step=7343 loss=2.7647
step=7344 loss=2.7396
step=7345 loss=2.6619
step=7346 loss=2.7768
step=7347 loss=2.6561
step=7348 loss=3.3608
step=7349 loss=2.5225
step=7350 loss=2.9692
step=7351 loss=3.2566
step=7352 loss=2.6316
step=7353 loss=2.8649
step=7354 loss=2.3149
step=7355 loss=2.8474
step=7356 loss=2.7533
step=7357 loss=2.6771
step=7358 loss=2.5512
step=7359 loss=2.8933
step=7360 loss=3.5757
step=7361 loss=2.5635
step=7362 loss=2.5310
step=7363 loss=3.0458
step=7364 loss=2.6652
step=7365 loss=2.6350
step=7366 loss=2.9509
step=7367 loss=3.3235
step=7368 loss=3.6023
step=7369 loss=2.7231
step=7370 loss=2.4181
step=7371 loss=2.9764
step=7372 loss=2.5853
step=7373 loss=2.5336
step=7374 loss=3.4102
step=7375 loss=2.6403
step=7376 loss=3.5155
step=7377 loss=3.2043
step=7378 loss=2.9246
step=7379 loss=2.1569
step=7380 loss=2.8629
step=7381 loss=2.4115
step=7382 loss=3.0662
step=7383 loss=2.5055
step=7384 loss=2.8028
step=7385 loss=3.2061
step=7386 loss=2.4485
step=7387 loss=2.3839
step=7388 loss=2.8802
step=7389 loss=2.0096
step=7390 loss=2.6099
step=7391 loss=1.9703
step=7392 loss=2.9208
step=7393 loss=3.6845
step=7394 loss=2.2783
step=7395 loss=2.8144
step=7396 loss=2.5883
step=7397 loss=2.6489
step=7398 loss=2.2614
step=7399 loss=2.7103
step=7400 loss=2.3161
eval_step=7400 eval_loss=2.6768 eval_ppl=14.54
step=7401 loss=2.3925
step=7402 loss=2.9271
step=7403 loss=2.0849
step=7404 loss=2.5710
step=7405 loss=2.5113
step=7406 loss=2.6941
step=7407 loss=2.4482
step=7408 loss=1.8395
step=7409 loss=2.9038
step=7410 loss=2.3480
step=7411 loss=2.3794
step=7412 loss=2.9995
step=7413 loss=2.1723
step=7414 loss=2.8227
step=7415 loss=2.7365
step=7416 loss=2.7475
step=7417 loss=2.5449
step=7418 loss=2.7064
step=7419 loss=2.5543
step=7420 loss=2.3271
step=7421 loss=2.3635
step=7422 loss=2.1784
step=7423 loss=2.8306
step=7424 loss=3.4334
step=7425 loss=2.7759
step=7426 loss=2.5628
step=7427 loss=2.9535
step=7428 loss=2.7044
step=7429 loss=2.2548
step=7430 loss=2.3231
step=7431 loss=2.9290
step=7432 loss=2.7070
step=7433 loss=2.1311
step=7434 loss=2.7063
step=7435 loss=2.3659
step=7436 loss=2.7951
step=7437 loss=2.6886
step=7438 loss=2.5586
step=7439 loss=2.4883
step=7440 loss=2.9919
step=7441 loss=2.5509
step=7442 loss=2.6190
step=7443 loss=2.2606
step=7444 loss=2.0350
step=7445 loss=1.8808
step=7446 loss=2.4259
step=7447 loss=1.8634
step=7448 loss=2.5723
step=7449 loss=2.4839
step=7450 loss=2.6849
step=7451 loss=2.2173
step=7452 loss=2.6905
step=7453 loss=2.9641
step=7454 loss=2.7000
step=7455 loss=2.4918
step=7456 loss=3.5415
step=7457 loss=2.0938
step=7458 loss=3.2499
step=7459 loss=3.0838
step=7460 loss=2.5060
step=7461 loss=2.0413
step=7462 loss=3.2201
step=7463 loss=2.1315
step=7464 loss=2.1989
step=7465 loss=2.8687
step=7466 loss=2.6003
step=7467 loss=2.7691
step=7468 loss=2.4273
step=7469 loss=2.3724
step=7470 loss=3.7112
step=7471 loss=2.7468
step=7472 loss=2.0465
step=7473 loss=2.3251
step=7474 loss=2.8091
step=7475 loss=2.1732
step=7476 loss=2.5929
step=7477 loss=2.4538
step=7478 loss=2.5093
step=7479 loss=2.5567
step=7480 loss=2.8334
step=7481 loss=2.8238
step=7482 loss=2.7163
step=7483 loss=1.7192
step=7484 loss=2.5273
step=7485 loss=1.9139
step=7486 loss=3.1832
step=7487 loss=2.5901
step=7488 loss=2.8544
step=7489 loss=3.0333
step=7490 loss=3.3320
step=7491 loss=2.3627
step=7492 loss=2.9252
step=7493 loss=2.5718
step=7494 loss=2.3530
step=7495 loss=3.3502
step=7496 loss=3.0335
step=7497 loss=2.3016
step=7498 loss=2.9622
step=7499 loss=2.8494
step=7500 loss=1.9250
step=7501 loss=5.0255
step=7502 loss=2.6917
step=7503 loss=2.3987
step=7504 loss=2.4247
step=7505 loss=2.2106
step=7506 loss=2.3162
step=7507 loss=2.9875
step=7508 loss=3.0167
step=7509 loss=2.0778
step=7510 loss=2.9191
step=7511 loss=2.7384
step=7512 loss=2.5488
step=7513 loss=2.9177
step=7514 loss=2.7400
step=7515 loss=2.8081
step=7516 loss=2.7996
step=7517 loss=2.0805
step=7518 loss=3.4073
step=7519 loss=2.4826
step=7520 loss=2.4402
step=7521 loss=2.8428
step=7522 loss=2.2423
step=7523 loss=2.2162
step=7524 loss=3.5164
step=7525 loss=2.0109
step=7526 loss=2.5784
step=7527 loss=3.0862
step=7528 loss=2.9739
step=7529 loss=2.3229
step=7530 loss=2.1153
step=7531 loss=2.9715
step=7532 loss=2.7013
step=7533 loss=2.7232
step=7534 loss=2.7305
step=7535 loss=2.4574
step=7536 loss=2.5717
step=7537 loss=2.5930
step=7538 loss=3.1351
step=7539 loss=2.4817
step=7540 loss=2.5536
step=7541 loss=2.4330
step=7542 loss=2.6062
step=7543 loss=2.3990
step=7544 loss=2.3146
step=7545 loss=3.1565
step=7546 loss=2.7668
step=7547 loss=2.1524
step=7548 loss=2.7140
step=7549 loss=2.0899
step=7550 loss=2.3123
step=7551 loss=2.8247
step=7552 loss=2.8019
step=7553 loss=2.3496
step=7554 loss=2.6358
step=7555 loss=1.9085
step=7556 loss=2.9659
step=7557 loss=2.2696
step=7558 loss=3.1226
step=7559 loss=2.1233
step=7560 loss=2.2538
step=7561 loss=2.4490
step=7562 loss=2.1565
step=7563 loss=2.9644
step=7564 loss=2.2532
step=7565 loss=2.1936
step=7566 loss=2.7054
step=7567 loss=2.2943
step=7568 loss=2.8687
step=7569 loss=2.6256
step=7570 loss=3.0760
step=7571 loss=2.5379
step=7572 loss=2.0029
step=7573 loss=2.5711
step=7574 loss=1.9244
step=7575 loss=2.9241
step=7576 loss=3.2066
step=7577 loss=2.9584
step=7578 loss=2.7528
step=7579 loss=3.1076
step=7580 loss=2.4696
step=7581 loss=3.5720
step=7582 loss=1.8770
step=7583 loss=2.2442
step=7584 loss=2.0501
step=7585 loss=2.8994
step=7586 loss=2.3450
step=7587 loss=3.2024
step=7588 loss=2.4817
step=7589 loss=2.6234
step=7590 loss=2.4085
step=7591 loss=2.1755
step=7592 loss=1.6907
step=7593 loss=2.6247
step=7594 loss=2.3537
step=7595 loss=2.6727
step=7596 loss=3.2707
step=7597 loss=2.5487
step=7598 loss=2.8576
step=7599 loss=2.5904
step=7600 loss=2.4447
eval_step=7600 eval_loss=2.5463 eval_ppl=12.76
step=7601 loss=2.4693
step=7602 loss=2.7312
step=7603 loss=3.0664
step=7604 loss=2.5204
step=7605 loss=2.5680
step=7606 loss=2.1888
step=7607 loss=2.8112
step=7608 loss=2.1175
step=7609 loss=3.1033
step=7610 loss=1.8658
step=7611 loss=1.8943
step=7612 loss=2.4670
step=7613 loss=2.6934
step=7614 loss=2.3082
step=7615 loss=2.5128
step=7616 loss=2.5164
step=7617 loss=2.4195
step=7618 loss=2.1414
step=7619 loss=3.9248
step=7620 loss=2.1068
step=7621 loss=2.3500
step=7622 loss=2.6441
step=7623 loss=2.7695
step=7624 loss=2.7203
step=7625 loss=2.5091
step=7626 loss=2.1726
step=7627 loss=1.8842
step=7628 loss=2.1757
step=7629 loss=2.0399
step=7630 loss=2.9903
step=7631 loss=2.0478
step=7632 loss=2.5008
step=7633 loss=3.0505
step=7634 loss=2.2547
step=7635 loss=2.3294
step=7636 loss=2.1109
step=7637 loss=2.7217
step=7638 loss=2.0365
step=7639 loss=1.8904
step=7640 loss=2.3470
step=7641 loss=2.4034
step=7642 loss=2.6849
step=7643 loss=2.0346
step=7644 loss=2.5593
step=7645 loss=2.3030
step=7646 loss=2.3585
step=7647 loss=2.3549
step=7648 loss=2.5119
step=7649 loss=2.7417
step=7650 loss=2.5206
step=7651 loss=2.6186
step=7652 loss=2.3711
step=7653 loss=2.5287
step=7654 loss=2.5982
step=7655 loss=2.6692
step=7656 loss=2.2591
step=7657 loss=2.7950
step=7658 loss=1.8662
step=7659 loss=1.8365
step=7660 loss=2.5306
step=7661 loss=2.1561
step=7662 loss=2.3655
step=7663 loss=2.0488
step=7664 loss=2.3706
step=7665 loss=2.5021
step=7666 loss=2.2658
step=7667 loss=2.3188
step=7668 loss=2.1506
step=7669 loss=2.5413
step=7670 loss=3.0664
step=7671 loss=2.1832
step=7672 loss=2.1021
step=7673 loss=2.7805
step=7674 loss=2.6119
step=7675 loss=2.5852
step=7676 loss=2.5781
step=7677 loss=2.8847
step=7678 loss=3.1108
step=7679 loss=2.1872
step=7680 loss=2.5709
step=7681 loss=2.1074
step=7682 loss=2.3945
step=7683 loss=2.8003
step=7684 loss=2.8796
step=7685 loss=1.9476
step=7686 loss=1.9259
step=7687 loss=2.5707
step=7688 loss=2.0868
step=7689 loss=1.8934
step=7690 loss=2.0950
step=7691 loss=2.4771
step=7692 loss=2.5648
step=7693 loss=4.0779
step=7694 loss=2.7481
step=7695 loss=3.1796
step=7696 loss=2.7484
step=7697 loss=2.2843
step=7698 loss=3.9859
step=7699 loss=2.3261
step=7700 loss=2.1284
step=7701 loss=3.3576
step=7702 loss=1.8540
step=7703 loss=2.6388
step=7704 loss=2.5807
step=7705 loss=2.7996
step=7706 loss=2.6223
step=7707 loss=2.8112
step=7708 loss=2.8093
step=7709 loss=2.9639
step=7710 loss=2.4418
step=7711 loss=2.7203
step=7712 loss=2.1094
step=7713 loss=1.9519
step=7714 loss=2.2368
step=7715 loss=2.1101
step=7716 loss=2.0028
step=7717 loss=2.5690
step=7718 loss=1.8615
step=7719 loss=2.6745
step=7720 loss=2.5690
step=7721 loss=2.4267
step=7722 loss=2.3524
step=7723 loss=2.9717
step=7724 loss=2.7108
step=7725 loss=2.6035
step=7726 loss=2.1722
step=7727 loss=2.5300
step=7728 loss=2.9855
step=7729 loss=2.5066
step=7730 loss=1.5986
step=7731 loss=2.9590
step=7732 loss=2.0679
step=7733 loss=2.5926
step=7734 loss=2.8291
step=7735 loss=2.8082
step=7736 loss=2.8506
step=7737 loss=2.1296
step=7738 loss=2.6539
step=7739 loss=2.3968
step=7740 loss=2.4319
step=7741 loss=2.5137
step=7742 loss=2.1056
step=7743 loss=2.6085
step=7744 loss=2.8427
step=7745 loss=2.4034
step=7746 loss=3.0081
step=7747 loss=2.8970
step=7748 loss=2.1086
step=7749 loss=2.6179
step=7750 loss=2.2583
step=7751 loss=2.2818
step=7752 loss=2.1968
step=7753 loss=2.9944
step=7754 loss=2.2372
step=7755 loss=1.8557
step=7756 loss=2.7019
step=7757 loss=3.1765
step=7758 loss=2.6402
step=7759 loss=1.8128
step=7760 loss=3.2737
step=7761 loss=2.6401
step=7762 loss=2.4414
step=7763 loss=1.6504
step=7764 loss=2.8697
step=7765 loss=2.9887
step=7766 loss=2.7403
step=7767 loss=2.8262
step=7768 loss=2.7413
step=7769 loss=2.0414
step=7770 loss=1.7913
step=7771 loss=2.3504
step=7772 loss=2.1191
step=7773 loss=1.9159
step=7774 loss=2.7128
step=7775 loss=2.4129
step=7776 loss=2.6764
step=7777 loss=2.6263
step=7778 loss=2.8344
step=7779 loss=2.4676
step=7780 loss=2.8134
step=7781 loss=2.1290
step=7782 loss=2.7614
step=7783 loss=2.7884
step=7784 loss=2.3488
step=7785 loss=1.9982
step=7786 loss=2.7281
step=7787 loss=2.3829
step=7788 loss=2.3601
step=7789 loss=2.5039
step=7790 loss=2.0991
step=7791 loss=2.8039
step=7792 loss=2.1781
step=7793 loss=2.4144
step=7794 loss=3.5175
step=7795 loss=1.6303
step=7796 loss=2.1579
step=7797 loss=1.8702
step=7798 loss=2.9599
step=7799 loss=1.9803
step=7800 loss=2.2452
eval_step=7800 eval_loss=2.4058 eval_ppl=11.09
step=7801 loss=2.3330
step=7802 loss=2.5475
step=7803 loss=2.2113
step=7804 loss=1.6022
step=7805 loss=1.7256
step=7806 loss=2.3353
step=7807 loss=2.4459
step=7808 loss=2.7182
step=7809 loss=2.5730
step=7810 loss=1.9853
step=7811 loss=3.7571
step=7812 loss=2.1958
step=7813 loss=2.8583
step=7814 loss=2.1867
step=7815 loss=1.9117
step=7816 loss=1.8715
step=7817 loss=2.3780
step=7818 loss=2.2051
step=7819 loss=1.9929
step=7820 loss=1.8637
step=7821 loss=2.6024
step=7822 loss=1.7965
step=7823 loss=1.9812
step=7824 loss=1.7496
step=7825 loss=3.3779
step=7826 loss=2.0644
step=7827 loss=2.2713
step=7828 loss=2.4018
step=7829 loss=3.4199
step=7830 loss=2.3949
step=7831 loss=2.3039
step=7832 loss=2.1996
step=7833 loss=2.7218
step=7834 loss=1.8976
step=7835 loss=2.3478
step=7836 loss=2.5969
step=7837 loss=2.3393
step=7838 loss=2.1322
step=7839 loss=2.1590
step=7840 loss=2.6728
step=7841 loss=2.2560
step=7842 loss=1.9258
step=7843 loss=2.3397
step=7844 loss=3.0509
step=7845 loss=2.4699
step=7846 loss=2.5719
step=7847 loss=2.6919
step=7848 loss=2.1659
step=7849 loss=2.4044
step=7850 loss=1.6150
step=7851 loss=2.7458
step=7852 loss=1.9873
step=7853 loss=1.8107
step=7854 loss=2.5787
step=7855 loss=2.4523
step=7856 loss=2.7261
step=7857 loss=1.9763
step=7858 loss=2.5845
step=7859 loss=2.4474
step=7860 loss=1.6262
step=7861 loss=2.5142
step=7862 loss=2.8342
step=7863 loss=1.7563
step=7864 loss=2.5745
step=7865 loss=2.6242
step=7866 loss=2.3257
step=7867 loss=2.5430
step=7868 loss=2.3008
step=7869 loss=2.3098
step=7870 loss=2.7979
step=7871 loss=3.0043
step=7872 loss=2.1269
step=7873 loss=2.1254
step=7874 loss=2.3793
step=7875 loss=1.8611
step=7876 loss=2.3701
step=7877 loss=2.3381
step=7878 loss=2.7306
step=7879 loss=2.4192
step=7880 loss=2.4558
step=7881 loss=2.4791
step=7882 loss=1.9328
step=7883 loss=3.0300
step=7884 loss=1.9146
step=7885 loss=1.7842
step=7886 loss=2.6711
step=7887 loss=1.8542
step=7888 loss=2.6210
step=7889 loss=1.6783
step=7890 loss=1.6158
step=7891 loss=2.8353
step=7892 loss=2.1744
step=7893 loss=2.4922
step=7894 loss=2.5469
step=7895 loss=2.4276
step=7896 loss=2.1641
step=7897 loss=1.9562
step=7898 loss=2.3435
step=7899 loss=2.1620
step=7900 loss=3.2930
step=7901 loss=2.5590
step=7902 loss=2.0078
step=7903 loss=2.5782
step=7904 loss=2.5901
step=7905 loss=2.3925
step=7906 loss=2.4853
step=7907 loss=2.0862
step=7908 loss=2.4422
step=7909 loss=2.5230
step=7910 loss=3.1748
step=7911 loss=2.4967
step=7912 loss=2.2730
step=7913 loss=2.3326
step=7914 loss=2.4653
step=7915 loss=2.3220
step=7916 loss=2.0835
step=7917 loss=3.1833
step=7918 loss=2.2790
step=7919 loss=1.8388
step=7920 loss=2.3413
step=7921 loss=2.9309
step=7922 loss=2.9259
step=7923 loss=2.6387
step=7924 loss=1.9554
step=7925 loss=2.3381
step=7926 loss=1.6455
step=7927 loss=2.6841
step=7928 loss=2.1637
step=7929 loss=2.1923
step=7930 loss=1.8477
step=7931 loss=2.2862
step=7932 loss=1.8877
step=7933 loss=2.1430
step=7934 loss=2.3759
step=7935 loss=2.7074
step=7936 loss=2.4976
step=7937 loss=2.3571
step=7938 loss=1.7747
step=7939 loss=1.8956
step=7940 loss=2.2307
step=7941 loss=2.5932
step=7942 loss=1.8342
step=7943 loss=2.3174
step=7944 loss=1.9712
step=7945 loss=2.2605
step=7946 loss=2.7425
step=7947 loss=2.7938
step=7948 loss=2.5015
step=7949 loss=2.3396
step=7950 loss=2.3564
step=7951 loss=2.6684
step=7952 loss=2.6363
step=7953 loss=2.0346
step=7954 loss=1.6204
step=7955 loss=1.4744
step=7956 loss=2.5383
step=7957 loss=2.2637
step=7958 loss=2.1154
step=7959 loss=1.8159
step=7960 loss=3.0467
step=7961 loss=2.0101
step=7962 loss=1.8953
step=7963 loss=1.6264
step=7964 loss=1.9275
step=7965 loss=2.3864
step=7966 loss=2.8241
step=7967 loss=2.0067
step=7968 loss=2.1095
step=7969 loss=3.3422
step=7970 loss=2.4289
step=7971 loss=2.3675
step=7972 loss=1.7938
step=7973 loss=2.6215
step=7974 loss=2.6939
step=7975 loss=2.7193
step=7976 loss=2.0460
step=7977 loss=2.5145
step=7978 loss=2.9343
step=7979 loss=2.2130
step=7980 loss=2.6530
step=7981 loss=2.5530
step=7982 loss=1.7744
step=7983 loss=4.0515
step=7984 loss=2.0510
step=7985 loss=2.1469
step=7986 loss=1.8631
step=7987 loss=2.0522
step=7988 loss=2.1940
step=7989 loss=1.8375
step=7990 loss=2.4320
step=7991 loss=2.3318
step=7992 loss=2.6788
step=7993 loss=1.9937
step=7994 loss=2.0664
step=7995 loss=1.8252
step=7996 loss=3.1486
step=7997 loss=2.3148
step=7998 loss=2.0937
step=7999 loss=1.8161
step=8000 loss=1.5881
eval_step=8000 eval_loss=2.2607 eval_ppl=9.59
step=8001 loss=2.1833
step=8002 loss=1.7421
step=8003 loss=2.4558
step=8004 loss=2.5228
step=8005 loss=1.5748
step=8006 loss=2.6171
step=8007 loss=1.8352
step=8008 loss=2.3561
step=8009 loss=1.6174
step=8010 loss=2.3527
step=8011 loss=2.1409
step=8012 loss=1.9546
step=8013 loss=2.8333
step=8014 loss=2.3235
step=8015 loss=2.3014
step=8016 loss=2.6429
step=8017 loss=2.0612
step=8018 loss=2.5113
step=8019 loss=2.1352
step=8020 loss=2.4944
step=8021 loss=2.1695
step=8022 loss=2.7215
step=8023 loss=2.0283
step=8024 loss=2.6960
step=8025 loss=2.2235
step=8026 loss=3.5555
step=8027 loss=1.6122
step=8028 loss=2.1397
step=8029 loss=1.8328
step=8030 loss=2.4032
step=8031 loss=2.0833
step=8032 loss=2.7529
step=8033 loss=2.4559
step=8034 loss=1.7443
step=8035 loss=1.8849
step=8036 loss=2.4123
step=8037 loss=2.3271
step=8038 loss=2.5699
step=8039 loss=2.4038
step=8040 loss=1.8036
step=8041 loss=2.4596
step=8042 loss=2.0497
step=8043 loss=2.6713
step=8044 loss=2.0784
step=8045 loss=2.5212
step=8046 loss=2.6620
step=8047 loss=3.1332
step=8048 loss=2.4417
step=8049 loss=1.5924
step=8050 loss=1.7762
step=8051 loss=2.7760
step=8052 loss=1.7507
step=8053 loss=2.0377
step=8054 loss=1.9828
step=8055 loss=2.6899
step=8056 loss=1.8788
step=8057 loss=1.7244
step=8058 loss=2.3233
step=8059 loss=2.3839
step=8060 loss=2.0030
step=8061 loss=1.8072
step=8062 loss=2.3697
step=8063 loss=2.4060
step=8064 loss=2.0413
step=8065 loss=3.3133
step=8066 loss=2.5795
step=8067 loss=2.8193
step=8068 loss=2.2977
step=8069 loss=2.0494
step=8070 loss=2.8086
step=8071 loss=2.0175
step=8072 loss=1.7046
step=8073 loss=2.6697
step=8074 loss=2.1101
step=8075 loss=2.0165
step=8076 loss=2.5074
step=8077 loss=2.5396
step=8078 loss=2.3750
step=8079 loss=2.4179
step=8080 loss=2.7417
step=8081 loss=2.3551
step=8082 loss=2.7316
step=8083 loss=2.1520
step=8084 loss=1.9874
step=8085 loss=2.3792
step=8086 loss=2.8697
step=8087 loss=2.0647
step=8088 loss=2.2494
step=8089 loss=2.4519
step=8090 loss=2.0248
step=8091 loss=1.8340
step=8092 loss=2.3485
step=8093 loss=2.6044
step=8094 loss=2.2997
step=8095 loss=1.7045
step=8096 loss=1.6460
step=8097 loss=2.4800
step=8098 loss=1.8159
step=8099 loss=1.7515
step=8100 loss=2.0973
step=8101 loss=1.7440
step=8102 loss=1.8443
step=8103 loss=3.5659
step=8104 loss=2.4112
step=8105 loss=2.1117
step=8106 loss=2.5680
step=8107 loss=2.3132
step=8108 loss=1.9482
step=8109 loss=2.0490
step=8110 loss=2.1228
step=8111 loss=2.5921
step=8112 loss=2.3123
step=8113 loss=1.9140
step=8114 loss=2.5524
step=8115 loss=1.9852
step=8116 loss=1.9450
step=8117 loss=3.5755
step=8118 loss=2.6191
step=8119 loss=2.6302
step=8120 loss=2.1946
step=8121 loss=1.9376
step=8122 loss=2.5042
step=8123 loss=2.1863
step=8124 loss=1.7325
step=8125 loss=2.3830
step=8126 loss=1.5880
step=8127 loss=2.4576
step=8128 loss=1.5964
step=8129 loss=2.0902
step=8130 loss=2.4410
step=8131 loss=2.0759
step=8132 loss=2.1513
step=8133 loss=2.7336
step=8134 loss=1.9368
step=8135 loss=2.1646
step=8136 loss=1.9082
step=8137 loss=3.4054
step=8138 loss=2.5813
step=8139 loss=1.9927
step=8140 loss=1.7412
step=8141 loss=1.9419
step=8142 loss=2.2752
step=8143 loss=2.4185
step=8144 loss=2.0841
step=8145 loss=2.2519
step=8146 loss=2.2531
step=8147 loss=2.4182
step=8148 loss=2.2635
step=8149 loss=2.6318
step=8150 loss=2.5235
step=8151 loss=2.1181
step=8152 loss=2.6598
step=8153 loss=2.3609
step=8154 loss=2.4042
step=8155 loss=1.6735
step=8156 loss=1.8255
step=8157 loss=2.3648
step=8158 loss=2.3208
step=8159 loss=2.0262
step=8160 loss=2.2789
step=8161 loss=2.2599
step=8162 loss=2.4216
step=8163 loss=2.3315
step=8164 loss=1.8939
step=8165 loss=1.7536
step=8166 loss=2.4282
step=8167 loss=1.8288
step=8168 loss=1.7421
step=8169 loss=1.9002
step=8170 loss=2.9128
step=8171 loss=2.0464
step=8172 loss=2.6369
step=8173 loss=2.4247
step=8174 loss=2.2399
step=8175 loss=2.0978
step=8176 loss=1.6378
step=8177 loss=2.0572
step=8178 loss=2.1524
step=8179 loss=1.9158
step=8180 loss=1.4818
step=8181 loss=1.4510
step=8182 loss=3.0707
step=8183 loss=1.5973
step=8184 loss=2.0714
step=8185 loss=1.7548
step=8186 loss=2.1161
step=8187 loss=1.7690
step=8188 loss=2.5109
step=8189 loss=2.4099
step=8190 loss=2.3332
step=8191 loss=2.4334
step=8192 loss=1.5334
step=8193 loss=2.4800
step=8194 loss=2.2667
step=8195 loss=1.7093
step=8196 loss=2.2275
step=8197 loss=2.0521
step=8198 loss=2.2086
step=8199 loss=2.4441
step=8200 loss=2.0695
eval_step=8200 eval_loss=2.1276 eval_ppl=8.39
step=8201 loss=3.0608
step=8202 loss=2.2147
step=8203 loss=1.9779
step=8204 loss=2.5993
step=8205 loss=2.1960
step=8206 loss=2.2068
step=8207 loss=2.2473
step=8208 loss=2.7111
step=8209 loss=2.1243
step=8210 loss=2.9153
step=8211 loss=1.5781
step=8212 loss=2.3479
step=8213 loss=2.3786
step=8214 loss=2.3480
step=8215 loss=2.6393
step=8216 loss=1.5693
step=8217 loss=1.8776
step=8218 loss=2.8241
step=8219 loss=1.6799
step=8220 loss=1.7174
step=8221 loss=2.4387
step=8222 loss=1.5587
step=8223 loss=2.3718
step=8224 loss=2.3130
step=8225 loss=2.5330
step=8226 loss=2.3500
step=8227 loss=1.9649
step=8228 loss=2.1433
step=8229 loss=3.1506
step=8230 loss=1.6304
step=8231 loss=2.1625
step=8232 loss=2.3375
step=8233 loss=2.6412
step=8234 loss=2.0194
step=8235 loss=2.3284
step=8236 loss=2.2587
step=8237 loss=2.0541
step=8238 loss=2.1628
step=8239 loss=1.4626
step=8240 loss=1.5180
step=8241 loss=2.4684
step=8242 loss=1.4714
step=8243 loss=1.9737
step=8244 loss=2.1450
step=8245 loss=2.6047
step=8246 loss=2.0989
step=8247 loss=4.2857
step=8248 loss=2.1012
step=8249 loss=2.0268
step=8250 loss=1.5618
step=8251 loss=2.6202
step=8252 loss=1.7947
step=8253 loss=2.2126
step=8254 loss=2.1110
step=8255 loss=2.6396
step=8256 loss=2.0764
step=8257 loss=1.3448
step=8258 loss=2.6676
step=8259 loss=2.6854
step=8260 loss=2.3543
step=8261 loss=2.0497
step=8262 loss=2.0543
step=8263 loss=2.2851
step=8264 loss=1.7294
step=8265 loss=2.2196
step=8266 loss=1.6189
step=8267 loss=1.6513
step=8268 loss=2.8558
step=8269 loss=1.6999
step=8270 loss=1.6142
step=8271 loss=1.7485
step=8272 loss=2.3286
step=8273 loss=1.5901
step=8274 loss=1.8628
step=8275 loss=2.2319
step=8276 loss=1.6923
step=8277 loss=1.9677
step=8278 loss=2.6523
step=8279 loss=2.0679
step=8280 loss=2.3298
step=8281 loss=2.4652
step=8282 loss=2.2166
step=8283 loss=1.4607
step=8284 loss=1.7343
step=8285 loss=1.9243
step=8286 loss=2.1401
step=8287 loss=2.8417
step=8288 loss=1.8438
step=8289 loss=2.3210
step=8290 loss=1.6934
step=8291 loss=1.5556
step=8292 loss=1.9799
step=8293 loss=1.7805
step=8294 loss=2.3574
step=8295 loss=1.6992
step=8296 loss=1.9298
step=8297 loss=1.8113
step=8298 loss=1.7293
step=8299 loss=1.9006
step=8300 loss=2.3342
step=8301 loss=2.7260
step=8302 loss=1.8069
step=8303 loss=2.1589
step=8304 loss=3.1118
step=8305 loss=2.1244
step=8306 loss=1.5353
step=8307 loss=2.2282
step=8308 loss=2.3052
step=8309 loss=1.9069
step=8310 loss=1.7709
step=8311 loss=2.4728
step=8312 loss=1.4849
step=8313 loss=3.2766
step=8314 loss=2.1805
step=8315 loss=2.4596
step=8316 loss=2.2026
step=8317 loss=2.2522
step=8318 loss=1.8765
step=8319 loss=1.4560
step=8320 loss=3.2801
step=8321 loss=2.0387
step=8322 loss=1.6708
step=8323 loss=2.0974
step=8324 loss=2.1831
step=8325 loss=2.3589
step=8326 loss=2.1201
step=8327 loss=2.4138
step=8328 loss=2.5426
step=8329 loss=2.4521
step=8330 loss=1.7262
step=8331 loss=2.8931
step=8332 loss=1.5641
step=8333 loss=1.9274
step=8334 loss=1.9780
step=8335 loss=1.6419
step=8336 loss=2.3395
step=8337 loss=1.9850
step=8338 loss=2.0206
step=8339 loss=2.1290
step=8340 loss=2.0398
step=8341 loss=1.8036
step=8342 loss=2.1776
step=8343 loss=2.5042
step=8344 loss=2.6542
step=8345 loss=1.9246
step=8346 loss=3.0778
step=8347 loss=3.0159
step=8348 loss=2.4473
step=8349 loss=1.6669
step=8350 loss=3.0001
step=8351 loss=2.2470
step=8352 loss=2.0468
step=8353 loss=2.5503
step=8354 loss=2.3076
step=8355 loss=1.6304
step=8356 loss=1.9393
step=8357 loss=2.0082
step=8358 loss=1.6704
step=8359 loss=1.5570
step=8360 loss=1.7133
step=8361 loss=1.8428
step=8362 loss=2.4252
step=8363 loss=1.8469
step=8364 loss=2.6444
step=8365 loss=2.5011
step=8366 loss=1.5288
step=8367 loss=1.6945
step=8368 loss=1.4189
step=8369 loss=2.4846
step=8370 loss=2.3093
step=8371 loss=2.7306
step=8372 loss=1.6367
step=8373 loss=2.1374
step=8374 loss=2.1512
step=8375 loss=2.0927
step=8376 loss=1.9496
step=8377 loss=2.8985
step=8378 loss=2.0254
step=8379 loss=1.6460
step=8380 loss=2.4885
step=8381 loss=1.3600
step=8382 loss=2.7618
step=8383 loss=3.1032
step=8384 loss=1.9109
step=8385 loss=2.1713
step=8386 loss=2.0342
step=8387 loss=2.4930
step=8388 loss=1.7946
step=8389 loss=2.6242
step=8390 loss=2.0738
step=8391 loss=2.1453
step=8392 loss=2.0397
step=8393 loss=2.1049
step=8394 loss=1.9169
step=8395 loss=3.0972
step=8396 loss=2.1609
step=8397 loss=1.7219
step=8398 loss=2.4865
step=8399 loss=1.9251
step=8400 loss=2.1191
eval_step=8400 eval_loss=2.0043 eval_ppl=7.42
step=8401 loss=2.0490
step=8402 loss=1.9458
step=8403 loss=1.6760
step=8404 loss=2.1801
step=8405 loss=2.6859
step=8406 loss=1.4602
step=8407 loss=2.1812
step=8408 loss=2.8545
step=8409 loss=2.1407
step=8410 loss=2.4190
step=8411 loss=2.3400
step=8412 loss=1.8509
step=8413 loss=2.5856
step=8414 loss=4.4391
step=8415 loss=2.2937
step=8416 loss=2.8499
step=8417 loss=1.9560
step=8418 loss=1.7617
step=8419 loss=1.7309
step=8420 loss=1.9548
step=8421 loss=2.0169
step=8422 loss=1.6874
step=8423 loss=2.2948
step=8424 loss=2.2286
step=8425 loss=1.9816
step=8426 loss=1.6760
step=8427 loss=2.5944
step=8428 loss=1.8356
step=8429 loss=1.3517
step=8430 loss=1.5078
step=8431 loss=1.7804
step=8432 loss=1.7795
step=8433 loss=2.8637
step=8434 loss=1.5854
step=8435 loss=1.8679
step=8436 loss=2.3497
step=8437 loss=2.3875
step=8438 loss=1.3877
step=8439 loss=1.6790
step=8440 loss=2.1441
step=8441 loss=1.6376
step=8442 loss=2.1801
step=8443 loss=2.3843
step=8444 loss=1.9553
step=8445 loss=2.1692
step=8446 loss=1.5960
step=8447 loss=2.4621
step=8448 loss=2.2873
step=8449 loss=1.9870
step=8450 loss=2.3502
step=8451 loss=2.2508
step=8452 loss=1.4062
step=8453 loss=2.0907
step=8454 loss=2.0695
step=8455 loss=2.0708
step=8456 loss=1.7855
step=8457 loss=1.9686
step=8458 loss=2.3750
step=8459 loss=1.5182
step=8460 loss=2.5955
step=8461 loss=2.0079
step=8462 loss=2.3929
step=8463 loss=1.4765
step=8464 loss=1.3921
step=8465 loss=1.9586
step=8466 loss=2.6809
step=8467 loss=2.2809
step=8468 loss=2.5179
step=8469 loss=1.8503
step=8470 loss=1.9763
step=8471 loss=1.9430
step=8472 loss=1.9675
step=8473 loss=2.3635
step=8474 loss=2.0064
step=8475 loss=1.6570
step=8476 loss=2.0884
step=8477 loss=2.3128
step=8478 loss=2.0235
step=8479 loss=2.5847
step=8480 loss=1.8865
step=8481 loss=1.3902
step=8482 loss=1.4492
step=8483 loss=1.5929
step=8484 loss=2.9873
step=8485 loss=1.9834
step=8486 loss=1.7487
step=8487 loss=2.3850
step=8488 loss=2.8677
step=8489 loss=2.6376
step=8490 loss=1.5086
step=8491 loss=2.2513
step=8492 loss=2.2387
step=8493 loss=2.0902
step=8494 loss=2.2039
step=8495 loss=1.7833
step=8496 loss=1.1856
step=8497 loss=1.7466
step=8498 loss=2.3463
step=8499 loss=1.8190
step=8500 loss=1.2998
step=8501 loss=1.8515
step=8502 loss=2.4486
step=8503 loss=2.0243
step=8504 loss=2.2101
step=8505 loss=1.6294
step=8506 loss=2.7228
step=8507 loss=1.9353
step=8508 loss=2.4774
step=8509 loss=2.6846
step=8510 loss=2.3728
step=8511 loss=1.6498
step=8512 loss=1.6816
step=8513 loss=1.8299
step=8514 loss=3.2373
step=8515 loss=2.1391
step=8516 loss=2.0269
step=8517 loss=1.4148
step=8518 loss=1.7670
step=8519 loss=1.5262
step=8520 loss=2.3225
step=8521 loss=1.7234
step=8522 loss=2.1115
step=8523 loss=1.6814
step=8524 loss=1.8667
step=8525 loss=2.2654
step=8526 loss=2.0763
step=8527 loss=2.0211
step=8528 loss=1.2152
step=8529 loss=1.9648
step=8530 loss=1.5677
step=8531 loss=2.0069
step=8532 loss=2.2892
step=8533 loss=2.2509
step=8534 loss=1.7773
step=8535 loss=1.6763
step=8536 loss=1.9812
step=8537 loss=1.9626
step=8538 loss=2.1764
step=8539 loss=2.0525
step=8540 loss=2.3974
step=8541 loss=3.4570
step=8542 loss=2.5835
step=8543 loss=1.8289
step=8544 loss=2.0943
step=8545 loss=1.6863
step=8546 loss=2.0324
step=8547 loss=1.8553
step=8548 loss=1.8223
step=8549 loss=2.6120
step=8550 loss=1.7825
step=8551 loss=2.1566
step=8552 loss=2.4905
step=8553 loss=1.3827
step=8554 loss=1.8410
step=8555 loss=1.8262
step=8556 loss=1.9765
step=8557 loss=2.5712
step=8558 loss=1.7458
step=8559 loss=2.4813
step=8560 loss=1.0566
step=8561 loss=1.8393
step=8562 loss=1.4025
step=8563 loss=2.1117
step=8564 loss=2.0969
step=8565 loss=1.8800
step=8566 loss=1.4364
step=8567 loss=2.0775
step=8568 loss=1.0166
step=8569 loss=1.6127
step=8570 loss=2.7610
step=8571 loss=1.8830
step=8572 loss=2.1737
step=8573 loss=1.8747
step=8574 loss=2.1956
step=8575 loss=2.0969
step=8576 loss=1.8031
step=8577 loss=1.8753
step=8578 loss=1.9907
step=8579 loss=2.0549
step=8580 loss=2.3032
step=8581 loss=2.0800
step=8582 loss=1.4786
step=8583 loss=1.9439
step=8584 loss=2.5318
step=8585 loss=1.3968
step=8586 loss=2.1064
step=8587 loss=2.3873
step=8588 loss=3.5579
step=8589 loss=1.9279
step=8590 loss=2.2760
step=8591 loss=2.2129
step=8592 loss=2.0262
step=8593 loss=1.5657
step=8594 loss=1.8336
step=8595 loss=1.8422
step=8596 loss=1.2319
step=8597 loss=1.8514
step=8598 loss=2.2619
step=8599 loss=2.1472
step=8600 loss=2.1208
eval_step=8600 eval_loss=1.8931 eval_ppl=6.64
step=8601 loss=1.7777
step=8602 loss=1.4736
step=8603 loss=2.2341
step=8604 loss=2.8612
step=8605 loss=1.5213
step=8606 loss=2.7266
step=8607 loss=2.4125
step=8608 loss=2.3774
step=8609 loss=2.5154
step=8610 loss=2.3327
step=8611 loss=2.4776
step=8612 loss=2.0146
step=8613 loss=1.7053
step=8614 loss=2.3798
step=8615 loss=1.6564
step=8616 loss=2.1339
step=8617 loss=1.5250
step=8618 loss=1.6245
step=8619 loss=2.2127
step=8620 loss=1.8828
step=8621 loss=1.6527
step=8622 loss=2.0629
step=8623 loss=2.3027
step=8624 loss=2.0559
step=8625 loss=2.3432
step=8626 loss=2.2875
step=8627 loss=2.1084
step=8628 loss=2.4123
step=8629 loss=2.1100
step=8630 loss=1.6708
step=8631 loss=1.0935
step=8632 loss=1.8435
step=8633 loss=2.3015
step=8634 loss=2.4933
step=8635 loss=1.4826
step=8636 loss=1.3998
step=8637 loss=1.9841
step=8638 loss=1.4345
step=8639 loss=1.9425
step=8640 loss=2.1779
step=8641 loss=1.7650
step=8642 loss=1.5912
step=8643 loss=2.2406
step=8644 loss=1.8334
step=8645 loss=1.9497
step=8646 loss=1.7380
step=8647 loss=2.4386
step=8648 loss=1.3844
step=8649 loss=1.8973
step=8650 loss=2.1510
step=8651 loss=2.2944
step=8652 loss=1.3151
step=8653 loss=2.1859
step=8654 loss=2.1055
step=8655 loss=1.7142
step=8656 loss=1.6994
step=8657 loss=1.0481
step=8658 loss=1.6802
step=8659 loss=1.6208
step=8660 loss=1.4912
step=8661 loss=1.1504
step=8662 loss=1.7660
step=8663 loss=2.3418
step=8664 loss=2.0516
step=8665 loss=1.7397
step=8666 loss=2.2388
step=8667 loss=1.9441
step=8668 loss=2.2608
step=8669 loss=1.8258
step=8670 loss=1.9434
step=8671 loss=2.0256
step=8672 loss=1.6638
step=8673 loss=1.7706
step=8674 loss=1.4452
step=8675 loss=1.4560
step=8676 loss=2.4520
step=8677 loss=1.8476
step=8678 loss=2.0651
step=8679 loss=1.7825
step=8680 loss=1.7619
step=8681 loss=1.3950
step=8682 loss=1.5844
step=8683 loss=2.2275
step=8684 loss=1.1626
step=8685 loss=1.2543
step=8686 loss=1.4020
step=8687 loss=1.7748
step=8688 loss=1.8100
step=8689 loss=1.6181
step=8690 loss=1.7766
step=8691 loss=1.9436
step=8692 loss=1.9949
step=8693 loss=1.2506
step=8694 loss=1.5457
step=8695 loss=2.1696
step=8696 loss=1.5296
step=8697 loss=2.2520
step=8698 loss=1.4609
step=8699 loss=2.4673
step=8700 loss=1.4834
step=8701 loss=1.5035
step=8702 loss=1.9751
step=8703 loss=2.4949
step=8704 loss=2.1037
step=8705 loss=2.0799
step=8706 loss=2.8068
step=8707 loss=2.3131
step=8708 loss=1.4437
step=8709 loss=1.3545
step=8710 loss=1.2819
step=8711 loss=1.2870
step=8712 loss=1.6888
step=8713 loss=2.1779
step=8714 loss=2.0229
step=8715 loss=2.7579
step=8716 loss=1.6914
step=8717 loss=2.0909
step=8718 loss=2.5072
step=8719 loss=1.5580
step=8720 loss=2.8230
step=8721 loss=2.4948
step=8722 loss=1.9681
step=8723 loss=2.0368
step=8724 loss=1.8409
step=8725 loss=2.4607
step=8726 loss=2.3082
step=8727 loss=2.0879
step=8728 loss=2.8611
step=8729 loss=2.4792
step=8730 loss=2.0607
step=8731 loss=2.4733
step=8732 loss=1.0964
step=8733 loss=0.9702
step=8734 loss=1.5158
step=8735 loss=1.8213
step=8736 loss=1.1501
step=8737 loss=1.5450
step=8738 loss=1.5860
step=8739 loss=1.7735
step=8740 loss=1.3032
step=8741 loss=1.6454
step=8742 loss=1.9001
step=8743 loss=1.4063
step=8744 loss=1.5779
step=8745 loss=2.3083
step=8746 loss=2.6027
step=8747 loss=1.7382
step=8748 loss=2.3869
step=8749 loss=1.6981
step=8750 loss=2.1005
step=8751 loss=2.0753
step=8752 loss=2.0183
step=8753 loss=1.7111
step=8754 loss=2.2109
step=8755 loss=1.3433
step=8756 loss=2.2568
step=8757 loss=1.1757
step=8758 loss=1.8085
step=8759 loss=1.2486
step=8760 loss=1.9563
step=8761 loss=2.2072
step=8762 loss=1.6483
step=8763 loss=1.3405
step=8764 loss=1.7021
step=8765 loss=1.9999
step=8766 loss=1.7751
step=8767 loss=1.5618
step=8768 loss=2.3436
step=8769 loss=1.7395
step=8770 loss=1.7342
step=8771 loss=2.0414
step=8772 loss=2.1936
step=8773 loss=1.7962
step=8774 loss=2.2559
step=8775 loss=2.3937
step=8776 loss=1.9499
step=8777 loss=1.1574
step=8778 loss=2.2232
step=8779 loss=1.1276
step=8780 loss=1.4745
step=8781 loss=1.9251
step=8782 loss=2.1548
step=8783 loss=1.4451
step=8784 loss=2.4886
step=8785 loss=1.7289
step=8786 loss=1.7142
step=8787 loss=1.1064
step=8788 loss=1.6436
step=8789 loss=2.0528
step=8790 loss=2.1216
step=8791 loss=1.8508
step=8792 loss=1.4543
step=8793 loss=1.5573
step=8794 loss=1.5523
step=8795 loss=2.0787
step=8796 loss=1.7090
step=8797 loss=1.5315
step=8798 loss=1.9016
step=8799 loss=2.1982
step=8800 loss=2.1764
eval_step=8800 eval_loss=1.7582 eval_ppl=5.80
step=8801 loss=2.6539
step=8802 loss=2.2103
step=8803 loss=2.5593
step=8804 loss=2.0347
step=8805 loss=2.3380
step=8806 loss=1.7538
step=8807 loss=1.7352
step=8808 loss=2.0888
step=8809 loss=1.2810
step=8810 loss=1.9597
step=8811 loss=1.9767
step=8812 loss=2.4706
step=8813 loss=2.5218
step=8814 loss=1.9087
step=8815 loss=2.3915
step=8816 loss=1.6526
step=8817 loss=2.2765
step=8818 loss=1.5150
step=8819 loss=1.8040
step=8820 loss=1.2365
step=8821 loss=1.4334
step=8822 loss=1.9503
step=8823 loss=1.7065
step=8824 loss=1.8977
step=8825 loss=1.9827
step=8826 loss=1.9887
step=8827 loss=1.1471
step=8828 loss=1.5260
step=8829 loss=2.6991
step=8830 loss=1.8227
step=8831 loss=2.0253
step=8832 loss=1.7496
step=8833 loss=2.0773
step=8834 loss=2.0302
step=8835 loss=2.0457
step=8836 loss=1.6912
step=8837 loss=1.6909
step=8838 loss=1.5902
step=8839 loss=2.0921
step=8840 loss=1.5223
step=8841 loss=1.5318
step=8842 loss=1.5471
step=8843 loss=1.8461
step=8844 loss=1.8867
step=8845 loss=1.6271
step=8846 loss=2.5331
step=8847 loss=2.0506
step=8848 loss=1.5280
step=8849 loss=1.0805
step=8850 loss=2.1735
step=8851 loss=2.0222
step=8852 loss=2.4280
step=8853 loss=2.3706
step=8854 loss=2.0725
step=8855 loss=1.9334
step=8856 loss=2.4377
step=8857 loss=1.9520
step=8858 loss=0.9704
step=8859 loss=1.4855
step=8860 loss=1.7136
step=8861 loss=1.5606
step=8862 loss=1.3157
step=8863 loss=1.1118
step=8864 loss=1.6143
step=8865 loss=1.2342
step=8866 loss=1.2833
step=8867 loss=1.8563
step=8868 loss=2.1039
step=8869 loss=2.2974
step=8870 loss=2.8090
step=8871 loss=1.7862
step=8872 loss=2.5044
step=8873 loss=2.6644
step=8874 loss=1.6181
step=8875 loss=2.6651
step=8876 loss=1.7351
step=8877 loss=2.3120
step=8878 loss=2.0488
step=8879 loss=1.9773
step=8880 loss=2.4865
step=8881 loss=1.1882
step=8882 loss=1.6833
step=8883 loss=1.3360
step=8884 loss=1.9225
step=8885 loss=1.5629
step=8886 loss=1.4936
step=8887 loss=1.4320
step=8888 loss=2.4211
step=8889 loss=1.5392
step=8890 loss=1.9255
step=8891 loss=1.9492
step=8892 loss=1.4144
step=8893 loss=2.0018
step=8894 loss=2.2572
step=8895 loss=1.5697
step=8896 loss=1.6728
step=8897 loss=1.9324
step=8898 loss=2.5775
step=8899 loss=2.3414
step=8900 loss=1.9189
step=8901 loss=1.2354
step=8902 loss=1.6501
step=8903 loss=1.1158
step=8904 loss=2.2022
step=8905 loss=1.8169
step=8906 loss=2.0139
step=8907 loss=1.6479
step=8908 loss=1.8687
step=8909 loss=1.8126
step=8910 loss=1.7257
step=8911 loss=1.6691
step=8912 loss=2.1068
step=8913 loss=1.2320
step=8914 loss=2.5176
step=8915 loss=1.7198
step=8916 loss=1.2837
step=8917 loss=1.8655
step=8918 loss=1.4563
step=8919 loss=1.8430
step=8920 loss=1.3896
step=8921 loss=2.5995
step=8922 loss=2.4597
step=8923 loss=1.9708
step=8924 loss=2.3418
step=8925 loss=1.4277
step=8926 loss=1.6515
step=8927 loss=1.8402
step=8928 loss=2.0350
step=8929 loss=1.8540
step=8930 loss=1.4855
step=8931 loss=2.1320
step=8932 loss=1.4910
step=8933 loss=1.8705
step=8934 loss=1.7747
step=8935 loss=2.4267
step=8936 loss=1.2161
step=8937 loss=1.0099
step=8938 loss=1.5414
step=8939 loss=2.7054
step=8940 loss=1.2307
step=8941 loss=1.3332
step=8942 loss=1.0744
step=8943 loss=1.9707
step=8944 loss=1.6719
step=8945 loss=1.6735
step=8946 loss=2.2276
step=8947 loss=1.4069
step=8948 loss=1.4609
step=8949 loss=1.7423
step=8950 loss=2.1517
step=8951 loss=1.1893
step=8952 loss=1.4222
step=8953 loss=1.3930
step=8954 loss=1.8019
step=8955 loss=1.6301
step=8956 loss=2.1984
step=8957 loss=1.9595
step=8958 loss=1.6016
step=8959 loss=2.0300
step=8960 loss=1.7336
step=8961 loss=1.8392
step=8962 loss=2.1722
step=8963 loss=1.7917
step=8964 loss=2.0229
step=8965 loss=1.4802
step=8966 loss=1.2944
step=8967 loss=1.6641
step=8968 loss=1.7729
step=8969 loss=2.6834
step=8970 loss=1.9341
step=8971 loss=1.7296
step=8972 loss=1.3017
step=8973 loss=1.7006
step=8974 loss=1.0629
step=8975 loss=2.4444
step=8976 loss=1.6320
step=8977 loss=2.1206
step=8978 loss=1.1661
step=8979 loss=1.6021
step=8980 loss=1.2798
step=8981 loss=2.2980
step=8982 loss=2.1474
step=8983 loss=1.5683
step=8984 loss=1.5898
step=8985 loss=1.9734
step=8986 loss=1.6972
step=8987 loss=1.0045
step=8988 loss=1.8315
step=8989 loss=1.0540
step=8990 loss=1.5326
step=8991 loss=2.0111
step=8992 loss=2.3479
step=8993 loss=1.2684
step=8994 loss=2.1517
step=8995 loss=1.4729
step=8996 loss=0.9607
step=8997 loss=1.4247
step=8998 loss=1.4330
step=8999 loss=1.7142
step=9000 loss=1.9267
eval_step=9000 eval_loss=1.6490 eval_ppl=5.20
step=9001 loss=2.1970
step=9002 loss=1.1797
step=9003 loss=2.2811
step=9004 loss=1.2726
step=9005 loss=2.8988
step=9006 loss=1.1957
step=9007 loss=2.1413
step=9008 loss=1.5932
step=9009 loss=1.3991
step=9010 loss=1.8888
step=9011 loss=1.0338
step=9012 loss=1.6503
step=9013 loss=1.2571
step=9014 loss=1.7977
step=9015 loss=1.8196
step=9016 loss=2.2276
step=9017 loss=2.0792
step=9018 loss=2.6995
step=9019 loss=1.8045
step=9020 loss=1.7778
step=9021 loss=2.5358
step=9022 loss=2.3364
step=9023 loss=1.2524
step=9024 loss=1.2341
step=9025 loss=2.0426
step=9026 loss=1.9869
step=9027 loss=1.5564
step=9028 loss=1.1046
step=9029 loss=2.0112
step=9030 loss=1.0408
step=9031 loss=2.4191
step=9032 loss=2.0333
step=9033 loss=1.6585
step=9034 loss=1.2616
step=9035 loss=1.7872
step=9036 loss=2.1286
step=9037 loss=1.1810
step=9038 loss=1.9586
step=9039 loss=2.3827
step=9040 loss=2.0141
step=9041 loss=2.4500
step=9042 loss=1.7102
step=9043 loss=1.3444
step=9044 loss=1.4666
step=9045 loss=1.9719
step=9046 loss=1.4566
step=9047 loss=1.6686
step=9048 loss=2.2738
step=9049 loss=1.8030
step=9050 loss=2.0859
step=9051 loss=2.3922
step=9052 loss=1.9963
step=9053 loss=1.6104
step=9054 loss=1.7870
step=9055 loss=2.2045
step=9056 loss=1.8139
step=9057 loss=1.1454
step=9058 loss=2.3066
step=9059 loss=2.2822
step=9060 loss=1.7960
step=9061 loss=1.3654
step=9062 loss=2.2507
step=9063 loss=2.2479
step=9064 loss=1.9914
step=9065 loss=1.4592
step=9066 loss=1.4423
step=9067 loss=1.6579
step=9068 loss=2.6759
step=9069 loss=1.7943
step=9070 loss=1.4198
step=9071 loss=1.3718
step=9072 loss=1.4598
step=9073 loss=1.6936
step=9074 loss=2.9185
step=9075 loss=1.0652
step=9076 loss=1.7221
step=9077 loss=1.7016
step=9078 loss=1.3588
step=9079 loss=1.8917
step=9080 loss=1.7754
step=9081 loss=2.3184
step=9082 loss=2.2248
step=9083 loss=1.4822
step=9084 loss=1.4538
step=9085 loss=1.9982
step=9086 loss=1.7100
step=9087 loss=1.5627
step=9088 loss=1.8180
step=9089 loss=2.3076
step=9090 loss=1.1514
step=9091 loss=1.5336
step=9092 loss=1.6623
step=9093 loss=2.0624
step=9094 loss=1.9564
step=9095 loss=1.7876
step=9096 loss=2.3396
step=9097 loss=1.5272
step=9098 loss=1.2091
step=9099 loss=2.0453
step=9100 loss=1.9899
step=9101 loss=1.0032
step=9102 loss=1.6292
step=9103 loss=1.3109
step=9104 loss=1.1140
step=9105 loss=2.3576
step=9106 loss=1.4034
step=9107 loss=2.8453
step=9108 loss=2.7130
step=9109 loss=1.4396
step=9110 loss=1.4846
step=9111 loss=1.4084
step=9112 loss=2.0764
step=9113 loss=1.2617
step=9114 loss=2.6650
step=9115 loss=1.7981
step=9116 loss=1.5658
step=9117 loss=1.0474
step=9118 loss=1.2375
step=9119 loss=1.9124
step=9120 loss=1.8237
step=9121 loss=1.2176
step=9122 loss=1.6898
step=9123 loss=2.3124
step=9124 loss=1.5840
step=9125 loss=1.2035
step=9126 loss=2.0332
step=9127 loss=2.7697
step=9128 loss=1.7352
step=9129 loss=1.5379
step=9130 loss=2.2045
step=9131 loss=2.1735
step=9132 loss=1.0593
step=9133 loss=1.8365
step=9134 loss=1.8199
step=9135 loss=1.1580
step=9136 loss=1.7283
step=9137 loss=1.3549
step=9138 loss=1.7344
step=9139 loss=1.6826
step=9140 loss=1.8378
step=9141 loss=2.0434
step=9142 loss=1.9093
step=9143 loss=1.4235
step=9144 loss=1.8742
step=9145 loss=0.9580
step=9146 loss=2.1164
step=9147 loss=1.4783
step=9148 loss=1.1774
step=9149 loss=1.6849
step=9150 loss=1.1753
step=9151 loss=1.5525
step=9152 loss=1.1424
step=9153 loss=1.9210
step=9154 loss=2.0075
step=9155 loss=1.4743
step=9156 loss=1.1050
step=9157 loss=1.1557
step=9158 loss=1.4756
step=9159 loss=1.7314
step=9160 loss=1.7924
step=9161 loss=2.0868
step=9162 loss=1.3008
step=9163 loss=1.0996
step=9164 loss=2.0130
step=9165 loss=1.6153
step=9166 loss=1.3114
step=9167 loss=1.1043
step=9168 loss=1.4249
step=9169 loss=2.1534
step=9170 loss=1.6895
step=9171 loss=1.3418
step=9172 loss=2.0174
step=9173 loss=2.0704
step=9174 loss=0.9096
step=9175 loss=2.1244
step=9176 loss=1.2126
step=9177 loss=2.1479
step=9178 loss=1.7105
step=9179 loss=2.3784
step=9180 loss=0.9202
step=9181 loss=2.3521
step=9182 loss=1.7467
step=9183 loss=1.4265
step=9184 loss=2.4214
step=9185 loss=0.8991
step=9186 loss=1.8549
step=9187 loss=1.6278
step=9188 loss=1.6066
step=9189 loss=2.1272
step=9190 loss=2.1321
step=9191 loss=1.3586
step=9192 loss=1.2322
step=9193 loss=1.1327
step=9194 loss=2.5188
step=9195 loss=2.0477
step=9196 loss=2.1042
step=9197 loss=1.8896
step=9198 loss=1.6475
step=9199 loss=1.0419
step=9200 loss=1.4505
eval_step=9200 eval_loss=1.5513 eval_ppl=4.72
step=9201 loss=1.7214
step=9202 loss=1.9889
step=9203 loss=1.0991
step=9204 loss=1.0447
step=9205 loss=1.4608
step=9206 loss=1.8808
step=9207 loss=1.6316
step=9208 loss=2.0350
step=9209 loss=1.5080
step=9210 loss=1.2414
step=9211 loss=2.1736
step=9212 loss=1.4899
step=9213 loss=1.4145
step=9214 loss=1.5045
step=9215 loss=1.8241
step=9216 loss=0.9371
step=9217 loss=1.9330
step=9218 loss=2.0875
step=9219 loss=2.1122
step=9220 loss=1.2242
step=9221 loss=1.4272
step=9222 loss=2.0074
step=9223 loss=1.0659
step=9224 loss=1.7362
step=9225 loss=1.4694
step=9226 loss=2.5993
step=9227 loss=1.6700
step=9228 loss=1.8190
step=9229 loss=2.3554
step=9230 loss=1.9822
step=9231 loss=1.7328
step=9232 loss=1.0130
step=9233 loss=1.3346
step=9234 loss=2.1463
step=9235 loss=2.0676
step=9236 loss=1.7805
step=9237 loss=2.1911
step=9238 loss=1.4555
step=9239 loss=2.4863
step=9240 loss=1.5999
step=9241 loss=2.3364
step=9242 loss=1.7390
step=9243 loss=1.5553
step=9244 loss=1.0497
step=9245 loss=1.7505
step=9246 loss=1.7553
step=9247 loss=1.4514
step=9248 loss=2.0325
step=9249 loss=2.0075
step=9250 loss=1.0605
step=9251 loss=1.1430
step=9252 loss=1.7869
step=9253 loss=1.3399
step=9254 loss=1.5013
step=9255 loss=2.5758
step=9256 loss=1.7725
step=9257 loss=0.9354
step=9258 loss=1.8466
step=9259 loss=1.1425
step=9260 loss=1.3891
step=9261 loss=1.6040
step=9262 loss=1.4629
step=9263 loss=1.9035
step=9264 loss=1.8549
step=9265 loss=1.8403
step=9266 loss=2.1081
step=9267 loss=2.2618
step=9268 loss=1.6121
step=9269 loss=0.9802
step=9270 loss=1.4403
step=9271 loss=1.3857
step=9272 loss=1.4687
step=9273 loss=2.4323
step=9274 loss=1.6736
step=9275 loss=1.4604
step=9276 loss=1.7513
step=9277 loss=1.9858
step=9278 loss=2.1092
step=9279 loss=1.6530
step=9280 loss=1.9868
step=9281 loss=2.0223
step=9282 loss=0.8360
step=9283 loss=1.0801
step=9284 loss=1.8992
step=9285 loss=1.9752
step=9286 loss=1.1930
step=9287 loss=1.9239
step=9288 loss=1.7256
step=9289 loss=1.8244
step=9290 loss=1.9157
step=9291 loss=0.8886
step=9292 loss=1.5805
step=9293 loss=1.9406
step=9294 loss=1.2981
step=9295 loss=1.5866
step=9296 loss=1.4822
step=9297 loss=1.1000
step=9298 loss=1.3275
step=9299 loss=1.5816
step=9300 loss=1.9851
step=9301 loss=2.4338
step=9302 loss=1.4885
step=9303 loss=1.6353
step=9304 loss=2.1959
step=9305 loss=1.9214
step=9306 loss=1.0001
step=9307 loss=1.4745
step=9308 loss=0.8373
step=9309 loss=1.0978
step=9310 loss=1.3815
step=9311 loss=0.6563
step=9312 loss=1.9177
step=9313 loss=1.1761
step=9314 loss=1.7138
step=9315 loss=1.2833
step=9316 loss=2.2217
step=9317 loss=1.2520
step=9318 loss=1.9320
step=9319 loss=1.3290
step=9320 loss=3.2245
step=9321 loss=1.4447
step=9322 loss=1.2278
step=9323 loss=1.0252
step=9324 loss=2.7617
step=9325 loss=0.7146
step=9326 loss=1.8404
step=9327 loss=1.7361
step=9328 loss=1.0270
step=9329 loss=1.4435
step=9330 loss=2.5132
step=9331 loss=1.5131
step=9332 loss=1.7697
step=9333 loss=0.7821
step=9334 loss=1.9497
step=9335 loss=1.4114
step=9336 loss=0.6492
step=9337 loss=1.4618
step=9338 loss=0.8175
step=9339 loss=0.7724
step=9340 loss=1.9754
step=9341 loss=0.9231
step=9342 loss=2.0892
step=9343 loss=1.6793
step=9344 loss=1.6986
step=9345 loss=1.3992
step=9346 loss=1.6523
step=9347 loss=2.0190
step=9348 loss=2.1925
step=9349 loss=1.9388
step=9350 loss=1.0223
step=9351 loss=1.6346
step=9352 loss=1.0089
step=9353 loss=0.8202
step=9354 loss=2.1039
step=9355 loss=1.3221
step=9356 loss=1.2093
step=9357 loss=1.6217
step=9358 loss=1.4653
step=9359 loss=1.0632
step=9360 loss=1.5428
step=9361 loss=2.1079
step=9362 loss=1.3718
step=9363 loss=2.3464
step=9364 loss=1.5636
step=9365 loss=1.6904
step=9366 loss=2.1216
step=9367 loss=1.1168
step=9368 loss=1.9372
step=9369 loss=1.3807
step=9370 loss=1.0634
step=9371 loss=2.7451
step=9372 loss=1.9993
step=9373 loss=1.4392
step=9374 loss=1.6482
step=9375 loss=1.1525
step=9376 loss=2.2628
step=9377 loss=1.2598
step=9378 loss=0.8618
step=9379 loss=1.4484
step=9380 loss=2.1893
step=9381 loss=1.8352
step=9382 loss=1.2048
step=9383 loss=0.9935
step=9384 loss=2.1086
step=9385 loss=2.2231
step=9386 loss=1.4289
step=9387 loss=1.8278
step=9388 loss=1.2990
step=9389 loss=1.5614
step=9390 loss=1.2720
step=9391 loss=1.5605
step=9392 loss=1.8580
step=9393 loss=2.1742
step=9394 loss=1.1544
step=9395 loss=1.3125
step=9396 loss=1.1405
step=9397 loss=1.1863
step=9398 loss=1.5123
step=9399 loss=1.3808
step=9400 loss=1.7786
eval_step=9400 eval_loss=1.4402 eval_ppl=4.22
step=9401 loss=1.4696
step=9402 loss=1.3158
step=9403 loss=1.6459
step=9404 loss=2.2854
step=9405 loss=1.6085
step=9406 loss=2.4385
step=9407 loss=1.8200
step=9408 loss=1.0985
step=9409 loss=1.4560
step=9410 loss=2.6581
step=9411 loss=0.8502
step=9412 loss=1.6680
step=9413 loss=2.0779
step=9414 loss=1.3449
step=9415 loss=1.2732
step=9416 loss=1.4056
step=9417 loss=1.6505
step=9418 loss=1.4733
step=9419 loss=2.2735
step=9420 loss=2.3605
step=9421 loss=1.0054
step=9422 loss=2.5917
step=9423 loss=1.0709
step=9424 loss=1.7560
step=9425 loss=1.4291
step=9426 loss=1.0507
step=9427 loss=1.4104
step=9428 loss=1.9727
step=9429 loss=2.0760
step=9430 loss=1.2058
step=9431 loss=2.0339
step=9432 loss=0.9766
step=9433 loss=1.5931
step=9434 loss=2.2267
step=9435 loss=1.3285
step=9436 loss=1.6225
step=9437 loss=1.5103
step=9438 loss=0.8787
step=9439 loss=1.7298
step=9440 loss=1.9797
step=9441 loss=1.7758
step=9442 loss=1.4290
step=9443 loss=1.7842
step=9444 loss=1.3652
step=9445 loss=2.4809
step=9446 loss=1.7615
step=9447 loss=1.3852
step=9448 loss=1.3533
step=9449 loss=1.2617
step=9450 loss=1.3013
step=9451 loss=1.5418
step=9452 loss=1.4687
step=9453 loss=1.8154
step=9454 loss=1.0225
step=9455 loss=1.6055
step=9456 loss=1.7203
step=9457 loss=2.2169
step=9458 loss=0.6319
step=9459 loss=1.8773
step=9460 loss=1.7183
step=9461 loss=0.9015
step=9462 loss=1.4952
step=9463 loss=0.8564
step=9464 loss=2.0989
step=9465 loss=1.7025
step=9466 loss=0.8500
step=9467 loss=1.1883
step=9468 loss=1.3681
step=9469 loss=1.3374
step=9470 loss=2.0623
step=9471 loss=1.1944
step=9472 loss=2.1093
step=9473 loss=1.3911
step=9474 loss=0.9622
step=9475 loss=1.0240
step=9476 loss=2.0551
step=9477 loss=1.5486
step=9478 loss=1.3679
step=9479 loss=2.0902
step=9480 loss=1.6189
step=9481 loss=1.7388
step=9482 loss=0.9321
step=9483 loss=2.4083
step=9484 loss=1.2200
step=9485 loss=1.7376
step=9486 loss=1.9253
step=9487 loss=2.1749
step=9488 loss=1.0509
step=9489 loss=2.0948
step=9490 loss=2.3440
step=9491 loss=1.9000
step=9492 loss=1.7802
step=9493 loss=0.8825
step=9494 loss=1.2863
step=9495 loss=1.5961
step=9496 loss=0.8834
step=9497 loss=1.7652
step=9498 loss=1.1257
step=9499 loss=1.8967
step=9500 loss=1.2688
step=9501 loss=0.7750
step=9502 loss=1.8892
step=9503 loss=1.4333
step=9504 loss=1.4336
step=9505 loss=1.6781
step=9506 loss=2.0192
step=9507 loss=1.6990
step=9508 loss=1.5965
step=9509 loss=1.7413
step=9510 loss=1.3255
step=9511 loss=1.1084
step=9512 loss=0.9962
step=9513 loss=0.9846
step=9514 loss=1.9154
step=9515 loss=2.0210
step=9516 loss=1.7531
step=9517 loss=1.3432
step=9518 loss=1.6394
step=9519 loss=1.3781
step=9520 loss=0.8511
step=9521 loss=1.0695
step=9522 loss=1.2628
step=9523 loss=0.7040
step=9524 loss=1.6622
step=9525 loss=1.4366
step=9526 loss=1.4426
step=9527 loss=1.3635
step=9528 loss=1.4391
step=9529 loss=1.3689
step=9530 loss=1.7348
step=9531 loss=2.6574
step=9532 loss=1.2429
step=9533 loss=2.0460
step=9534 loss=1.4750
step=9535 loss=1.0496
step=9536 loss=2.8708
step=9537 loss=1.4068
step=9538 loss=1.9456
step=9539 loss=1.9350
step=9540 loss=1.6061
step=9541 loss=1.7931
step=9542 loss=2.0187
step=9543 loss=1.6575
step=9544 loss=1.8311
step=9545 loss=1.5236
step=9546 loss=1.0638
step=9547 loss=1.5174
step=9548 loss=0.8952
step=9549 loss=1.4331
step=9550 loss=1.1995
step=9551 loss=1.5875
step=9552 loss=0.8742
step=9553 loss=1.5743
step=9554 loss=1.9570
step=9555 loss=1.4988
step=9556 loss=1.8404
step=9557 loss=1.9843
step=9558 loss=1.2033
step=9559 loss=2.0182
step=9560 loss=0.6889
step=9561 loss=1.2594
step=9562 loss=0.8922
step=9563 loss=1.6832
step=9564 loss=2.0051
step=9565 loss=1.7447
step=9566 loss=2.0640
step=9567 loss=1.4883
step=9568 loss=1.6196
step=9569 loss=0.9839
step=9570 loss=0.8913
step=9571 loss=1.5636
step=9572 loss=1.6142
step=9573 loss=1.9971
step=9574 loss=1.8938
step=9575 loss=1.3656
step=9576 loss=2.0686
step=9577 loss=1.5161
step=9578 loss=0.7754
step=9579 loss=1.2707
step=9580 loss=1.2551
step=9581 loss=2.0996
step=9582 loss=1.1331
step=9583 loss=1.2704
step=9584 loss=1.4553
step=9585 loss=1.6909
step=9586 loss=1.1560
step=9587 loss=1.7280
step=9588 loss=1.0897
step=9589 loss=1.5620
step=9590 loss=1.4186
step=9591 loss=1.2393
step=9592 loss=1.1851
step=9593 loss=1.2541
step=9594 loss=1.8997
step=9595 loss=0.9320
step=9596 loss=1.9177
step=9597 loss=0.7789
step=9598 loss=1.4893
step=9599 loss=2.7542
step=9600 loss=1.6963
eval_step=9600 eval_loss=1.3494 eval_ppl=3.86
step=9601 loss=0.8242
step=9602 loss=0.8620
step=9603 loss=1.0874
step=9604 loss=1.1552
step=9605 loss=1.7654
step=9606 loss=2.0129
step=9607 loss=1.1433
step=9608 loss=1.0570
step=9609 loss=1.6233
step=9610 loss=0.8625
step=9611 loss=1.6866
step=9612 loss=1.6443
step=9613 loss=0.8534
step=9614 loss=2.0661
step=9615 loss=1.3852
step=9616 loss=1.3215
step=9617 loss=1.3060
step=9618 loss=0.9669
step=9619 loss=2.4215
step=9620 loss=1.6017
step=9621 loss=1.9470
step=9622 loss=1.5517
step=9623 loss=1.6972
step=9624 loss=2.0917
step=9625 loss=1.6827
step=9626 loss=1.3998
step=9627 loss=1.3226
step=9628 loss=1.1607
step=9629 loss=1.6660
step=9630 loss=1.5626
step=9631 loss=2.0509
step=9632 loss=2.1141
step=9633 loss=2.0671
step=9634 loss=1.4679
step=9635 loss=1.3927
step=9636 loss=1.5394
step=9637 loss=1.0755
step=9638 loss=1.1559
step=9639 loss=1.4621
step=9640 loss=1.4608
step=9641 loss=1.2927
step=9642 loss=1.2976
step=9643 loss=1.4000
step=9644 loss=0.9685
step=9645 loss=1.1092
step=9646 loss=1.3273
step=9647 loss=1.9054
step=9648 loss=1.6834
step=9649 loss=1.1130
step=9650 loss=0.8481
step=9651 loss=1.8276
step=9652 loss=1.5735
step=9653 loss=1.5719
step=9654 loss=0.8695
step=9655 loss=1.5553
step=9656 loss=1.7499
step=9657 loss=0.8366
step=9658 loss=2.3068
step=9659 loss=1.7172
step=9660 loss=0.7944
step=9661 loss=1.7001
step=9662 loss=1.4160
step=9663 loss=1.4340
step=9664 loss=2.0134
step=9665 loss=2.0279
step=9666 loss=1.3317
step=9667 loss=0.8818
step=9668 loss=1.6663
step=9669 loss=1.7464
step=9670 loss=1.7651
step=9671 loss=1.6217
step=9672 loss=1.3798
step=9673 loss=1.4419
step=9674 loss=1.3700
step=9675 loss=1.4077
step=9676 loss=0.9676
step=9677 loss=1.4441
step=9678 loss=1.0853
step=9679 loss=1.1268
step=9680 loss=1.1227
step=9681 loss=1.8731
step=9682 loss=0.9396
step=9683 loss=1.4756
step=9684 loss=1.0378
step=9685 loss=1.5740
step=9686 loss=1.1064
step=9687 loss=1.3754
step=9688 loss=1.3905
step=9689 loss=2.2144
step=9690 loss=1.0852
step=9691 loss=0.8766
step=9692 loss=2.0132
step=9693 loss=1.2443
step=9694 loss=1.5648
step=9695 loss=1.7984
step=9696 loss=1.2280
step=9697 loss=1.2775
step=9698 loss=1.4280
step=9699 loss=1.5476
step=9700 loss=0.9928
step=9701 loss=1.3769
step=9702 loss=0.6509
step=9703 loss=1.3589
step=9704 loss=1.4057
step=9705 loss=1.5764
step=9706 loss=0.7486
step=9707 loss=1.7904
step=9708 loss=1.4947
step=9709 loss=0.9073
step=9710 loss=0.6939
step=9711 loss=2.2732
step=9712 loss=2.0554
step=9713 loss=1.1023
step=9714 loss=1.4376
step=9715 loss=1.3994
step=9716 loss=1.2127
step=9717 loss=1.4079
step=9718 loss=1.4552
step=9719 loss=1.4055
step=9720 loss=0.8552
step=9721 loss=0.7396
step=9722 loss=1.9833
step=9723 loss=1.5834
step=9724 loss=1.5677
step=9725 loss=0.6254
step=9726 loss=2.5206
step=9727 loss=1.2261
step=9728 loss=0.6637
step=9729 loss=0.8545
step=9730 loss=1.6776
step=9731 loss=1.5702
step=9732 loss=1.2320
step=9733 loss=1.6564
step=9734 loss=1.6564
step=9735 loss=1.4419
step=9736 loss=1.4544
step=9737 loss=1.6244
step=9738 loss=1.4376
step=9739 loss=0.7878
step=9740 loss=1.4858
step=9741 loss=0.8062
step=9742 loss=1.6237
step=9743 loss=1.6993
step=9744 loss=1.1115
step=9745 loss=0.8400
step=9746 loss=0.7697
step=9747 loss=1.4410
step=9748 loss=1.2298
step=9749 loss=1.6701
step=9750 loss=0.7065
step=9751 loss=1.1651
step=9752 loss=1.1446
step=9753 loss=1.1023
step=9754 loss=1.0296
step=9755 loss=1.5864
step=9756 loss=1.1123
step=9757 loss=1.1179
step=9758 loss=1.0863
step=9759 loss=1.5319
step=9760 loss=1.0296
step=9761 loss=0.9943
step=9762 loss=1.5616
step=9763 loss=2.2600
step=9764 loss=1.5601
step=9765 loss=2.1003
step=9766 loss=1.9121
step=9767 loss=1.2615
step=9768 loss=1.1292
step=9769 loss=1.3522
step=9770 loss=1.1443
step=9771 loss=1.4531
step=9772 loss=1.4531
step=9773 loss=1.4984
step=9774 loss=2.1666
step=9775 loss=1.3142
step=9776 loss=1.2777
step=9777 loss=1.2428
step=9778 loss=0.6581
step=9779 loss=1.9448
step=9780 loss=1.1373
step=9781 loss=0.7920
step=9782 loss=1.3839
step=9783 loss=1.6274
step=9784 loss=1.2659
step=9785 loss=1.6865
step=9786 loss=2.1156
step=9787 loss=1.3303
step=9788 loss=1.5477
step=9789 loss=1.4618
step=9790 loss=1.7968
step=9791 loss=2.6742
step=9792 loss=1.6646
step=9793 loss=1.1448
step=9794 loss=1.0695
step=9795 loss=0.8612
step=9796 loss=1.4522
step=9797 loss=1.5606
step=9798 loss=1.1616
step=9799 loss=0.6416
step=9800 loss=0.9924
eval_step=9800 eval_loss=1.2651 eval_ppl=3.54
step=9801 loss=0.9026
step=9802 loss=1.9296
step=9803 loss=1.9527
step=9804 loss=1.9494
step=9805 loss=2.0059
step=9806 loss=0.9930
step=9807 loss=2.1091
step=9808 loss=1.2562
step=9809 loss=1.0436
step=9810 loss=1.3194
step=9811 loss=1.9590
step=9812 loss=1.2606
step=9813 loss=0.9592
step=9814 loss=1.4591
step=9815 loss=1.2142
step=9816 loss=1.4279
step=9817 loss=0.8838
step=9818 loss=1.5735
step=9819 loss=1.6739
step=9820 loss=0.6843
step=9821 loss=1.5576
step=9822 loss=1.2287
step=9823 loss=1.4121
step=9824 loss=1.5722
step=9825 loss=2.1956
step=9826 loss=1.8578
step=9827 loss=1.2118
step=9828 loss=0.9744
step=9829 loss=1.6309
step=9830 loss=2.1641
step=9831 loss=1.8576
step=9832 loss=1.7598
step=9833 loss=1.7113
step=9834 loss=1.2290
step=9835 loss=1.4289
step=9836 loss=1.9115
step=9837 loss=0.6913
step=9838 loss=1.1689
step=9839 loss=1.5118
step=9840 loss=1.8614
step=9841 loss=1.2197
step=9842 loss=0.7700
step=9843 loss=1.8319
step=9844 loss=1.2552
step=9845 loss=1.6657
step=9846 loss=1.7944
step=9847 loss=1.5582
step=9848 loss=1.7504
step=9849 loss=0.9602
step=9850 loss=1.0387
step=9851 loss=1.1085
step=9852 loss=1.4161
step=9853 loss=1.3605
step=9854 loss=2.4591
step=9855 loss=1.5119
step=9856 loss=0.9774
step=9857 loss=1.8170
step=9858 loss=1.4620
step=9859 loss=1.4609
step=9860 loss=1.5752
step=9861 loss=1.9326
step=9862 loss=1.4465
step=9863 loss=1.5025
step=9864 loss=1.4203
step=9865 loss=1.4297
step=9866 loss=1.3468
step=9867 loss=1.3798
step=9868 loss=1.9280
step=9869 loss=1.1027
step=9870 loss=1.3102
step=9871 loss=1.5896
step=9872 loss=1.4423
step=9873 loss=2.3620
step=9874 loss=1.6516
step=9875 loss=1.1289
step=9876 loss=1.0476
step=9877 loss=0.6694
step=9878 loss=0.8469
step=9879 loss=1.3309
step=9880 loss=1.7962
step=9881 loss=0.8433
step=9882 loss=0.5989
step=9883 loss=1.7905
step=9884 loss=1.3923
step=9885 loss=1.3037
step=9886 loss=1.6348
step=9887 loss=1.0401
step=9888 loss=1.4638
step=9889 loss=2.4349
step=9890 loss=0.8452
step=9891 loss=0.7988
step=9892 loss=1.7247
step=9893 loss=1.3076
step=9894 loss=0.9907
step=9895 loss=0.6487
step=9896 loss=2.2763
step=9897 loss=0.9724
step=9898 loss=0.6944
step=9899 loss=1.1670
step=9900 loss=1.4325
step=9901 loss=1.5987
step=9902 loss=1.1371
step=9903 loss=1.0443
step=9904 loss=1.9077
step=9905 loss=1.3424
step=9906 loss=0.6551
step=9907 loss=1.3170
step=9908 loss=1.7316
step=9909 loss=1.2505
step=9910 loss=1.4005
step=9911 loss=1.0842
step=9912 loss=1.7661
step=9913 loss=1.4461
step=9914 loss=0.6915
step=9915 loss=1.3341
step=9916 loss=1.6044
step=9917 loss=1.0735
step=9918 loss=2.2740
step=9919 loss=1.4195
step=9920 loss=0.8493
step=9921 loss=1.5490
step=9922 loss=1.6897
step=9923 loss=1.4018
step=9924 loss=1.6623
step=9925 loss=1.8175
step=9926 loss=1.1086
step=9927 loss=1.3022
step=9928 loss=1.7527
step=9929 loss=1.1705
step=9930 loss=0.5969
step=9931 loss=0.7051
step=9932 loss=1.4267
step=9933 loss=2.1357
step=9934 loss=1.6976
step=9935 loss=1.2086
step=9936 loss=0.8529
step=9937 loss=2.0453
step=9938 loss=2.4010
step=9939 loss=1.3854
step=9940 loss=1.7023
step=9941 loss=1.2327
step=9942 loss=1.9156
step=9943 loss=1.8322
step=9944 loss=1.1563
step=9945 loss=1.0956
step=9946 loss=1.4733
step=9947 loss=0.5967
step=9948 loss=0.8110
step=9949 loss=1.9988
step=9950 loss=1.8440
step=9951 loss=1.2426
step=9952 loss=0.4952
step=9953 loss=1.3942
step=9954 loss=0.6933
step=9955 loss=1.2396
step=9956 loss=1.2257
step=9957 loss=1.4212
step=9958 loss=1.1284
step=9959 loss=1.1822
step=9960 loss=1.2166
step=9961 loss=1.7316
step=9962 loss=1.6416
step=9963 loss=1.2919
step=9964 loss=0.7366
step=9965 loss=0.7095
step=9966 loss=1.3751
step=9967 loss=1.7173
step=9968 loss=1.4300
step=9969 loss=1.3445
step=9970 loss=1.4330
step=9971 loss=1.1426
step=9972 loss=1.7393
step=9973 loss=1.0118
step=9974 loss=1.8224
step=9975 loss=1.9989
step=9976 loss=0.7603
step=9977 loss=1.1838
step=9978 loss=1.6970
step=9979 loss=1.8142
step=9980 loss=1.5896
step=9981 loss=2.5591
step=9982 loss=1.9780
step=9983 loss=1.7494
step=9984 loss=0.6666
step=9985 loss=1.0279
step=9986 loss=0.9905
step=9987 loss=0.9795
step=9988 loss=1.6990
step=9989 loss=1.7101
step=9990 loss=0.6252
step=9991 loss=2.3736
step=9992 loss=1.3849
step=9993 loss=1.8780
step=9994 loss=0.6956
step=9995 loss=1.4778
step=9996 loss=1.2561
step=9997 loss=1.2852
step=9998 loss=1.1534
step=9999 loss=1.3888
step=10000 loss=1.3062
eval_step=10000 eval_loss=1.1776 eval_ppl=3.25
step=10001 loss=1.4866
step=10002 loss=1.2028
step=10003 loss=1.9315
step=10004 loss=2.1852
step=10005 loss=1.6562
step=10006 loss=1.1775
step=10007 loss=1.4562
step=10008 loss=1.9318
step=10009 loss=2.0948
step=10010 loss=0.7384
step=10011 loss=1.3174
step=10012 loss=0.6073
step=10013 loss=0.6689
step=10014 loss=1.2302
step=10015 loss=1.0454
step=10016 loss=1.3747
step=10017 loss=1.7639
step=10018 loss=0.5702
step=10019 loss=0.8168
step=10020 loss=1.3250
step=10021 loss=0.9431
step=10022 loss=1.5256
step=10023 loss=0.4622
step=10024 loss=1.3174
step=10025 loss=1.5466
step=10026 loss=2.5737
step=10027 loss=2.2935
step=10028 loss=2.1184
step=10029 loss=0.6064
step=10030 loss=1.0530
step=10031 loss=1.3988
step=10032 loss=1.1938
step=10033 loss=1.5392
step=10034 loss=1.7087
step=10035 loss=1.3944
step=10036 loss=1.4114
step=10037 loss=0.7021
step=10038 loss=0.9203
step=10039 loss=1.2069
step=10040 loss=1.3281
step=10041 loss=1.4014
step=10042 loss=1.6617
step=10043 loss=1.6873
step=10044 loss=0.9150
step=10045 loss=1.4068
step=10046 loss=0.8529
step=10047 loss=1.0600
step=10048 loss=0.8761
step=10049 loss=0.9337
step=10050 loss=0.8886
step=10051 loss=1.4670
step=10052 loss=1.4504
step=10053 loss=1.5201
step=10054 loss=1.6982
step=10055 loss=1.3291
step=10056 loss=0.5865
step=10057 loss=1.0646
step=10058 loss=1.3777
step=10059 loss=1.0814
step=10060 loss=1.3430
step=10061 loss=0.6872
step=10062 loss=1.3342
step=10063 loss=1.0896
step=10064 loss=0.5666
step=10065 loss=1.2541
step=10066 loss=1.7120
step=10067 loss=1.4176
step=10068 loss=1.5257
step=10069 loss=1.2089
step=10070 loss=1.4498
step=10071 loss=1.2966
step=10072 loss=1.6914
step=10073 loss=0.6074
step=10074 loss=1.6557
step=10075 loss=0.9371
step=10076 loss=1.5612
step=10077 loss=1.0728
step=10078 loss=1.0200
step=10079 loss=1.9196
step=10080 loss=1.5427
step=10081 loss=2.1997
step=10082 loss=1.5538
step=10083 loss=0.6115
step=10084 loss=0.9547
step=10085 loss=0.9437
step=10086 loss=0.7673
step=10087 loss=1.2508
step=10088 loss=1.1120
step=10089 loss=1.8451
step=10090 loss=0.5142
step=10091 loss=1.7094
step=10092 loss=2.3374
step=10093 loss=1.1229
step=10094 loss=0.6452
step=10095 loss=1.7929
step=10096 loss=1.4379
step=10097 loss=1.4894
step=10098 loss=0.8527
step=10099 loss=1.3645
step=10100 loss=0.5882
step=10101 loss=1.8614
step=10102 loss=0.6071
step=10103 loss=0.5415
step=10104 loss=1.5998
step=10105 loss=1.1955
step=10106 loss=2.1963
step=10107 loss=1.1387
step=10108 loss=2.7886
step=10109 loss=0.9899
step=10110 loss=1.9774
step=10111 loss=0.9375
step=10112 loss=0.6103
step=10113 loss=1.2688
step=10114 loss=1.3135
step=10115 loss=1.7212
step=10116 loss=0.6279
step=10117 loss=1.3019
step=10118 loss=0.5881
step=10119 loss=1.9443
step=10120 loss=0.7257
step=10121 loss=1.1995
step=10122 loss=0.9738
step=10123 loss=1.2978
step=10124 loss=1.1632
step=10125 loss=1.3833
step=10126 loss=1.2198
step=10127 loss=1.0244
step=10128 loss=1.2183
step=10129 loss=1.3948
step=10130 loss=0.6710
step=10131 loss=1.5114
step=10132 loss=1.0307
step=10133 loss=0.9962
step=10134 loss=0.9692
step=10135 loss=1.5477
step=10136 loss=0.9181
step=10137 loss=1.1080
step=10138 loss=1.7128
step=10139 loss=1.5356
step=10140 loss=1.3770
step=10141 loss=1.2598
step=10142 loss=1.6046
step=10143 loss=0.8699
step=10144 loss=0.9344
step=10145 loss=0.9191
step=10146 loss=1.1134
step=10147 loss=0.7886
step=10148 loss=0.7978
step=10149 loss=1.0930
step=10150 loss=1.0537
step=10151 loss=1.5156
step=10152 loss=0.5691
step=10153 loss=0.9535
step=10154 loss=1.4848
step=10155 loss=1.5160
step=10156 loss=1.2374
step=10157 loss=0.9660
step=10158 loss=2.2007
step=10159 loss=0.6044
step=10160 loss=1.7523
step=10161 loss=0.9398
step=10162 loss=2.1037
step=10163 loss=1.2074
step=10164 loss=1.6159
step=10165 loss=2.1707
step=10166 loss=1.1667
step=10167 loss=1.4437
step=10168 loss=0.6818
step=10169 loss=0.5289
step=10170 loss=1.8705
step=10171 loss=1.2604
step=10172 loss=0.8697
step=10173 loss=1.6940
step=10174 loss=1.8946
step=10175 loss=1.0163
step=10176 loss=0.7579
step=10177 loss=0.6254
step=10178 loss=1.1902
step=10179 loss=0.6870
step=10180 loss=2.2412
step=10181 loss=1.0071
step=10182 loss=1.3907
step=10183 loss=1.1476
step=10184 loss=2.0635
step=10185 loss=0.8295
step=10186 loss=1.2522
step=10187 loss=1.7929
step=10188 loss=0.9704
step=10189 loss=0.6229
step=10190 loss=1.3196
step=10191 loss=1.1751
step=10192 loss=1.0508
step=10193 loss=1.1927
step=10194 loss=1.6857
step=10195 loss=1.4220
step=10196 loss=1.8584
step=10197 loss=1.3329
step=10198 loss=1.2043
step=10199 loss=0.4209
step=10200 loss=1.0689
eval_step=10200 eval_loss=1.1029 eval_ppl=3.01
step=10201 loss=1.6652
step=10202 loss=0.8633
step=10203 loss=1.0723
step=10204 loss=0.9278
step=10205 loss=0.9990
step=10206 loss=1.5269
step=10207 loss=1.2946
step=10208 loss=0.8548
step=10209 loss=0.8173
step=10210 loss=0.6431
step=10211 loss=1.3699
step=10212 loss=1.1435
step=10213 loss=0.6377
step=10214 loss=1.2523
step=10215 loss=0.9058
step=10216 loss=0.6869
step=10217 loss=1.9820
step=10218 loss=1.2938
step=10219 loss=1.3324
step=10220 loss=1.2839
step=10221 loss=1.2114
step=10222 loss=0.8559
step=10223 loss=2.0398
step=10224 loss=1.4629
step=10225 loss=1.6342
step=10226 loss=1.4949
step=10227 loss=0.6314
step=10228 loss=1.1584
step=10229 loss=0.7196
step=10230 loss=0.6381
step=10231 loss=1.2215
step=10232 loss=1.5124
step=10233 loss=0.6931
step=10234 loss=0.9738
step=10235 loss=1.7698
step=10236 loss=0.8875
step=10237 loss=1.4018
step=10238 loss=1.9093
step=10239 loss=1.4582
step=10240 loss=0.9738
step=10241 loss=1.0011
step=10242 loss=1.0547
step=10243 loss=1.9172
step=10244 loss=3.0868
step=10245 loss=0.7381
step=10246 loss=0.9465
step=10247 loss=0.9857
step=10248 loss=0.5105
step=10249 loss=1.7476
step=10250 loss=1.6275
step=10251 loss=1.7401
step=10252 loss=1.7919
step=10253 loss=1.3494
step=10254 loss=0.9734
step=10255 loss=0.7150
step=10256 loss=0.9103
step=10257 loss=1.1515
step=10258 loss=0.7651
step=10259 loss=1.7881
step=10260 loss=1.5134
step=10261 loss=0.5183
step=10262 loss=0.7042
step=10263 loss=1.2211
step=10264 loss=1.8771
step=10265 loss=1.3158
step=10266 loss=1.7875
step=10267 loss=1.3965
step=10268 loss=1.2018
step=10269 loss=1.5159
step=10270 loss=1.2108
step=10271 loss=1.1239
step=10272 loss=1.4466
step=10273 loss=0.6875
step=10274 loss=1.4332
step=10275 loss=1.6470
step=10276 loss=1.0447
step=10277 loss=0.8375
step=10278 loss=1.6904
step=10279 loss=1.7737
step=10280 loss=1.6663
step=10281 loss=1.2389
step=10282 loss=0.7268
step=10283 loss=0.8647
step=10284 loss=1.7486
step=10285 loss=1.4837
step=10286 loss=0.5505
step=10287 loss=1.3026
step=10288 loss=1.5544
step=10289 loss=1.3852
step=10290 loss=1.4069
step=10291 loss=1.6146
step=10292 loss=1.1703
step=10293 loss=1.5326
step=10294 loss=1.4515
step=10295 loss=0.8766
step=10296 loss=1.2662
step=10297 loss=1.5694
step=10298 loss=1.6905
step=10299 loss=1.0760
step=10300 loss=2.1165
step=10301 loss=1.7146
step=10302 loss=1.2619
step=10303 loss=0.9407
step=10304 loss=0.9350
step=10305 loss=0.9520
step=10306 loss=2.1005
step=10307 loss=1.2257
step=10308 loss=1.4062
step=10309 loss=0.9262
step=10310 loss=0.6287
step=10311 loss=0.9957
step=10312 loss=0.9622
step=10313 loss=1.9016
step=10314 loss=1.5391
step=10315 loss=0.8973
step=10316 loss=1.1818
step=10317 loss=1.6840
step=10318 loss=1.6569
step=10319 loss=1.1783
step=10320 loss=1.2250
step=10321 loss=2.6200
step=10322 loss=1.4125
step=10323 loss=1.2620
step=10324 loss=1.1081
step=10325 loss=1.6994
step=10326 loss=1.4547
step=10327 loss=1.0756
step=10328 loss=1.5284
step=10329 loss=0.6454
step=10330 loss=1.6237
step=10331 loss=1.0586
step=10332 loss=1.8503
step=10333 loss=2.1744
step=10334 loss=0.5670
step=10335 loss=1.2771
step=10336 loss=0.5959
step=10337 loss=1.5617
step=10338 loss=1.1824
step=10339 loss=1.4881
step=10340 loss=1.6947
step=10341 loss=1.4974
step=10342 loss=0.8214
step=10343 loss=1.1839
step=10344 loss=2.0716
step=10345 loss=1.5920
step=10346 loss=1.1060
step=10347 loss=1.3030
step=10348 loss=1.3944
step=10349 loss=1.2228
step=10350 loss=1.7834
step=10351 loss=1.5231
step=10352 loss=1.2436
step=10353 loss=1.0934
step=10354 loss=1.2169
step=10355 loss=0.8267
step=10356 loss=0.8132
step=10357 loss=0.9994
step=10358 loss=1.2320
step=10359 loss=0.9520
step=10360 loss=0.6588
step=10361 loss=0.7913
step=10362 loss=1.8127
step=10363 loss=1.2429
step=10364 loss=0.5846
step=10365 loss=1.1095
step=10366 loss=0.8869
step=10367 loss=0.9663
step=10368 loss=1.4490
step=10369 loss=1.6753
step=10370 loss=0.7492
step=10371 loss=1.0386
step=10372 loss=0.9157
step=10373 loss=0.8849
step=10374 loss=0.9632
step=10375 loss=1.3228
step=10376 loss=2.0981
step=10377 loss=2.2939
step=10378 loss=2.0536
step=10379 loss=1.7032
step=10380 loss=1.3588
step=10381 loss=1.3900
step=10382 loss=1.2053
step=10383 loss=0.9300
step=10384 loss=1.0626
step=10385 loss=1.0056
step=10386 loss=0.7739
step=10387 loss=1.6307
step=10388 loss=0.9402
step=10389 loss=0.7469
step=10390 loss=0.5073
step=10391 loss=0.5032
step=10392 loss=1.1212
step=10393 loss=0.7574
step=10394 loss=0.8216
step=10395 loss=1.6210
step=10396 loss=1.0344
step=10397 loss=1.9916
step=10398 loss=0.9557
step=10399 loss=1.6066
step=10400 loss=1.2884
eval_step=10400 eval_loss=1.0336 eval_ppl=2.81
step=10401 loss=1.3821
step=10402 loss=1.0046
step=10403 loss=0.7702
step=10404 loss=0.4410
step=10405 loss=0.8230
step=10406 loss=1.4609
step=10407 loss=0.7226
step=10408 loss=1.2561
step=10409 loss=1.5534
step=10410 loss=0.9778
step=10411 loss=1.2349
step=10412 loss=1.6409
step=10413 loss=1.6478
step=10414 loss=0.4858
step=10415 loss=0.8550
step=10416 loss=1.6215
step=10417 loss=1.0403
step=10418 loss=1.2369
step=10419 loss=1.3626
step=10420 loss=1.0196
step=10421 loss=1.3167
step=10422 loss=1.5221
step=10423 loss=0.8604
step=10424 loss=1.1066
step=10425 loss=1.3405
step=10426 loss=1.3790
step=10427 loss=0.7752
step=10428 loss=1.5241
step=10429 loss=0.5053
step=10430 loss=2.0604
step=10431 loss=1.6561
step=10432 loss=0.9826
step=10433 loss=2.1725
step=10434 loss=1.7265
step=10435 loss=0.6755
step=10436 loss=0.6672
step=10437 loss=1.3326
step=10438 loss=1.3044
step=10439 loss=0.3276
step=10440 loss=0.8355
step=10441 loss=1.0193
step=10442 loss=0.8796
step=10443 loss=0.8932
step=10444 loss=1.7009
step=10445 loss=1.4646
step=10446 loss=0.9197
step=10447 loss=2.1298
step=10448 loss=0.6538
step=10449 loss=1.0862
step=10450 loss=0.9111
step=10451 loss=1.1376
step=10452 loss=0.4182
step=10453 loss=0.9884
step=10454 loss=1.3519
step=10455 loss=1.6393
step=10456 loss=1.0100
step=10457 loss=1.3177
step=10458 loss=0.5630
step=10459 loss=0.6222
step=10460 loss=0.9002
step=10461 loss=0.8790
step=10462 loss=1.0667
step=10463 loss=1.0194
step=10464 loss=2.2115
step=10465 loss=1.1871
step=10466 loss=1.3262
step=10467 loss=1.0458
step=10468 loss=0.4368
step=10469 loss=1.5531
step=10470 loss=0.6890
step=10471 loss=0.6277
step=10472 loss=1.3868
step=10473 loss=1.0738
step=10474 loss=1.2247
step=10475 loss=1.0374
step=10476 loss=1.3233
step=10477 loss=0.6491
step=10478 loss=0.9256
step=10479 loss=1.0051
step=10480 loss=0.6515
step=10481 loss=1.3773
step=10482 loss=1.1208
step=10483 loss=1.6598
step=10484 loss=1.2874
step=10485 loss=1.4237
step=10486 loss=1.0791
step=10487 loss=1.0705
step=10488 loss=1.6142
step=10489 loss=1.1984
step=10490 loss=0.9225
step=10491 loss=0.7306
step=10492 loss=0.9237
step=10493 loss=1.0953
step=10494 loss=2.2044
step=10495 loss=0.4930
step=10496 loss=1.7399
step=10497 loss=2.0276
step=10498 loss=1.9272
step=10499 loss=1.7008
step=10500 loss=0.8283
step=10501 loss=0.4365
step=10502 loss=0.9784
step=10503 loss=1.4287
step=10504 loss=1.4163
step=10505 loss=0.3739
step=10506 loss=1.6340
step=10507 loss=0.4869
step=10508 loss=1.0809
step=10509 loss=1.4261
step=10510 loss=0.9899
step=10511 loss=0.8840
step=10512 loss=0.3716
step=10513 loss=0.8704
step=10514 loss=1.0619
step=10515 loss=1.1469
step=10516 loss=1.8226
step=10517 loss=1.7672
step=10518 loss=1.6117
step=10519 loss=0.4495
step=10520 loss=0.4786
step=10521 loss=1.0641
step=10522 loss=1.3618
step=10523 loss=0.5961
step=10524 loss=1.8757
step=10525 loss=1.0830
step=10526 loss=0.9481
step=10527 loss=0.9530
step=10528 loss=1.6972
step=10529 loss=0.9155
step=10530 loss=1.1590
step=10531 loss=1.6608
step=10532 loss=1.3526
step=10533 loss=0.5330
step=10534 loss=1.5568
step=10535 loss=1.2440
step=10536 loss=1.0782
step=10537 loss=1.4022
step=10538 loss=0.7928
step=10539 loss=1.6434
step=10540 loss=2.1730
step=10541 loss=0.9064
step=10542 loss=1.5717
step=10543 loss=1.3119
step=10544 loss=0.4516
step=10545 loss=0.7207
step=10546 loss=1.1649
step=10547 loss=1.1086
step=10548 loss=1.2714
step=10549 loss=1.9040
step=10550 loss=0.8865
step=10551 loss=1.8010
step=10552 loss=1.2171
step=10553 loss=0.4381
step=10554 loss=0.4769
step=10555 loss=1.9270
step=10556 loss=1.3487
step=10557 loss=0.6771
step=10558 loss=0.9168
step=10559 loss=0.5842
step=10560 loss=2.1488
step=10561 loss=1.5911
step=10562 loss=1.2525
step=10563 loss=0.9923
step=10564 loss=0.4688
step=10565 loss=1.1353
step=10566 loss=1.9986
step=10567 loss=0.9839
step=10568 loss=1.5582
step=10569 loss=0.8735
step=10570 loss=1.1345
step=10571 loss=1.3270
step=10572 loss=1.5143
step=10573 loss=0.8705
step=10574 loss=1.4897
step=10575 loss=0.9371
step=10576 loss=0.4851
step=10577 loss=0.8219
step=10578 loss=1.3226
step=10579 loss=0.5148
step=10580 loss=1.4429
step=10581 loss=1.6249
step=10582 loss=1.3969
step=10583 loss=1.1527
step=10584 loss=1.7707
step=10585 loss=1.3843
step=10586 loss=0.6793
step=10587 loss=0.8516
step=10588 loss=1.1756
step=10589 loss=1.0164
step=10590 loss=1.8701
step=10591 loss=0.4985
step=10592 loss=1.1411
step=10593 loss=0.7779
step=10594 loss=1.7263
step=10595 loss=1.3837
step=10596 loss=0.6352
step=10597 loss=1.4563
step=10598 loss=1.9030
step=10599 loss=1.6563
step=10600 loss=0.9023
eval_step=10600 eval_loss=0.9684 eval_ppl=2.63
step=10601 loss=0.4328
step=10602 loss=2.7913
step=10603 loss=0.7967
step=10604 loss=1.7689
step=10605 loss=0.5606
step=10606 loss=0.8569
step=10607 loss=1.1154
step=10608 loss=1.1174
step=10609 loss=1.8605
step=10610 loss=0.9276
step=10611 loss=1.3879
step=10612 loss=0.4413
step=10613 loss=1.4028
step=10614 loss=0.9747
step=10615 loss=0.8371
step=10616 loss=0.5278
step=10617 loss=1.2280
step=10618 loss=1.3860
step=10619 loss=1.5579
step=10620 loss=0.8767
step=10621 loss=0.4442
step=10622 loss=1.2122
step=10623 loss=0.7953
step=10624 loss=0.5306
step=10625 loss=0.9814
step=10626 loss=0.5294
step=10627 loss=0.9135
step=10628 loss=2.1352
step=10629 loss=0.7794
step=10630 loss=1.3067
step=10631 loss=0.9670
step=10632 loss=1.2375
step=10633 loss=1.0880
step=10634 loss=1.3142
step=10635 loss=0.4242
step=10636 loss=1.2943
step=10637 loss=0.7513
step=10638 loss=1.0125
step=10639 loss=1.6506
step=10640 loss=1.1587
step=10641 loss=0.9389
step=10642 loss=1.5026
step=10643 loss=0.7510
step=10644 loss=2.1579
step=10645 loss=1.0575
step=10646 loss=1.8403
step=10647 loss=1.3870
step=10648 loss=0.5127
step=10649 loss=0.3683
step=10650 loss=1.0865
step=10651 loss=0.6532
step=10652 loss=1.4365
step=10653 loss=1.6232
step=10654 loss=1.5305
step=10655 loss=1.6162
step=10656 loss=0.9082
step=10657 loss=0.9670
step=10658 loss=1.4634
step=10659 loss=1.0493
step=10660 loss=2.0857
step=10661 loss=0.4220
step=10662 loss=2.0163
step=10663 loss=0.7446
step=10664 loss=1.1338
step=10665 loss=1.3343
step=10666 loss=0.9341
step=10667 loss=0.8953
step=10668 loss=0.9475
step=10669 loss=1.0614
step=10670 loss=0.3596
step=10671 loss=0.8045
step=10672 loss=0.8739
step=10673 loss=1.1131
step=10674 loss=0.9814
step=10675 loss=1.7349
step=10676 loss=1.4384
step=10677 loss=0.8407
step=10678 loss=1.2526
step=10679 loss=0.6426
step=10680 loss=2.0420
step=10681 loss=0.9866
step=10682 loss=1.1869
step=10683 loss=0.8857
step=10684 loss=0.7914
step=10685 loss=1.5167
step=10686 loss=1.3957
step=10687 loss=0.4793
step=10688 loss=1.6134
step=10689 loss=1.2018
step=10690 loss=2.1400
step=10691 loss=0.6885
step=10692 loss=1.0826
step=10693 loss=1.5779
step=10694 loss=0.7461
step=10695 loss=1.0922
step=10696 loss=0.4515
step=10697 loss=1.2663
step=10698 loss=1.2940
step=10699 loss=0.7874
step=10700 loss=0.3893
step=10701 loss=1.2701
step=10702 loss=0.3989
step=10703 loss=0.3558
step=10704 loss=0.8053
step=10705 loss=0.9482
step=10706 loss=1.7176
step=10707 loss=0.3985
step=10708 loss=0.6714
step=10709 loss=0.3826
step=10710 loss=0.9246
step=10711 loss=1.1901
step=10712 loss=0.6555
step=10713 loss=0.3072
step=10714 loss=0.9712
step=10715 loss=1.9054
step=10716 loss=1.9068
step=10717 loss=0.4282
step=10718 loss=0.4856
step=10719 loss=1.3330
step=10720 loss=0.8330
step=10721 loss=1.1720
step=10722 loss=1.5748
step=10723 loss=0.6232
step=10724 loss=0.6503
step=10725 loss=1.1954
step=10726 loss=0.9505
step=10727 loss=0.8554
step=10728 loss=0.9753
step=10729 loss=0.3974
step=10730 loss=1.5088
step=10731 loss=0.6721
step=10732 loss=1.2921
step=10733 loss=0.8219
step=10734 loss=1.0311
step=10735 loss=1.5084
step=10736 loss=0.4802
step=10737 loss=0.9770
step=10738 loss=1.2382
step=10739 loss=1.0731
step=10740 loss=0.7146
step=10741 loss=0.5118
step=10742 loss=1.1716
step=10743 loss=0.6836
step=10744 loss=0.9676
step=10745 loss=1.0568
step=10746 loss=0.6896
step=10747 loss=1.6121
step=10748 loss=1.3915
step=10749 loss=1.1366
step=10750 loss=0.5478
step=10751 loss=0.5237
step=10752 loss=0.5283
step=10753 loss=1.4029
step=10754 loss=1.1846
step=10755 loss=0.6495
step=10756 loss=2.1347
step=10757 loss=0.5377
step=10758 loss=1.5887
step=10759 loss=1.3977
step=10760 loss=0.4716
step=10761 loss=0.7757
step=10762 loss=1.0621
step=10763 loss=0.8048
step=10764 loss=0.8519
step=10765 loss=1.9725
step=10766 loss=0.3363
step=10767 loss=1.3833
step=10768 loss=0.8142
step=10769 loss=1.6475
step=10770 loss=0.6918
step=10771 loss=0.5856
step=10772 loss=0.4003
step=10773 loss=1.5632
step=10774 loss=1.9992
step=10775 loss=1.4372
step=10776 loss=0.4621
step=10777 loss=1.1179
step=10778 loss=0.2618
step=10779 loss=1.3946
step=10780 loss=1.2282
step=10781 loss=0.9199
step=10782 loss=0.7133
step=10783 loss=1.7652
step=10784 loss=0.3560
step=10785 loss=0.8611
step=10786 loss=1.4224
step=10787 loss=1.3009
step=10788 loss=0.7957
step=10789 loss=1.4335
step=10790 loss=0.9621
step=10791 loss=1.8554
step=10792 loss=0.7180
step=10793 loss=1.3740
step=10794 loss=0.6698
step=10795 loss=1.5252
step=10796 loss=0.7624
step=10797 loss=1.9184
step=10798 loss=1.0452
step=10799 loss=0.9420
step=10800 loss=0.4087
eval_step=10800 eval_loss=0.9099 eval_ppl=2.48
step=10801 loss=1.0155
step=10802 loss=1.6424
step=10803 loss=1.7088
step=10804 loss=1.0549
step=10805 loss=0.7026
step=10806 loss=0.7734
step=10807 loss=1.1637
step=10808 loss=0.7907
step=10809 loss=1.5881
step=10810 loss=1.4287
step=10811 loss=0.4624
step=10812 loss=0.2911
step=10813 loss=1.1257
step=10814 loss=0.8901
step=10815 loss=0.6416
step=10816 loss=1.4209
step=10817 loss=1.4772
step=10818 loss=1.2818
step=10819 loss=0.3619
step=10820 loss=0.6633
step=10821 loss=0.9689
step=10822 loss=1.0191
step=10823 loss=1.3211
step=10824 loss=1.0097
step=10825 loss=1.0465
step=10826 loss=2.0847
step=10827 loss=0.7728
step=10828 loss=1.0937
step=10829 loss=1.5766
step=10830 loss=1.4609
step=10831 loss=0.6830
step=10832 loss=1.0841
step=10833 loss=0.6753
step=10834 loss=0.9246
step=10835 loss=0.3499
step=10836 loss=0.8604
step=10837 loss=0.7217
step=10838 loss=0.9881
step=10839 loss=0.9520
step=10840 loss=0.4812
step=10841 loss=1.3452
step=10842 loss=0.5657
step=10843 loss=0.4380
step=10844 loss=0.8837
step=10845 loss=1.2936
step=10846 loss=0.9602
step=10847 loss=1.2019
step=10848 loss=1.1482
step=10849 loss=0.9447
step=10850 loss=1.0337
step=10851 loss=0.8499
step=10852 loss=0.3683
step=10853 loss=0.8740
step=10854 loss=0.7782
step=10855 loss=1.0155
step=10856 loss=1.6218
step=10857 loss=0.8781
step=10858 loss=1.2771
step=10859 loss=0.8100
step=10860 loss=1.4534
step=10861 loss=0.7992
step=10862 loss=0.4528
step=10863 loss=0.6961
step=10864 loss=1.1854
step=10865 loss=2.1060
step=10866 loss=1.1528
step=10867 loss=0.6422
step=10868 loss=0.6518
step=10869 loss=1.3545
step=10870 loss=1.6694
step=10871 loss=1.4824
step=10872 loss=0.8552
step=10873 loss=1.3722
step=10874 loss=0.7865
step=10875 loss=1.1868
step=10876 loss=0.4654
step=10877 loss=1.3415
step=10878 loss=0.8164
step=10879 loss=0.3249
step=10880 loss=0.8223
step=10881 loss=0.7161
step=10882 loss=1.6089
step=10883 loss=1.1279
step=10884 loss=1.4126
step=10885 loss=1.4681
step=10886 loss=0.6017
step=10887 loss=1.2511
step=10888 loss=0.3520
step=10889 loss=0.7496
step=10890 loss=1.1269
step=10891 loss=1.3354
step=10892 loss=1.2498
step=10893 loss=1.3274
step=10894 loss=0.3614
step=10895 loss=0.6830
step=10896 loss=0.5141
step=10897 loss=0.9113
step=10898 loss=1.8252
step=10899 loss=1.3753
step=10900 loss=0.7658
step=10901 loss=0.2653
step=10902 loss=1.2047
step=10903 loss=1.2306
step=10904 loss=0.9291
step=10905 loss=0.7162
step=10906 loss=1.8220
step=10907 loss=0.7950
step=10908 loss=1.3154
step=10909 loss=1.1498
step=10910 loss=1.0476
step=10911 loss=1.3145
step=10912 loss=1.4472
step=10913 loss=0.2704
step=10914 loss=1.2337
step=10915 loss=0.3618
step=10916 loss=1.3267
step=10917 loss=1.0569
step=10918 loss=1.2723
step=10919 loss=0.7742
step=10920 loss=0.9846
step=10921 loss=0.6581
step=10922 loss=1.4036
step=10923 loss=0.7693
step=10924 loss=0.7667
step=10925 loss=0.3716
step=10926 loss=3.2364
step=10927 loss=0.6837
step=10928 loss=0.8286
step=10929 loss=1.5933
step=10930 loss=0.3342
step=10931 loss=1.4050
step=10932 loss=1.4180
step=10933 loss=0.5916
step=10934 loss=0.6152
step=10935 loss=0.5992
step=10936 loss=0.8393
step=10937 loss=1.7350
step=10938 loss=0.8414
step=10939 loss=0.3660
step=10940 loss=1.3468
step=10941 loss=0.8001
step=10942 loss=0.7919
step=10943 loss=1.3452
step=10944 loss=0.7076
step=10945 loss=1.9465
step=10946 loss=0.8906
step=10947 loss=1.2052
step=10948 loss=0.3776
step=10949 loss=1.2865
step=10950 loss=0.6152
step=10951 loss=1.4653
step=10952 loss=1.7763
step=10953 loss=0.3641
step=10954 loss=0.3254
step=10955 loss=0.3411
step=10956 loss=1.0911
step=10957 loss=0.4347
step=10958 loss=0.7693
step=10959 loss=0.4031
step=10960 loss=0.3552
step=10961 loss=1.1593
step=10962 loss=1.2045
step=10963 loss=0.8159
step=10964 loss=0.6284
step=10965 loss=0.6624
step=10966 loss=1.3949
step=10967 loss=1.0134
step=10968 loss=1.1763
step=10969 loss=1.1293
step=10970 loss=1.0420
step=10971 loss=1.1864
step=10972 loss=0.9748
step=10973 loss=0.4956
step=10974 loss=0.3293
step=10975 loss=0.2874
step=10976 loss=0.8998
step=10977 loss=0.6487
step=10978 loss=1.1805
step=10979 loss=2.1585
step=10980 loss=0.7296
step=10981 loss=1.8218
step=10982 loss=1.5469
step=10983 loss=1.5083
step=10984 loss=0.6301
step=10985 loss=1.1660
step=10986 loss=1.8067
step=10987 loss=0.7586
step=10988 loss=0.7069
step=10989 loss=1.0936
step=10990 loss=1.5734
step=10991 loss=0.8467
step=10992 loss=0.3977
step=10993 loss=0.9815
step=10994 loss=1.3546
step=10995 loss=1.0798
step=10996 loss=1.5546
step=10997 loss=1.2486
step=10998 loss=1.8371
step=10999 loss=1.7288
step=11000 loss=0.3711
eval_step=11000 eval_loss=0.8566 eval_ppl=2.36
step=11001 loss=1.4976
step=11002 loss=0.3892
step=11003 loss=0.9347
step=11004 loss=1.1161
step=11005 loss=1.0208
step=11006 loss=1.2982
step=11007 loss=1.0284
step=11008 loss=1.1796
step=11009 loss=0.2844
step=11010 loss=1.0836
step=11011 loss=0.9542
step=11012 loss=0.3759
step=11013 loss=0.7217
step=11014 loss=1.0610
step=11015 loss=0.3560
step=11016 loss=0.9795
step=11017 loss=0.6326
step=11018 loss=1.6274
step=11019 loss=0.7659
step=11020 loss=1.7274
step=11021 loss=1.1499
step=11022 loss=0.6433
step=11023 loss=1.1663
step=11024 loss=1.9676
step=11025 loss=0.8817
step=11026 loss=0.4639
step=11027 loss=0.9885
step=11028 loss=0.7842
step=11029 loss=0.9695
step=11030 loss=1.1674
step=11031 loss=0.8240
step=11032 loss=1.0733
step=11033 loss=1.1150
step=11034 loss=1.5327
step=11035 loss=1.2745
step=11036 loss=0.6592
step=11037 loss=0.7712
step=11038 loss=0.8443
step=11039 loss=1.5609
step=11040 loss=0.3781
step=11041 loss=1.2783
step=11042 loss=1.1046
step=11043 loss=0.2476
step=11044 loss=0.9286
step=11045 loss=0.9530
step=11046 loss=1.3922
step=11047 loss=0.8154
step=11048 loss=1.6959
step=11049 loss=0.7361
step=11050 loss=0.3091
step=11051 loss=1.0206
step=11052 loss=0.8430
step=11053 loss=0.2881
step=11054 loss=1.0446
step=11055 loss=1.8678
step=11056 loss=0.3771
step=11057 loss=0.4914
step=11058 loss=1.1253
step=11059 loss=1.1597
step=11060 loss=1.0826
step=11061 loss=1.3103
step=11062 loss=2.0555
step=11063 loss=0.7012
step=11064 loss=1.5350
step=11065 loss=1.1809
step=11066 loss=2.4547
step=11067 loss=1.5171
step=11068 loss=0.4001
step=11069 loss=0.8492
step=11070 loss=1.0793
step=11071 loss=1.1542
step=11072 loss=1.1844
step=11073 loss=1.1929
step=11074 loss=1.2705
step=11075 loss=0.8101
step=11076 loss=0.8166
step=11077 loss=1.1157
step=11078 loss=1.3272
step=11079 loss=0.8122
step=11080 loss=0.5403
step=11081 loss=1.2089
step=11082 loss=0.7581
step=11083 loss=0.7902
step=11084 loss=1.1091
step=11085 loss=0.5771
step=11086 loss=1.0173
step=11087 loss=1.5336
step=11088 loss=0.6026
step=11089 loss=0.5599
step=11090 loss=0.8691
step=11091 loss=0.3593
step=11092 loss=1.5332
step=11093 loss=0.5378
step=11094 loss=1.2799
step=11095 loss=1.2770
step=11096 loss=1.5328
step=11097 loss=0.9681
step=11098 loss=0.5528
step=11099 loss=0.3436
step=11100 loss=0.8086
step=11101 loss=1.0548
step=11102 loss=1.2332
step=11103 loss=1.0969
step=11104 loss=1.2131
step=11105 loss=0.5888
step=11106 loss=1.5565
step=11107 loss=1.3536
step=11108 loss=0.8352
step=11109 loss=0.2798
step=11110 loss=0.3062
step=11111 loss=0.5812
step=11112 loss=0.3117
step=11113 loss=1.0192
step=11114 loss=0.7652
step=11115 loss=0.5763
step=11116 loss=1.2356
step=11117 loss=0.3850
step=11118 loss=1.0521
step=11119 loss=1.0249
step=11120 loss=1.2705
step=11121 loss=0.7311
step=11122 loss=1.2409
step=11123 loss=0.7908
step=11124 loss=1.5859
step=11125 loss=0.6506
step=11126 loss=1.0804
step=11127 loss=1.3359
step=11128 loss=1.3499
step=11129 loss=0.3994
step=11130 loss=0.6819
step=11131 loss=1.0211
step=11132 loss=0.7056
step=11133 loss=1.5586
step=11134 loss=0.8741
step=11135 loss=0.5975
step=11136 loss=1.6681
step=11137 loss=0.7233
step=11138 loss=0.3859
step=11139 loss=1.2467
step=11140 loss=0.9993
step=11141 loss=0.3361
step=11142 loss=0.6130
step=11143 loss=0.5524
step=11144 loss=0.9118
step=11145 loss=1.1870
step=11146 loss=0.7224
step=11147 loss=0.9538
step=11148 loss=0.9748
step=11149 loss=0.3214
step=11150 loss=0.3594
step=11151 loss=1.0437
step=11152 loss=0.2946
step=11153 loss=0.8512
step=11154 loss=0.6108
step=11155 loss=0.8630
step=11156 loss=1.4798
step=11157 loss=0.9188
step=11158 loss=0.9038
step=11159 loss=1.7171
step=11160 loss=0.7260
step=11161 loss=0.5443
step=11162 loss=2.6328
step=11163 loss=0.2222
step=11164 loss=0.4931
step=11165 loss=1.8956
step=11166 loss=0.4281
step=11167 loss=0.7092
step=11168 loss=0.7129
step=11169 loss=0.8992
step=11170 loss=0.4017
step=11171 loss=0.9628
step=11172 loss=0.4501
step=11173 loss=1.2336
step=11174 loss=0.7403
step=11175 loss=0.9769
step=11176 loss=0.6821
step=11177 loss=0.4168
step=11178 loss=1.2524
step=11179 loss=1.7801
step=11180 loss=1.8622
step=11181 loss=0.4712
step=11182 loss=1.7350
step=11183 loss=0.2879
step=11184 loss=1.3588
step=11185 loss=1.0772
step=11186 loss=0.7203
step=11187 loss=1.1484
step=11188 loss=0.6813
step=11189 loss=0.6350
step=11190 loss=0.4507
step=11191 loss=0.8140
step=11192 loss=0.9707
step=11193 loss=0.5820
step=11194 loss=0.2853
step=11195 loss=0.6885
step=11196 loss=1.1688
step=11197 loss=0.9536
step=11198 loss=0.8575
step=11199 loss=1.0266
step=11200 loss=0.4857
eval_step=11200 eval_loss=0.8095 eval_ppl=2.25
step=11201 loss=1.5467
step=11202 loss=0.6881
step=11203 loss=0.3526
step=11204 loss=0.8332
step=11205 loss=1.1211
step=11206 loss=0.4046
step=11207 loss=1.2967
step=11208 loss=0.6236
step=11209 loss=0.2365
step=11210 loss=1.5375
step=11211 loss=0.2470
step=11212 loss=1.1021
step=11213 loss=1.1929
step=11214 loss=0.6174
step=11215 loss=0.3872
step=11216 loss=0.3910
step=11217 loss=0.3628
step=11218 loss=0.5810
step=11219 loss=1.1217
step=11220 loss=1.5412
step=11221 loss=0.5378
step=11222 loss=0.4234
step=11223 loss=0.7514
step=11224 loss=0.7994
step=11225 loss=0.6732
step=11226 loss=0.3325
step=11227 loss=1.1816
step=11228 loss=0.2870
step=11229 loss=1.0891
step=11230 loss=1.1838
step=11231 loss=0.3954
step=11232 loss=0.2828
step=11233 loss=0.9372
step=11234 loss=0.7487
step=11235 loss=0.9029
step=11236 loss=0.3511
step=11237 loss=0.6596
step=11238 loss=0.5662
step=11239 loss=0.8673
step=11240 loss=0.3061
step=11241 loss=0.7482
step=11242 loss=0.3875
step=11243 loss=0.6120
step=11244 loss=0.5522
step=11245 loss=1.5830
step=11246 loss=0.6155
step=11247 loss=0.2858
step=11248 loss=1.1552
step=11249 loss=0.8225
step=11250 loss=0.7019
step=11251 loss=0.5853
step=11252 loss=0.2981
step=11253 loss=1.5054
step=11254 loss=0.7703
step=11255 loss=0.2516
step=11256 loss=0.8314
step=11257 loss=1.0457
step=11258 loss=1.6287
step=11259 loss=1.3802
step=11260 loss=0.2877
step=11261 loss=1.8933
step=11262 loss=0.3817
step=11263 loss=0.7055
step=11264 loss=1.0677
step=11265 loss=1.2450
step=11266 loss=0.5897
step=11267 loss=0.5379
step=11268 loss=0.3670
step=11269 loss=1.9857
step=11270 loss=0.6335
step=11271 loss=2.1894
step=11272 loss=0.8107
step=11273 loss=1.0106
step=11274 loss=1.4623
step=11275 loss=0.3315
step=11276 loss=1.1852
step=11277 loss=0.4947
step=11278 loss=0.2630
step=11279 loss=0.3308
step=11280 loss=1.3314
step=11281 loss=0.5559
step=11282 loss=0.9489
step=11283 loss=0.6009
step=11284 loss=0.7177
step=11285 loss=0.3566
step=11286 loss=0.5875
step=11287 loss=0.7669
step=11288 loss=1.6494
step=11289 loss=0.2186
step=11290 loss=1.6345
step=11291 loss=0.5175
step=11292 loss=1.2133
step=11293 loss=0.3228
step=11294 loss=0.1899
step=11295 loss=0.2869
step=11296 loss=1.1863
step=11297 loss=1.6013
step=11298 loss=0.8176
step=11299 loss=1.3953
step=11300 loss=1.4386
step=11301 loss=0.9716
step=11302 loss=0.5622
step=11303 loss=1.0922
step=11304 loss=1.0473
step=11305 loss=0.7402
step=11306 loss=0.4664
step=11307 loss=1.0990
step=11308 loss=0.9341
step=11309 loss=0.5103
step=11310 loss=1.1927
step=11311 loss=1.0490
step=11312 loss=0.3874
step=11313 loss=0.5222
step=11314 loss=0.7175
step=11315 loss=1.5515
step=11316 loss=0.7748
step=11317 loss=0.4725
step=11318 loss=1.0652
step=11319 loss=0.4839
step=11320 loss=1.4173
step=11321 loss=0.3110
step=11322 loss=0.3136
step=11323 loss=1.5922
step=11324 loss=0.2835
step=11325 loss=0.9299
step=11326 loss=0.6170
step=11327 loss=1.0534
step=11328 loss=1.0129
step=11329 loss=1.0170
step=11330 loss=1.4519
step=11331 loss=1.5721
step=11332 loss=2.3660
step=11333 loss=0.8789
step=11334 loss=0.7206
step=11335 loss=0.5445
step=11336 loss=1.4585
step=11337 loss=0.5213
step=11338 loss=1.1689
step=11339 loss=0.7048
step=11340 loss=1.4726
step=11341 loss=0.3141
step=11342 loss=0.4537
step=11343 loss=1.2163
step=11344 loss=0.2744
step=11345 loss=1.3592
step=11346 loss=0.7533
step=11347 loss=0.5503
step=11348 loss=0.3238
step=11349 loss=0.3798
step=11350 loss=0.5656
step=11351 loss=1.6101
step=11352 loss=1.2240
step=11353 loss=0.2745
step=11354 loss=1.6165
step=11355 loss=0.3104
step=11356 loss=1.0610
step=11357 loss=0.8593
step=11358 loss=0.5969
step=11359 loss=0.6683
step=11360 loss=0.6320
step=11361 loss=0.9865
step=11362 loss=1.0203
step=11363 loss=0.6676
step=11364 loss=0.8437
step=11365 loss=0.3062
step=11366 loss=0.6684
step=11367 loss=0.3284
step=11368 loss=0.2545
step=11369 loss=1.1054
step=11370 loss=1.1010
step=11371 loss=1.0711
step=11372 loss=0.8556
step=11373 loss=0.7488
step=11374 loss=0.8593
step=11375 loss=0.9651
step=11376 loss=0.9998
step=11377 loss=0.7013
step=11378 loss=0.3972
step=11379 loss=0.6596
step=11380 loss=1.1440
step=11381 loss=1.3796
step=11382 loss=0.6759
step=11383 loss=1.0142
step=11384 loss=0.5290
step=11385 loss=0.9593
step=11386 loss=0.6242
step=11387 loss=0.6827
step=11388 loss=0.2437
step=11389 loss=0.8475
step=11390 loss=0.6529
step=11391 loss=0.9747
step=11392 loss=0.3058
step=11393 loss=0.7469
step=11394 loss=1.8337
step=11395 loss=1.4365
step=11396 loss=0.6964
step=11397 loss=0.3543
step=11398 loss=1.4364
step=11399 loss=0.2527
step=11400 loss=0.9055
eval_step=11400 eval_loss=0.7677 eval_ppl=2.15
step=11401 loss=0.3243
step=11402 loss=1.0153
step=11403 loss=1.2805
step=11404 loss=0.8649
step=11405 loss=0.4613
step=11406 loss=0.7088
step=11407 loss=1.0447
step=11408 loss=0.8573
step=11409 loss=1.5095
step=11410 loss=1.0371
step=11411 loss=1.8618
step=11412 loss=1.5463
step=11413 loss=0.2801
step=11414 loss=0.3568
step=11415 loss=0.2231
step=11416 loss=0.8434
step=11417 loss=0.4607
step=11418 loss=1.0435
step=11419 loss=0.7336
step=11420 loss=0.6439
step=11421 loss=0.7748
step=11422 loss=1.1834
step=11423 loss=0.2104
step=11424 loss=0.5626
step=11425 loss=0.9005
step=11426 loss=1.0999
step=11427 loss=0.3015
step=11428 loss=1.3154
step=11429 loss=1.1029
step=11430 loss=0.2835
step=11431 loss=0.3187
step=11432 loss=0.7186
step=11433 loss=0.6783
step=11434 loss=0.8110
step=11435 loss=0.9882
step=11436 loss=0.6958
step=11437 loss=0.7638
step=11438 loss=0.2799
step=11439 loss=0.7733
step=11440 loss=0.6408
step=11441 loss=0.6732
step=11442 loss=0.4586
step=11443 loss=1.0744
step=11444 loss=0.8717
step=11445 loss=0.9434
step=11446 loss=0.7750
step=11447 loss=1.3054
step=11448 loss=1.2899
step=11449 loss=1.2829
step=11450 loss=0.9928
step=11451 loss=1.2424
step=11452 loss=1.1526
step=11453 loss=0.7616
step=11454 loss=0.7029
step=11455 loss=0.8375
step=11456 loss=0.9250
step=11457 loss=1.6284
step=11458 loss=0.9255
step=11459 loss=1.2172
step=11460 loss=0.6129
step=11461 loss=0.7110
step=11462 loss=0.8127
step=11463 loss=0.8565
step=11464 loss=1.1502
step=11465 loss=1.8485
step=11466 loss=0.9026
step=11467 loss=0.8214
step=11468 loss=1.0569
step=11469 loss=1.0755
step=11470 loss=0.9147
step=11471 loss=0.8015
step=11472 loss=0.8760
step=11473 loss=1.1444
step=11474 loss=0.8147
step=11475 loss=0.2844
step=11476 loss=0.3382
step=11477 loss=0.9087
step=11478 loss=1.0110
step=11479 loss=0.9713
step=11480 loss=1.1321
step=11481 loss=0.9147
step=11482 loss=1.2127
step=11483 loss=0.3124
step=11484 loss=0.6816
step=11485 loss=1.5358
step=11486 loss=0.9229
step=11487 loss=0.8427
step=11488 loss=0.9794
step=11489 loss=0.9939
step=11490 loss=0.8763
step=11491 loss=1.2461
step=11492 loss=0.4440
step=11493 loss=0.1831
step=11494 loss=0.3465
step=11495 loss=1.0273
step=11496 loss=0.2969
step=11497 loss=1.3123
step=11498 loss=0.2218
step=11499 loss=0.8571
step=11500 loss=0.3342
step=11501 loss=0.8408
step=11502 loss=1.1843
step=11503 loss=1.1317
step=11504 loss=0.6156
step=11505 loss=1.5408
step=11506 loss=1.0238
step=11507 loss=0.6946
step=11508 loss=0.6641
step=11509 loss=1.1552
step=11510 loss=0.6017
step=11511 loss=1.4190
step=11512 loss=1.5447
step=11513 loss=0.7570
step=11514 loss=1.1860
step=11515 loss=1.1375
step=11516 loss=0.2542
step=11517 loss=0.9323
step=11518 loss=1.0551
step=11519 loss=0.7883
step=11520 loss=0.6787
step=11521 loss=1.2483
step=11522 loss=0.8848
step=11523 loss=0.8705
step=11524 loss=0.6210
step=11525 loss=0.9639
step=11526 loss=1.3313
step=11527 loss=0.6825
step=11528 loss=0.6053
step=11529 loss=1.4419
step=11530 loss=0.9610
step=11531 loss=0.2553
step=11532 loss=1.0261
step=11533 loss=0.8238
step=11534 loss=0.5755
step=11535 loss=1.8605
step=11536 loss=1.0666
step=11537 loss=0.2748
step=11538 loss=0.7274
step=11539 loss=1.2917
step=11540 loss=1.4119
step=11541 loss=0.6302
step=11542 loss=0.6226
step=11543 loss=1.3789
step=11544 loss=0.2678
step=11545 loss=1.7579
step=11546 loss=0.5100
step=11547 loss=1.0420
step=11548 loss=0.2193
step=11549 loss=1.0150
step=11550 loss=0.8079
step=11551 loss=0.5521
step=11552 loss=0.5929
step=11553 loss=1.6129
step=11554 loss=0.4784
step=11555 loss=1.0572
step=11556 loss=0.8071
step=11557 loss=0.8691
step=11558 loss=0.8155
step=11559 loss=1.0143
step=11560 loss=0.9291
step=11561 loss=1.2257
step=11562 loss=0.9210
step=11563 loss=0.5564
step=11564 loss=0.4436
step=11565 loss=0.8403
step=11566 loss=1.9831
step=11567 loss=0.7711
step=11568 loss=1.1516
step=11569 loss=1.0462
step=11570 loss=0.9555
step=11571 loss=0.2178
step=11572 loss=0.2557
step=11573 loss=0.2365
step=11574 loss=1.1459
step=11575 loss=0.7641
step=11576 loss=0.5871
step=11577 loss=0.7614
step=11578 loss=0.8758
step=11579 loss=0.3167
step=11580 loss=0.8464
step=11581 loss=0.4658
step=11582 loss=1.8362
step=11583 loss=0.7733
step=11584 loss=0.2257
step=11585 loss=0.5763
step=11586 loss=0.8896
step=11587 loss=1.1332
step=11588 loss=0.7024
step=11589 loss=0.2213
step=11590 loss=0.7459
step=11591 loss=0.9509
step=11592 loss=0.4476
step=11593 loss=1.7573
step=11594 loss=0.3307
step=11595 loss=0.4616
step=11596 loss=0.2338
step=11597 loss=0.4618
step=11598 loss=0.2275
step=11599 loss=0.8341
step=11600 loss=0.6981
eval_step=11600 eval_loss=0.7271 eval_ppl=2.07
step=11601 loss=1.2003
step=11602 loss=0.9313
step=11603 loss=0.5960
step=11604 loss=0.6441
step=11605 loss=0.7984
step=11606 loss=0.9923
step=11607 loss=0.4765
step=11608 loss=0.5355
step=11609 loss=0.2375
step=11610 loss=0.6218
step=11611 loss=1.1987
step=11612 loss=1.0448
step=11613 loss=0.4686
step=11614 loss=0.2606
step=11615 loss=0.4901
step=11616 loss=0.7851
step=11617 loss=0.4511
step=11618 loss=0.2275
step=11619 loss=1.2675
step=11620 loss=0.6837
step=11621 loss=0.2257
step=11622 loss=1.1542
step=11623 loss=0.5476
step=11624 loss=0.4920
step=11625 loss=0.8274
step=11626 loss=0.2533
step=11627 loss=1.0607
step=11628 loss=0.1817
step=11629 loss=1.0808
step=11630 loss=1.1920
step=11631 loss=0.7495
step=11632 loss=0.4534
step=11633 loss=0.2490
step=11634 loss=0.6303
step=11635 loss=0.4600
step=11636 loss=0.7198
step=11637 loss=1.4166
step=11638 loss=0.2302
step=11639 loss=0.8616
step=11640 loss=0.3061
step=11641 loss=1.6278
step=11642 loss=0.6273
step=11643 loss=0.2986
step=11644 loss=1.2041
step=11645 loss=1.1181
step=11646 loss=0.9020
step=11647 loss=0.6226
step=11648 loss=0.4219
step=11649 loss=0.2917
step=11650 loss=1.1347
step=11651 loss=0.2018
step=11652 loss=0.1628
step=11653 loss=0.9528
step=11654 loss=1.0914
step=11655 loss=1.0692
step=11656 loss=1.3278
step=11657 loss=0.2225
step=11658 loss=0.5534
step=11659 loss=0.5323
step=11660 loss=0.7515
step=11661 loss=0.2534
step=11662 loss=0.6781
step=11663 loss=0.7597
step=11664 loss=0.4735
step=11665 loss=0.2308
step=11666 loss=0.9949
step=11667 loss=0.8764
step=11668 loss=0.8437
step=11669 loss=0.5930
step=11670 loss=1.2824
step=11671 loss=0.5355
step=11672 loss=0.2134
step=11673 loss=0.7706
step=11674 loss=1.2004
step=11675 loss=0.6010
step=11676 loss=0.1652
step=11677 loss=0.3530
step=11678 loss=0.9639
step=11679 loss=0.1592
step=11680 loss=0.4890
step=11681 loss=1.4262
step=11682 loss=1.2899
step=11683 loss=0.2364
step=11684 loss=0.3864
step=11685 loss=1.1717
step=11686 loss=1.7070
step=11687 loss=0.9463
step=11688 loss=0.8372
step=11689 loss=1.2892
step=11690 loss=1.2053
step=11691 loss=0.1764
step=11692 loss=1.4448
step=11693 loss=0.8461
step=11694 loss=0.5458
step=11695 loss=0.9565
step=11696 loss=0.8447
step=11697 loss=0.9730
step=11698 loss=0.5144
step=11699 loss=0.9390
step=11700 loss=0.7199
step=11701 loss=1.2214
step=11702 loss=0.5881
step=11703 loss=0.9269
step=11704 loss=1.4748
step=11705 loss=0.2612
step=11706 loss=0.2211
step=11707 loss=0.8383
step=11708 loss=0.2267
step=11709 loss=1.0637
step=11710 loss=0.8490
step=11711 loss=0.7864
step=11712 loss=0.4346
step=11713 loss=0.7345
step=11714 loss=1.6448
step=11715 loss=0.1921
step=11716 loss=0.1982
step=11717 loss=1.9867
step=11718 loss=1.2049
step=11719 loss=0.5451
step=11720 loss=1.0791
step=11721 loss=0.6509
step=11722 loss=1.3841
step=11723 loss=1.1970
step=11724 loss=0.6852
step=11725 loss=0.7752
step=11726 loss=0.6166
step=11727 loss=0.3567
step=11728 loss=0.6550
step=11729 loss=1.4123
step=11730 loss=1.1134
step=11731 loss=0.9804
step=11732 loss=1.1717
step=11733 loss=0.4969
step=11734 loss=0.9154
step=11735 loss=0.7406
step=11736 loss=0.2405
step=11737 loss=0.7046
step=11738 loss=0.6696
step=11739 loss=1.1897
step=11740 loss=0.5894
step=11741 loss=1.0554
step=11742 loss=0.6750
step=11743 loss=0.9723
step=11744 loss=0.9022
step=11745 loss=0.4451
step=11746 loss=0.2394
step=11747 loss=0.5307
step=11748 loss=0.5984
step=11749 loss=1.3733
step=11750 loss=0.1294
step=11751 loss=0.9554
step=11752 loss=0.6307
step=11753 loss=0.2488
step=11754 loss=1.6412
step=11755 loss=0.8990
step=11756 loss=0.8149
step=11757 loss=0.8650
step=11758 loss=0.5807
step=11759 loss=0.6407
step=11760 loss=1.9017
step=11761 loss=0.4970
step=11762 loss=0.8774
step=11763 loss=0.5731
step=11764 loss=0.6363
step=11765 loss=0.8827
step=11766 loss=1.7900
step=11767 loss=0.4468
step=11768 loss=0.2400
step=11769 loss=0.6075
step=11770 loss=1.2321
step=11771 loss=0.4568
step=11772 loss=1.3111
step=11773 loss=0.1849
step=11774 loss=1.0435
step=11775 loss=0.8003
step=11776 loss=0.8641
step=11777 loss=0.3098
step=11778 loss=0.9471
step=11779 loss=0.4523
step=11780 loss=1.7243
step=11781 loss=0.2196
step=11782 loss=1.0460
step=11783 loss=0.9349
step=11784 loss=0.9339
step=11785 loss=1.3301
step=11786 loss=0.8851
step=11787 loss=0.7542
step=11788 loss=1.1714
step=11789 loss=1.3217
step=11790 loss=1.5847
step=11791 loss=0.4325
step=11792 loss=0.2135
step=11793 loss=0.1888
step=11794 loss=1.0037
step=11795 loss=0.4599
step=11796 loss=1.1958
step=11797 loss=0.7109
step=11798 loss=1.3522
step=11799 loss=0.2427
step=11800 loss=0.1993
eval_step=11800 eval_loss=0.6946 eval_ppl=2.00
step=11801 loss=1.6584
step=11802 loss=0.5998
step=11803 loss=0.9695
step=11804 loss=0.9723
step=11805 loss=1.3212
step=11806 loss=1.6383
step=11807 loss=1.1395
step=11808 loss=1.4195
step=11809 loss=1.0698
step=11810 loss=0.5240
step=11811 loss=1.0326
step=11812 loss=0.8292
step=11813 loss=1.2823
step=11814 loss=0.7438
step=11815 loss=0.6951
step=11816 loss=0.6791
step=11817 loss=0.2467
step=11818 loss=1.7973
step=11819 loss=1.4184
step=11820 loss=1.6302
step=11821 loss=0.9960
step=11822 loss=0.4176
step=11823 loss=0.9603
step=11824 loss=0.6490
step=11825 loss=0.8456
step=11826 loss=0.4386
step=11827 loss=0.6056
step=11828 loss=1.0052
step=11829 loss=1.2891
step=11830 loss=1.1503
step=11831 loss=1.3958
step=11832 loss=0.4809
step=11833 loss=1.2370
step=11834 loss=0.8251
step=11835 loss=0.5405
step=11836 loss=0.8167
step=11837 loss=1.4790
step=11838 loss=0.5364
step=11839 loss=0.8726
step=11840 loss=1.5328
step=11841 loss=0.4896
step=11842 loss=0.7870
step=11843 loss=0.6276
step=11844 loss=1.3532
step=11845 loss=1.0007
step=11846 loss=1.0601
step=11847 loss=0.9551
step=11848 loss=1.0705
step=11849 loss=1.4123
step=11850 loss=0.2138
step=11851 loss=0.7040
step=11852 loss=0.5673
step=11853 loss=0.1639
step=11854 loss=1.4099
step=11855 loss=0.3992
step=11856 loss=2.1827
step=11857 loss=1.0726
step=11858 loss=0.3467
step=11859 loss=1.3372
step=11860 loss=0.1649
step=11861 loss=1.3811
step=11862 loss=0.1467
step=11863 loss=0.6158
step=11864 loss=0.6779
step=11865 loss=0.2297
step=11866 loss=0.2006
step=11867 loss=1.7214
step=11868 loss=1.1180
step=11869 loss=0.1967
step=11870 loss=0.3414
step=11871 loss=0.6746
step=11872 loss=0.7728
step=11873 loss=0.7667
step=11874 loss=0.7253
step=11875 loss=0.7340
step=11876 loss=0.8009
step=11877 loss=0.2421
step=11878 loss=0.3466
step=11879 loss=1.7590
step=11880 loss=1.0349
step=11881 loss=0.2127
step=11882 loss=1.3838
step=11883 loss=0.5059
step=11884 loss=0.4121
step=11885 loss=0.5666
step=11886 loss=1.0621
step=11887 loss=0.6752
step=11888 loss=0.2149
step=11889 loss=1.1779
step=11890 loss=1.0357
step=11891 loss=0.5295
step=11892 loss=0.9531
step=11893 loss=1.1277
step=11894 loss=0.8633
step=11895 loss=0.9460
step=11896 loss=1.0683
step=11897 loss=0.6486
step=11898 loss=1.0224
step=11899 loss=1.6324
step=11900 loss=0.1654
step=11901 loss=1.0901
step=11902 loss=1.0052
step=11903 loss=0.2230
step=11904 loss=0.3936
step=11905 loss=0.7100
step=11906 loss=0.1703
step=11907 loss=0.9472
step=11908 loss=0.4733
step=11909 loss=0.3217
step=11910 loss=1.0611
step=11911 loss=0.5198
step=11912 loss=1.1111
step=11913 loss=1.4564
step=11914 loss=0.8528
step=11915 loss=1.2834
step=11916 loss=0.5871
step=11917 loss=0.3420
step=11918 loss=1.0554
step=11919 loss=0.1968
step=11920 loss=0.1840
step=11921 loss=0.7466
step=11922 loss=1.0025
step=11923 loss=1.3252
step=11924 loss=0.7566
step=11925 loss=0.7106
step=11926 loss=0.1246
step=11927 loss=0.2077
step=11928 loss=0.5715
step=11929 loss=0.1804
step=11930 loss=1.0780
step=11931 loss=0.8744
step=11932 loss=0.7512
step=11933 loss=0.8622
step=11934 loss=0.7846
step=11935 loss=1.5460
step=11936 loss=0.5903
step=11937 loss=0.7200
step=11938 loss=0.7725
step=11939 loss=0.5782
step=11940 loss=1.0611
step=11941 loss=0.9261
step=11942 loss=0.1684
step=11943 loss=1.2387
step=11944 loss=0.4873
step=11945 loss=0.6356
step=11946 loss=1.1270
step=11947 loss=0.5828
step=11948 loss=1.0165
step=11949 loss=0.7999
step=11950 loss=0.1944
step=11951 loss=1.4170
step=11952 loss=0.3928
step=11953 loss=0.4725
step=11954 loss=1.4118
step=11955 loss=0.1757
step=11956 loss=0.3141
step=11957 loss=1.3157
step=11958 loss=1.0002
step=11959 loss=1.6711
step=11960 loss=1.3833
step=11961 loss=0.3933
step=11962 loss=0.8368
step=11963 loss=0.1692
step=11964 loss=0.1992
step=11965 loss=0.5632
step=11966 loss=0.7658
step=11967 loss=0.5937
step=11968 loss=0.7006
step=11969 loss=0.4335
step=11970 loss=0.3964
step=11971 loss=0.1578
step=11972 loss=0.3738
step=11973 loss=1.3907
step=11974 loss=0.3567
step=11975 loss=0.2331
step=11976 loss=0.1887
step=11977 loss=0.4292
step=11978 loss=0.7505
step=11979 loss=0.8351
step=11980 loss=0.4637
step=11981 loss=0.6234
step=11982 loss=0.5094
step=11983 loss=0.8675
step=11984 loss=1.0392
step=11985 loss=0.1793
step=11986 loss=1.1071
step=11987 loss=0.1815
step=11988 loss=0.1847
step=11989 loss=0.5530
step=11990 loss=1.5003
step=11991 loss=0.3661
step=11992 loss=1.1317
step=11993 loss=0.3483
step=11994 loss=0.1471
step=11995 loss=0.2347
step=11996 loss=0.1672
step=11997 loss=2.0570
step=11998 loss=1.5626
step=11999 loss=1.0269
step=12000 loss=0.4282
eval_step=12000 eval_loss=0.6634 eval_ppl=1.94
step=12001 loss=0.8561
step=12002 loss=0.5457
step=12003 loss=0.2561
step=12004 loss=0.8912
step=12005 loss=0.1568
step=12006 loss=0.3599
step=12007 loss=1.1928
step=12008 loss=0.7037
step=12009 loss=1.7809
step=12010 loss=0.2094
step=12011 loss=0.2096
step=12012 loss=0.6022
step=12013 loss=0.6886
step=12014 loss=0.6620
step=12015 loss=0.5250
step=12016 loss=0.8657
step=12017 loss=0.1734
step=12018 loss=0.9511
step=12019 loss=1.1915
step=12020 loss=0.4592
step=12021 loss=0.5999
step=12022 loss=0.3601
step=12023 loss=0.7773
step=12024 loss=1.8190
step=12025 loss=0.2528
step=12026 loss=0.1664
step=12027 loss=2.8619
step=12028 loss=1.0631
step=12029 loss=0.4496
step=12030 loss=0.6323
step=12031 loss=0.1460
step=12032 loss=0.1479
step=12033 loss=1.1918
step=12034 loss=0.2417
step=12035 loss=1.5229
step=12036 loss=0.1257
step=12037 loss=0.9553
step=12038 loss=0.6387
step=12039 loss=0.8522
step=12040 loss=0.5350
step=12041 loss=1.1640
step=12042 loss=0.5785
step=12043 loss=1.1191
step=12044 loss=0.3055
step=12045 loss=1.0687
step=12046 loss=1.0148
step=12047 loss=0.7254
step=12048 loss=0.3446
step=12049 loss=0.3619
step=12050 loss=0.7701
step=12051 loss=0.2858
step=12052 loss=0.1646
step=12053 loss=0.2408
step=12054 loss=0.1635
step=12055 loss=0.3354
step=12056 loss=0.5324
step=12057 loss=1.3016
step=12058 loss=0.8175
step=12059 loss=1.3138
step=12060 loss=0.2042
step=12061 loss=0.3921
step=12062 loss=0.5864
step=12063 loss=0.8837
step=12064 loss=0.4490
step=12065 loss=1.1468
step=12066 loss=1.0125
step=12067 loss=0.6585
step=12068 loss=0.7460
step=12069 loss=1.5060
step=12070 loss=1.0561
step=12071 loss=0.1608
step=12072 loss=0.4650
step=12073 loss=0.6016
step=12074 loss=0.7956
step=12075 loss=0.3278
step=12076 loss=0.3163
step=12077 loss=0.2223
step=12078 loss=0.6999
step=12079 loss=1.0698
step=12080 loss=0.7517
step=12081 loss=0.1732
step=12082 loss=0.9332
step=12083 loss=0.9982
step=12084 loss=0.4373
step=12085 loss=0.6344
step=12086 loss=0.6996
step=12087 loss=1.4048
step=12088 loss=0.8079
step=12089 loss=0.7660
step=12090 loss=0.5593
step=12091 loss=0.1612
step=12092 loss=1.3204
step=12093 loss=0.9074
step=12094 loss=1.2877
step=12095 loss=0.2062
step=12096 loss=0.9802
step=12097 loss=0.4432
step=12098 loss=0.5380
step=12099 loss=1.8700
step=12100 loss=0.4518
step=12101 loss=1.3678
step=12102 loss=0.5917
step=12103 loss=1.1121
step=12104 loss=0.7473
step=12105 loss=0.3167
step=12106 loss=0.4516
step=12107 loss=0.5245
step=12108 loss=0.6823
step=12109 loss=0.1584
step=12110 loss=0.6591
step=12111 loss=1.0115
step=12112 loss=0.5587
step=12113 loss=2.5582
step=12114 loss=0.3985
step=12115 loss=1.1197
step=12116 loss=1.4512
step=12117 loss=0.9259
step=12118 loss=0.2099
step=12119 loss=0.3245
step=12120 loss=0.1200
step=12121 loss=0.3157
step=12122 loss=0.1766
step=12123 loss=0.2987
step=12124 loss=0.1728
step=12125 loss=0.2077
step=12126 loss=0.1615
step=12127 loss=0.8251
step=12128 loss=1.4334
step=12129 loss=0.8978
step=12130 loss=0.1633
step=12131 loss=1.2229
step=12132 loss=0.1765
step=12133 loss=0.1366
step=12134 loss=0.3470
step=12135 loss=0.9979
step=12136 loss=0.5033
step=12137 loss=0.6071
step=12138 loss=0.4073
step=12139 loss=0.1628
step=12140 loss=0.9003
step=12141 loss=0.8401
step=12142 loss=0.8209
step=12143 loss=1.2850
step=12144 loss=0.9309
step=12145 loss=1.4316
step=12146 loss=0.3852
step=12147 loss=0.6202
step=12148 loss=0.1822
step=12149 loss=1.2899
step=12150 loss=0.4091
step=12151 loss=0.7432
step=12152 loss=0.3337
step=12153 loss=0.3823
step=12154 loss=0.6002
step=12155 loss=0.5382
step=12156 loss=0.6760
step=12157 loss=0.1631
step=12158 loss=1.3440
step=12159 loss=0.7643
step=12160 loss=1.3684
step=12161 loss=0.7220
step=12162 loss=0.8605
step=12163 loss=0.7293
step=12164 loss=0.1343
step=12165 loss=0.1893
step=12166 loss=0.4820
step=12167 loss=0.6913
step=12168 loss=0.1320
step=12169 loss=0.1079
step=12170 loss=0.4069
step=12171 loss=1.4148
step=12172 loss=0.9107
step=12173 loss=0.9642
step=12174 loss=0.1754
step=12175 loss=0.4982
step=12176 loss=0.9767
step=12177 loss=0.8295
step=12178 loss=0.6938
step=12179 loss=0.5058
step=12180 loss=0.9244
step=12181 loss=0.6441
step=12182 loss=1.3856
step=12183 loss=0.9641
step=12184 loss=0.1635
step=12185 loss=1.0672
step=12186 loss=0.4022
step=12187 loss=1.6841
step=12188 loss=2.3190
step=12189 loss=1.2756
step=12190 loss=0.1751
step=12191 loss=1.0147
step=12192 loss=0.4922
step=12193 loss=1.3355
step=12194 loss=0.8907
step=12195 loss=0.3996
step=12196 loss=1.5449
step=12197 loss=1.2983
step=12198 loss=0.7407
step=12199 loss=1.4912
step=12200 loss=0.5377
eval_step=12200 eval_loss=0.6360 eval_ppl=1.89
step=12201 loss=0.6379
step=12202 loss=0.6072
step=12203 loss=0.3993
step=12204 loss=0.8959
step=12205 loss=1.0389
step=12206 loss=0.2660
step=12207 loss=1.0894
step=12208 loss=0.7438
step=12209 loss=1.2152
step=12210 loss=0.5559
step=12211 loss=0.7842
step=12212 loss=0.5160
step=12213 loss=0.8039
step=12214 loss=0.7704
step=12215 loss=0.1729
step=12216 loss=0.1926
step=12217 loss=0.2033
step=12218 loss=0.1812
step=12219 loss=0.2268
step=12220 loss=0.7976
step=12221 loss=0.9783
step=12222 loss=1.1966
step=12223 loss=0.8491
step=12224 loss=0.8615
step=12225 loss=0.1210
step=12226 loss=0.6436
step=12227 loss=0.9246
step=12228 loss=0.1518
step=12229 loss=0.5797
step=12230 loss=1.7556
step=12231 loss=0.7193
step=12232 loss=0.2062
step=12233 loss=1.8994
step=12234 loss=0.7739
step=12235 loss=0.4876
step=12236 loss=1.2080
step=12237 loss=0.8038
step=12238 loss=1.4616
step=12239 loss=0.4390
step=12240 loss=0.9417
step=12241 loss=0.4245
step=12242 loss=0.9607
step=12243 loss=0.2191
step=12244 loss=0.6784
step=12245 loss=0.6508
step=12246 loss=0.4277
step=12247 loss=0.3692
step=12248 loss=0.7607
step=12249 loss=0.6138
step=12250 loss=0.6562
step=12251 loss=1.7051
step=12252 loss=0.5579
step=12253 loss=0.6841
step=12254 loss=1.1518
step=12255 loss=1.1557
step=12256 loss=0.1552
step=12257 loss=0.9318
step=12258 loss=0.2489
step=12259 loss=0.1491
step=12260 loss=1.0094
step=12261 loss=0.1280
step=12262 loss=0.3692
step=12263 loss=0.1410
step=12264 loss=0.8075
step=12265 loss=0.9537
step=12266 loss=0.6372
step=12267 loss=0.6971
step=12268 loss=1.3630
step=12269 loss=0.4388
step=12270 loss=0.1123
step=12271 loss=1.0137
step=12272 loss=1.5000
step=12273 loss=0.7505
step=12274 loss=1.0784
step=12275 loss=0.6169
step=12276 loss=0.1652
step=12277 loss=1.3483
step=12278 loss=0.4938
step=12279 loss=1.5068
step=12280 loss=1.3128
step=12281 loss=0.4810
step=12282 loss=0.1260
step=12283 loss=0.4973
step=12284 loss=0.9154
step=12285 loss=0.1502
step=12286 loss=0.7443
step=12287 loss=0.5067
step=12288 loss=0.1390
step=12289 loss=0.6486
step=12290 loss=0.8754
step=12291 loss=0.1231
step=12292 loss=0.3698
step=12293 loss=0.5926
step=12294 loss=1.1686
step=12295 loss=1.2991
step=12296 loss=0.5784
step=12297 loss=0.7746
step=12298 loss=0.9498
step=12299 loss=1.7006
step=12300 loss=0.9052
step=12301 loss=0.4954
step=12302 loss=0.2074
step=12303 loss=0.8643
step=12304 loss=0.8882
step=12305 loss=0.5959
step=12306 loss=0.6587
step=12307 loss=0.8488
step=12308 loss=0.1859
step=12309 loss=0.9044
step=12310 loss=0.1576
step=12311 loss=1.1994
step=12312 loss=0.6157
step=12313 loss=1.2304
step=12314 loss=1.5592
step=12315 loss=0.4479
step=12316 loss=0.8070
step=12317 loss=1.0109
step=12318 loss=1.3913
step=12319 loss=0.6991
step=12320 loss=1.5833
step=12321 loss=0.1052
step=12322 loss=0.3014
step=12323 loss=1.0415
step=12324 loss=0.4208
step=12325 loss=0.9330
step=12326 loss=0.2095
step=12327 loss=0.5000
step=12328 loss=0.5895
step=12329 loss=0.1501
step=12330 loss=0.5402
step=12331 loss=0.1489
step=12332 loss=0.8730
step=12333 loss=1.3676
step=12334 loss=0.5953
step=12335 loss=1.1601
step=12336 loss=0.5487
step=12337 loss=0.1475
step=12338 loss=0.6818
step=12339 loss=0.3768
step=12340 loss=0.4447
step=12341 loss=0.1444
step=12342 loss=0.9858
step=12343 loss=0.1159
step=12344 loss=0.1162
step=12345 loss=0.5281
step=12346 loss=0.3651
step=12347 loss=1.0379
step=12348 loss=0.3850
step=12349 loss=1.6031
step=12350 loss=1.1406
step=12351 loss=0.3679
step=12352 loss=1.3872
step=12353 loss=0.7643
step=12354 loss=0.2848
step=12355 loss=0.4733
step=12356 loss=0.9431
step=12357 loss=0.1755
step=12358 loss=0.3298
step=12359 loss=1.3806
step=12360 loss=1.2687
step=12361 loss=0.9250
step=12362 loss=0.6628
step=12363 loss=0.4109
step=12364 loss=0.9477
step=12365 loss=0.7042
step=12366 loss=0.1504
step=12367 loss=1.2273
step=12368 loss=0.8707
step=12369 loss=0.6487
step=12370 loss=0.2443
step=12371 loss=1.1233
step=12372 loss=0.7989
step=12373 loss=1.1441
step=12374 loss=0.6965
step=12375 loss=1.3812
step=12376 loss=0.1113
step=12377 loss=0.1959
step=12378 loss=0.9290
step=12379 loss=0.6089
step=12380 loss=0.5483
step=12381 loss=0.9808
step=12382 loss=0.5302
step=12383 loss=0.6104
step=12384 loss=0.6688
step=12385 loss=1.0993
step=12386 loss=0.2662
step=12387 loss=0.7822
step=12388 loss=1.0235
step=12389 loss=0.4513
step=12390 loss=1.3293
step=12391 loss=0.4538
step=12392 loss=0.5006
step=12393 loss=0.5051
step=12394 loss=0.1481
step=12395 loss=0.1374
step=12396 loss=1.0523
step=12397 loss=1.4292
step=12398 loss=1.4597
step=12399 loss=0.5750
step=12400 loss=0.7380
eval_step=12400 eval_loss=0.6130 eval_ppl=1.85
step=12401 loss=1.5107
step=12402 loss=0.9556
step=12403 loss=0.1459
step=12404 loss=0.8343
step=12405 loss=0.3086
step=12406 loss=0.7446
step=12407 loss=0.5273
step=12408 loss=1.1984
step=12409 loss=0.6828
step=12410 loss=1.7528
step=12411 loss=0.6729
step=12412 loss=0.2371
step=12413 loss=0.1533
step=12414 loss=1.0463
step=12415 loss=1.0334
step=12416 loss=0.1163
step=12417 loss=0.7209
step=12418 loss=1.5120
step=12419 loss=0.5644
step=12420 loss=1.2553
step=12421 loss=0.2874
step=12422 loss=1.5250
step=12423 loss=0.8102
step=12424 loss=0.5934
step=12425 loss=1.1261
step=12426 loss=0.6471
step=12427 loss=0.4547
step=12428 loss=0.6779
step=12429 loss=0.0971
step=12430 loss=0.1348
step=12431 loss=0.3653
step=12432 loss=0.9015
step=12433 loss=0.1362
step=12434 loss=0.6390
step=12435 loss=0.1789
step=12436 loss=1.0065
step=12437 loss=0.7219
step=12438 loss=1.8377
step=12439 loss=0.1367
step=12440 loss=0.9440
step=12441 loss=0.1054
step=12442 loss=0.5782
step=12443 loss=1.6840
step=12444 loss=1.2725
step=12445 loss=1.1767
step=12446 loss=0.9320
step=12447 loss=0.6028
step=12448 loss=0.7037
step=12449 loss=0.1686
step=12450 loss=1.3391
step=12451 loss=0.8035
step=12452 loss=0.4626
step=12453 loss=1.0535
step=12454 loss=0.4581
step=12455 loss=0.8596
step=12456 loss=0.6247
step=12457 loss=1.7579
step=12458 loss=0.3753
step=12459 loss=0.4829
step=12460 loss=0.1606
step=12461 loss=0.6792
step=12462 loss=1.2767
step=12463 loss=0.8964
step=12464 loss=0.6542
step=12465 loss=0.6175
step=12466 loss=0.3990
step=12467 loss=0.3668
step=12468 loss=1.1990
step=12469 loss=0.5612
step=12470 loss=0.8407
step=12471 loss=0.8456
step=12472 loss=1.0951
step=12473 loss=0.5447
step=12474 loss=0.7104
step=12475 loss=0.3096
step=12476 loss=0.5416
step=12477 loss=0.4402
step=12478 loss=0.9546
step=12479 loss=0.3586
step=12480 loss=1.1927
step=12481 loss=0.3007
step=12482 loss=0.3730
step=12483 loss=0.7361
step=12484 loss=0.1546
step=12485 loss=0.5500
step=12486 loss=0.0969
step=12487 loss=1.1356
step=12488 loss=0.5938
step=12489 loss=1.0867
step=12490 loss=0.2875
step=12491 loss=0.1609
step=12492 loss=1.0537
step=12493 loss=0.5297
step=12494 loss=0.5575
step=12495 loss=0.3015
step=12496 loss=0.2292
step=12497 loss=1.2174
step=12498 loss=0.3864
step=12499 loss=0.2837
step=12500 loss=1.0371
step=12501 loss=0.1270
step=12502 loss=0.7078
step=12503 loss=0.3260
step=12504 loss=0.4103
step=12505 loss=0.8942
step=12506 loss=1.3611
step=12507 loss=1.4026
step=12508 loss=0.7405
step=12509 loss=0.0969
step=12510 loss=0.5764
step=12511 loss=0.5572
step=12512 loss=0.4441
step=12513 loss=0.1079
step=12514 loss=0.9801
step=12515 loss=0.6827
step=12516 loss=1.6189
step=12517 loss=0.5580
step=12518 loss=0.1514
step=12519 loss=0.9658
step=12520 loss=0.7762
step=12521 loss=0.5811
step=12522 loss=0.8424
step=12523 loss=0.1230
step=12524 loss=0.3730
step=12525 loss=1.2402
step=12526 loss=1.3013
step=12527 loss=0.6202
step=12528 loss=1.0752
step=12529 loss=0.1078
step=12530 loss=0.3462
step=12531 loss=0.3041
step=12532 loss=0.5968
step=12533 loss=1.2785
step=12534 loss=0.1470
step=12535 loss=0.3915
step=12536 loss=0.3838
step=12537 loss=0.4522
step=12538 loss=0.1156
step=12539 loss=0.8777
step=12540 loss=0.0973
step=12541 loss=0.6772
step=12542 loss=1.0925
step=12543 loss=0.1191
step=12544 loss=0.1576
step=12545 loss=0.5024
step=12546 loss=0.5772
step=12547 loss=0.5815
step=12548 loss=0.7327
step=12549 loss=1.3689
step=12550 loss=0.3558
step=12551 loss=1.6614
step=12552 loss=0.7895
step=12553 loss=0.1231
step=12554 loss=1.1422
step=12555 loss=0.3818
step=12556 loss=0.2896
step=12557 loss=0.9554
step=12558 loss=1.6852
step=12559 loss=1.3805
step=12560 loss=0.1133
step=12561 loss=0.7123
step=12562 loss=0.3994
step=12563 loss=0.4049
step=12564 loss=1.5004
step=12565 loss=0.8226
step=12566 loss=0.3651
step=12567 loss=0.6156
step=12568 loss=0.4302
step=12569 loss=1.3274
step=12570 loss=0.2909
step=12571 loss=0.3936
step=12572 loss=1.0111
step=12573 loss=1.2174
step=12574 loss=0.1309
step=12575 loss=0.0785
step=12576 loss=1.6982
step=12577 loss=0.2829
step=12578 loss=0.1536
step=12579 loss=0.1100
step=12580 loss=0.2664
step=12581 loss=0.9312
step=12582 loss=0.0935
step=12583 loss=0.7115
step=12584 loss=0.8341
step=12585 loss=0.3045
step=12586 loss=0.8099
step=12587 loss=0.1310
step=12588 loss=0.6052
step=12589 loss=1.0848
step=12590 loss=0.7891
step=12591 loss=0.5771
step=12592 loss=1.4319
step=12593 loss=0.3240
step=12594 loss=1.1395
step=12595 loss=1.1554
step=12596 loss=0.6959
step=12597 loss=0.3272
step=12598 loss=0.5416
step=12599 loss=0.0862
step=12600 loss=0.1456
eval_step=12600 eval_loss=0.5926 eval_ppl=1.81
step=12601 loss=0.4034
step=12602 loss=1.0731
step=12603 loss=0.1909
step=12604 loss=0.3632
step=12605 loss=0.5471
step=12606 loss=1.0176
step=12607 loss=0.9527
step=12608 loss=0.2649
step=12609 loss=0.0975
step=12610 loss=0.4015
step=12611 loss=0.9658
step=12612 loss=0.5981
step=12613 loss=0.9722
step=12614 loss=1.0091
step=12615 loss=0.6444
step=12616 loss=0.9708
step=12617 loss=0.4409
step=12618 loss=1.4126
step=12619 loss=1.0246
step=12620 loss=0.1387
step=12621 loss=0.9634
step=12622 loss=0.4996
step=12623 loss=0.4742
step=12624 loss=0.7385
step=12625 loss=1.3874
step=12626 loss=0.5241
step=12627 loss=1.3466
step=12628 loss=0.1106
step=12629 loss=0.4699
step=12630 loss=0.4402
step=12631 loss=0.1530
step=12632 loss=1.0399
step=12633 loss=0.9636
step=12634 loss=0.4844
step=12635 loss=0.7853
step=12636 loss=0.0985
step=12637 loss=0.6188
step=12638 loss=0.3842
step=12639 loss=0.1559
step=12640 loss=1.2128
step=12641 loss=0.4946
step=12642 loss=1.1186
step=12643 loss=0.3058
step=12644 loss=0.5546
step=12645 loss=0.7393
step=12646 loss=0.1478
step=12647 loss=0.1119
step=12648 loss=0.7692
step=12649 loss=0.4253
step=12650 loss=1.1833
step=12651 loss=1.8368
step=12652 loss=1.3102
step=12653 loss=0.7334
step=12654 loss=0.1065
step=12655 loss=0.2651
step=12656 loss=0.0926
step=12657 loss=0.4213
step=12658 loss=0.0984
step=12659 loss=0.9158
step=12660 loss=0.7055
step=12661 loss=0.3850
step=12662 loss=0.7184
step=12663 loss=0.5110
step=12664 loss=0.1124
step=12665 loss=0.3799
step=12666 loss=0.0997
step=12667 loss=0.4034
step=12668 loss=0.7624
step=12669 loss=0.6878
step=12670 loss=1.1851
step=12671 loss=0.6670
step=12672 loss=0.1257
step=12673 loss=0.7112
step=12674 loss=0.7175
step=12675 loss=1.0486
step=12676 loss=0.6526
step=12677 loss=0.7701
step=12678 loss=0.8090
step=12679 loss=1.0705
step=12680 loss=1.0287
step=12681 loss=0.1323
step=12682 loss=1.2029
step=12683 loss=0.4824
step=12684 loss=0.5471
step=12685 loss=0.3847
step=12686 loss=1.2958
step=12687 loss=1.7420
step=12688 loss=0.1911
step=12689 loss=0.4462
step=12690 loss=0.1004
step=12691 loss=0.7036
step=12692 loss=1.1001
step=12693 loss=0.6637
step=12694 loss=0.6804
step=12695 loss=0.4316
step=12696 loss=0.1267
step=12697 loss=0.6198
step=12698 loss=0.4973
step=12699 loss=0.5571
step=12700 loss=1.7193
step=12701 loss=0.1425
step=12702 loss=0.4055
step=12703 loss=0.8757
step=12704 loss=0.5500
step=12705 loss=1.2702
step=12706 loss=1.0820
step=12707 loss=0.4234
step=12708 loss=1.3072
step=12709 loss=1.0107
step=12710 loss=0.1924
step=12711 loss=1.8080
step=12712 loss=1.4638
step=12713 loss=0.5148
step=12714 loss=1.8058
step=12715 loss=0.6900
step=12716 loss=0.5602
step=12717 loss=1.3841
step=12718 loss=0.5952
step=12719 loss=0.1124
step=12720 loss=0.7554
step=12721 loss=0.1220
step=12722 loss=0.4450
step=12723 loss=0.3198
step=12724 loss=0.5986
step=12725 loss=0.3707
step=12726 loss=0.4668
step=12727 loss=0.3379
step=12728 loss=0.0923
step=12729 loss=0.3603
step=12730 loss=0.6788
step=12731 loss=0.5200
step=12732 loss=0.8129
step=12733 loss=0.2688
step=12734 loss=0.6317
step=12735 loss=0.5316
step=12736 loss=1.1251
step=12737 loss=0.5584
step=12738 loss=0.2736
step=12739 loss=1.0969
step=12740 loss=0.2877
step=12741 loss=0.1105
step=12742 loss=0.8552
step=12743 loss=0.5341
step=12744 loss=0.3734
step=12745 loss=2.2326
step=12746 loss=0.8180
step=12747 loss=0.9184
step=12748 loss=0.2297
step=12749 loss=0.9173
step=12750 loss=0.9614
step=12751 loss=0.5055
step=12752 loss=0.3744
step=12753 loss=0.3661
step=12754 loss=0.7851
step=12755 loss=1.0271
step=12756 loss=0.4868
step=12757 loss=0.1169
step=12758 loss=1.3750
step=12759 loss=1.0254
step=12760 loss=1.5288
step=12761 loss=0.4813
step=12762 loss=0.1223
step=12763 loss=1.0169
step=12764 loss=0.2821
step=12765 loss=0.4305
step=12766 loss=0.1043
step=12767 loss=0.1070
step=12768 loss=0.7640
step=12769 loss=0.1521
step=12770 loss=0.5414
step=12771 loss=0.4791
step=12772 loss=0.1993
step=12773 loss=0.0705
step=12774 loss=0.7469
step=12775 loss=0.0870
step=12776 loss=0.4927
step=12777 loss=0.6239
step=12778 loss=0.4349
step=12779 loss=1.0127
step=12780 loss=0.7117
step=12781 loss=0.6402
step=12782 loss=0.2430
step=12783 loss=0.7179
step=12784 loss=0.7239
step=12785 loss=0.7122
step=12786 loss=1.4780
step=12787 loss=0.7315
step=12788 loss=0.6688
step=12789 loss=0.9019
step=12790 loss=1.2011
step=12791 loss=0.0922
step=12792 loss=0.6691
step=12793 loss=0.5382
step=12794 loss=0.9778
step=12795 loss=0.7658
step=12796 loss=0.4296
step=12797 loss=0.2342
step=12798 loss=0.6376
step=12799 loss=0.4450
step=12800 loss=0.1007
eval_step=12800 eval_loss=0.5743 eval_ppl=1.78
step=12801 loss=0.1095
step=12802 loss=0.6155
step=12803 loss=1.1629
step=12804 loss=0.6004
step=12805 loss=0.6581
step=12806 loss=0.2962
step=12807 loss=0.5129
step=12808 loss=1.4594
step=12809 loss=0.0826
step=12810 loss=0.7232
step=12811 loss=1.5531
step=12812 loss=1.2700
step=12813 loss=0.2529
step=12814 loss=1.2213
step=12815 loss=0.9002
step=12816 loss=0.5311
step=12817 loss=0.8597
step=12818 loss=0.0988
step=12819 loss=0.5918
step=12820 loss=0.6820
step=12821 loss=1.2886
step=12822 loss=1.0124
step=12823 loss=0.9561
step=12824 loss=1.1779
step=12825 loss=1.0591
step=12826 loss=0.9818
step=12827 loss=0.9748
step=12828 loss=0.0867
step=12829 loss=0.4296
step=12830 loss=0.3543
step=12831 loss=0.7886
step=12832 loss=0.0888
step=12833 loss=0.3474
step=12834 loss=0.6732
step=12835 loss=1.5098
step=12836 loss=0.0823
step=12837 loss=0.3351
step=12838 loss=0.5869
step=12839 loss=0.2593
step=12840 loss=0.4627
step=12841 loss=1.7373
step=12842 loss=0.5391
step=12843 loss=0.2888
step=12844 loss=0.2039
step=12845 loss=1.4198
step=12846 loss=0.5131
step=12847 loss=0.9673
step=12848 loss=0.1086
step=12849 loss=1.0976
step=12850 loss=1.0715
step=12851 loss=0.6264
step=12852 loss=0.1177
step=12853 loss=0.0833
step=12854 loss=0.6893
step=12855 loss=1.1340
step=12856 loss=0.1845
step=12857 loss=0.9924
step=12858 loss=0.7278
step=12859 loss=0.6890
step=12860 loss=1.1279
step=12861 loss=0.7940
step=12862 loss=1.3466
step=12863 loss=0.1114
step=12864 loss=0.5887
step=12865 loss=0.3052
step=12866 loss=0.6336
step=12867 loss=0.1471
step=12868 loss=1.4653
step=12869 loss=0.1633
step=12870 loss=1.0628
step=12871 loss=1.5288
step=12872 loss=0.1319
step=12873 loss=0.6588
step=12874 loss=0.9194
step=12875 loss=1.0572
step=12876 loss=1.2247
step=12877 loss=0.4787
step=12878 loss=0.2769
step=12879 loss=0.3744
step=12880 loss=0.9143
step=12881 loss=0.8940
step=12882 loss=0.3312
step=12883 loss=1.0180
step=12884 loss=0.3096
step=12885 loss=0.0996
step=12886 loss=0.7144
step=12887 loss=1.2182
step=12888 loss=0.3518
step=12889 loss=0.0931
step=12890 loss=0.2994
step=12891 loss=0.0778
step=12892 loss=0.0962
step=12893 loss=0.5042
step=12894 loss=0.2084
step=12895 loss=0.7746
step=12896 loss=0.1000
step=12897 loss=0.2593
step=12898 loss=2.0677
step=12899 loss=0.5805
step=12900 loss=0.6714
step=12901 loss=0.3370
step=12902 loss=0.8315
step=12903 loss=1.4085
step=12904 loss=0.4020
step=12905 loss=0.5217
step=12906 loss=0.9057
step=12907 loss=0.6810
step=12908 loss=0.6918
step=12909 loss=1.8851
step=12910 loss=0.7988
step=12911 loss=0.2268
step=12912 loss=0.8077
step=12913 loss=0.7920
step=12914 loss=1.7050
step=12915 loss=0.2445
step=12916 loss=0.0672
step=12917 loss=0.0943
step=12918 loss=0.6737
step=12919 loss=0.3805
step=12920 loss=0.0948
step=12921 loss=1.1104
step=12922 loss=0.1070
step=12923 loss=0.2902
step=12924 loss=0.6826
step=12925 loss=1.4261
step=12926 loss=0.6253
step=12927 loss=1.3828
step=12928 loss=0.4314
step=12929 loss=0.2826
step=12930 loss=0.5882
step=12931 loss=0.3512
step=12932 loss=0.1040
step=12933 loss=0.5131
step=12934 loss=0.3462
step=12935 loss=0.0896
step=12936 loss=0.3312
step=12937 loss=1.1355
step=12938 loss=0.7561
step=12939 loss=0.2216
step=12940 loss=0.3741
step=12941 loss=0.8646
step=12942 loss=2.9645
step=12943 loss=1.5343
step=12944 loss=0.8812
step=12945 loss=0.3369
step=12946 loss=0.9329
step=12947 loss=0.9039
step=12948 loss=0.0738
step=12949 loss=0.3068
step=12950 loss=0.6605
step=12951 loss=0.3832
step=12952 loss=0.8208
step=12953 loss=0.0880
step=12954 loss=1.1607
step=12955 loss=0.8639
step=12956 loss=0.5744
step=12957 loss=0.7694
step=12958 loss=0.5224
step=12959 loss=0.2456
step=12960 loss=1.1392
step=12961 loss=0.2373
step=12962 loss=0.0776
step=12963 loss=0.8442
step=12964 loss=1.0405
step=12965 loss=1.3226
step=12966 loss=0.4979
step=12967 loss=0.0748
step=12968 loss=0.2373
step=12969 loss=0.0941
step=12970 loss=0.6728
step=12971 loss=0.6763
step=12972 loss=1.2802
step=12973 loss=0.3365
step=12974 loss=1.0825
step=12975 loss=0.8866
step=12976 loss=0.8980
step=12977 loss=1.0375
step=12978 loss=0.3173
step=12979 loss=0.4289
step=12980 loss=1.9124
step=12981 loss=0.4473
step=12982 loss=0.9266
step=12983 loss=0.1284
step=12984 loss=0.6498
step=12985 loss=0.8068
step=12986 loss=0.3952
step=12987 loss=0.2821
step=12988 loss=1.4138
step=12989 loss=0.7298
step=12990 loss=0.4657
step=12991 loss=0.3469
step=12992 loss=0.8480
step=12993 loss=0.5587
step=12994 loss=0.9537
step=12995 loss=1.4536
step=12996 loss=0.8254
step=12997 loss=0.6160
step=12998 loss=1.0784
step=12999 loss=0.5166
step=13000 loss=0.9268
eval_step=13000 eval_loss=0.5578 eval_ppl=1.75
step=13001 loss=0.8823
step=13002 loss=0.2071
step=13003 loss=0.6902
step=13004 loss=0.4008
step=13005 loss=0.4520
step=13006 loss=0.2864
step=13007 loss=1.2511
step=13008 loss=0.8404
step=13009 loss=0.3267
step=13010 loss=0.1039
step=13011 loss=0.4044
step=13012 loss=0.2582
step=13013 loss=0.0623
step=13014 loss=0.1402
step=13015 loss=0.8391
step=13016 loss=0.4101
step=13017 loss=0.2634
step=13018 loss=0.7886
step=13019 loss=0.6187
step=13020 loss=0.0827
step=13021 loss=0.5784
step=13022 loss=0.2219
step=13023 loss=0.0791
step=13024 loss=1.2954
step=13025 loss=1.4835
step=13026 loss=0.6220
step=13027 loss=0.5102
step=13028 loss=1.0630
step=13029 loss=0.5799
step=13030 loss=0.0998
step=13031 loss=0.0812
step=13032 loss=0.9504
step=13033 loss=0.0873
step=13034 loss=0.3574
step=13035 loss=0.7888
step=13036 loss=0.0799
step=13037 loss=0.4204
step=13038 loss=0.9784
step=13039 loss=0.3271
step=13040 loss=0.3731
step=13041 loss=0.2179
step=13042 loss=0.7800
step=13043 loss=0.8099
step=13044 loss=1.7096
step=13045 loss=0.3596
step=13046 loss=0.0867
step=13047 loss=0.5715
step=13048 loss=0.4984
step=13049 loss=0.1234
step=13050 loss=1.9687
step=13051 loss=0.5314
step=13052 loss=0.3442
step=13053 loss=1.4949
step=13054 loss=0.6430
step=13055 loss=0.4862
step=13056 loss=0.5412
step=13057 loss=1.8558
step=13058 loss=1.1896
step=13059 loss=0.5576
step=13060 loss=0.0943
step=13061 loss=0.5796
step=13062 loss=0.0852
step=13063 loss=0.6763
step=13064 loss=0.8398
step=13065 loss=1.4520
step=13066 loss=0.5781
step=13067 loss=0.9475
step=13068 loss=1.5241
step=13069 loss=0.2441
step=13070 loss=0.1513
step=13071 loss=0.2697
step=13072 loss=0.4173
step=13073 loss=0.0716
step=13074 loss=0.5802
step=13075 loss=1.2393
step=13076 loss=1.1719
step=13077 loss=0.7764
step=13078 loss=0.4798
step=13079 loss=0.5187
step=13080 loss=0.8414
step=13081 loss=0.3363
step=13082 loss=0.9766
step=13083 loss=0.5822
step=13084 loss=0.4513
step=13085 loss=1.4717
step=13086 loss=0.4239
step=13087 loss=0.9411
step=13088 loss=0.8148
step=13089 loss=0.6787
step=13090 loss=0.7825
step=13091 loss=0.0800
step=13092 loss=0.6827
step=13093 loss=1.0378
step=13094 loss=0.7151
step=13095 loss=0.3453
step=13096 loss=1.2512
step=13097 loss=0.4341
step=13098 loss=0.1953
step=13099 loss=0.8077
step=13100 loss=0.2390
step=13101 loss=0.7678
step=13102 loss=0.4124
step=13103 loss=0.0992
step=13104 loss=0.5051
step=13105 loss=1.0218
step=13106 loss=0.2695
step=13107 loss=0.3247
step=13108 loss=0.0655
step=13109 loss=0.1821
step=13110 loss=0.4244
step=13111 loss=0.0800
step=13112 loss=0.8144
step=13113 loss=1.1184
step=13114 loss=0.5286
step=13115 loss=0.6057
step=13116 loss=1.1623
step=13117 loss=0.3658
step=13118 loss=0.1249
step=13119 loss=2.0899
step=13120 loss=0.8916
step=13121 loss=0.4938
step=13122 loss=0.5662
step=13123 loss=0.9426
step=13124 loss=0.9014
step=13125 loss=0.7460
step=13126 loss=0.8676
step=13127 loss=0.9446
step=13128 loss=0.3011
step=13129 loss=0.0848
step=13130 loss=0.0699
step=13131 loss=0.6380
step=13132 loss=1.3448
step=13133 loss=0.0992
step=13134 loss=1.0681
step=13135 loss=0.1079
step=13136 loss=0.0829
step=13137 loss=0.0956
step=13138 loss=0.1011
step=13139 loss=0.0730
step=13140 loss=0.3072
step=13141 loss=0.4722
step=13142 loss=0.3101
step=13143 loss=0.2053
step=13144 loss=1.1240
step=13145 loss=0.3676
step=13146 loss=0.0951
step=13147 loss=0.4468
step=13148 loss=0.3570
step=13149 loss=0.5651
step=13150 loss=0.0839
step=13151 loss=0.0815
step=13152 loss=0.7209
step=13153 loss=0.4114
step=13154 loss=0.0712
step=13155 loss=0.4092
step=13156 loss=0.5919
step=13157 loss=1.6988
step=13158 loss=0.3916
step=13159 loss=0.7623
step=13160 loss=0.6657
step=13161 loss=0.5560
step=13162 loss=0.1017
step=13163 loss=0.0877
step=13164 loss=0.4459
step=13165 loss=0.3382
step=13166 loss=1.4747
step=13167 loss=0.2594
step=13168 loss=0.1032
step=13169 loss=0.6154
step=13170 loss=0.2025
step=13171 loss=0.5322
step=13172 loss=1.0394
step=13173 loss=0.0971
step=13174 loss=1.0492
step=13175 loss=0.6247
step=13176 loss=1.2326
step=13177 loss=1.1878
step=13178 loss=0.7604
step=13179 loss=0.0754
step=13180 loss=0.7275
step=13181 loss=0.3340
step=13182 loss=0.2107
step=13183 loss=0.6399
step=13184 loss=0.2999
step=13185 loss=0.4952
step=13186 loss=0.7900
step=13187 loss=0.1004
step=13188 loss=0.5522
step=13189 loss=0.6335
step=13190 loss=0.7770
step=13191 loss=0.1630
step=13192 loss=0.5622
step=13193 loss=0.8246
step=13194 loss=0.2507
step=13195 loss=0.0748
step=13196 loss=2.3906
step=13197 loss=0.9975
step=13198 loss=0.0874
step=13199 loss=0.7514
step=13200 loss=0.0655
eval_step=13200 eval_loss=0.5433 eval_ppl=1.72
step=13201 loss=1.3473
step=13202 loss=0.0675
step=13203 loss=0.4002
step=13204 loss=0.9512
step=13205 loss=0.7429
step=13206 loss=1.3210
step=13207 loss=0.9292
step=13208 loss=0.5575
step=13209 loss=0.2579
step=13210 loss=0.5069
step=13211 loss=0.5174
step=13212 loss=0.9075
step=13213 loss=1.0109
step=13214 loss=0.4449
step=13215 loss=0.0687
step=13216 loss=2.2558
step=13217 loss=0.2846
step=13218 loss=0.2029
step=13219 loss=0.4827
step=13220 loss=1.1578
step=13221 loss=1.1720
step=13222 loss=0.7760
step=13223 loss=1.4032
step=13224 loss=0.7416
step=13225 loss=0.7724
step=13226 loss=0.2689
step=13227 loss=0.0743
step=13228 loss=0.6877
step=13229 loss=0.2091
step=13230 loss=0.0788
step=13231 loss=0.2345
step=13232 loss=1.1782
step=13233 loss=1.0437
step=13234 loss=0.9240
step=13235 loss=0.8164
step=13236 loss=1.1967
step=13237 loss=0.2985
step=13238 loss=1.4605
step=13239 loss=0.0644
step=13240 loss=0.9620
step=13241 loss=0.6810
step=13242 loss=0.0766
step=13243 loss=0.1998
step=13244 loss=0.6595
step=13245 loss=0.6890
step=13246 loss=0.0792
step=13247 loss=0.4932
step=13248 loss=0.5912
step=13249 loss=0.8042
step=13250 loss=0.5196
step=13251 loss=0.2676
step=13252 loss=0.1732
step=13253 loss=0.5355
step=13254 loss=0.7720
step=13255 loss=0.1284
step=13256 loss=0.4270
step=13257 loss=0.0613
step=13258 loss=0.2118
step=13259 loss=0.9245
step=13260 loss=0.4603
step=13261 loss=1.7681
step=13262 loss=0.7273
step=13263 loss=0.0820
step=13264 loss=0.0931
step=13265 loss=0.9086
step=13266 loss=1.1791
step=13267 loss=1.0393
step=13268 loss=0.0985
step=13269 loss=0.0677
step=13270 loss=0.1925
step=13271 loss=1.9322
step=13272 loss=1.0735
step=13273 loss=0.9301
step=13274 loss=0.1504
step=13275 loss=0.2849
step=13276 loss=0.4933
step=13277 loss=0.0910
step=13278 loss=1.4268
step=13279 loss=0.2690
step=13280 loss=1.6449
step=13281 loss=0.3549
step=13282 loss=0.2195
step=13283 loss=0.2577
step=13284 loss=0.0685
step=13285 loss=0.6622
step=13286 loss=0.6082
step=13287 loss=0.6693
step=13288 loss=0.3556
step=13289 loss=1.0943
step=13290 loss=0.0939
step=13291 loss=0.6646
step=13292 loss=0.2793
step=13293 loss=0.8107
step=13294 loss=0.0881
step=13295 loss=0.3615
step=13296 loss=0.0951
step=13297 loss=0.6041
step=13298 loss=0.3015
step=13299 loss=1.6208
step=13300 loss=0.3243
step=13301 loss=0.0696
step=13302 loss=1.1535
step=13303 loss=0.5083
step=13304 loss=0.7448
step=13305 loss=0.6864
step=13306 loss=1.6096
step=13307 loss=0.3574
step=13308 loss=0.0980
step=13309 loss=0.3704
step=13310 loss=0.4364
step=13311 loss=1.0674
step=13312 loss=0.4477
step=13313 loss=0.3759
step=13314 loss=0.1833
step=13315 loss=1.1197
step=13316 loss=0.2713
step=13317 loss=0.9254
step=13318 loss=1.2060
step=13319 loss=0.2786
step=13320 loss=0.4259
step=13321 loss=0.8234
step=13322 loss=0.0650
step=13323 loss=0.0652
step=13324 loss=0.6629
step=13325 loss=1.3686
step=13326 loss=0.4000
step=13327 loss=0.0729
step=13328 loss=0.1674
step=13329 loss=0.8185
step=13330 loss=1.7765
step=13331 loss=0.2931
step=13332 loss=0.0920
step=13333 loss=0.5205
step=13334 loss=1.2252
step=13335 loss=0.3177
step=13336 loss=1.0827
step=13337 loss=0.6979
step=13338 loss=0.2867
step=13339 loss=0.2227
step=13340 loss=1.0088
step=13341 loss=1.7111
step=13342 loss=0.4785
step=13343 loss=0.4322
step=13344 loss=0.2996
step=13345 loss=0.0962
step=13346 loss=0.0592
step=13347 loss=0.0756
step=13348 loss=0.2616
step=13349 loss=0.0646
step=13350 loss=1.4793
step=13351 loss=1.0466
step=13352 loss=0.6706
step=13353 loss=0.4049
step=13354 loss=0.7967
step=13355 loss=0.4028
step=13356 loss=0.4168
step=13357 loss=0.0884
step=13358 loss=0.2845
step=13359 loss=0.2756
step=13360 loss=1.4978
step=13361 loss=0.1797
step=13362 loss=0.0908
step=13363 loss=0.5021
step=13364 loss=1.2729
step=13365 loss=0.0564
step=13366 loss=0.2220
step=13367 loss=0.0630
step=13368 loss=0.0616
step=13369 loss=0.8132
step=13370 loss=0.1836
step=13371 loss=0.2234
step=13372 loss=0.8245
step=13373 loss=0.0609
step=13374 loss=0.4930
step=13375 loss=0.6848
step=13376 loss=0.3002
step=13377 loss=0.4519
step=13378 loss=1.2257
step=13379 loss=0.2935
step=13380 loss=0.8009
step=13381 loss=0.6861
step=13382 loss=0.6778
step=13383 loss=0.0627
step=13384 loss=0.5347
step=13385 loss=0.4053
step=13386 loss=1.0500
step=13387 loss=1.5961
step=13388 loss=1.4541
step=13389 loss=0.6913
step=13390 loss=0.9677
step=13391 loss=0.7259
step=13392 loss=0.4860
step=13393 loss=0.7803
step=13394 loss=0.9464
step=13395 loss=0.0954
step=13396 loss=0.2165
step=13397 loss=1.1045
step=13398 loss=0.6491
step=13399 loss=0.2907
step=13400 loss=0.9443
eval_step=13400 eval_loss=0.5306 eval_ppl=1.70
step=13401 loss=0.6796
step=13402 loss=0.6655
step=13403 loss=0.1901
step=13404 loss=0.3084
step=13405 loss=0.6651
step=13406 loss=1.1890
step=13407 loss=0.4963
step=13408 loss=0.7738
step=13409 loss=0.7835
step=13410 loss=1.5069
step=13411 loss=0.0633
step=13412 loss=0.2277
step=13413 loss=0.0567
step=13414 loss=0.7359
step=13415 loss=0.5406
step=13416 loss=0.5041
step=13417 loss=0.0731
step=13418 loss=1.1934
step=13419 loss=0.5035
step=13420 loss=0.5651
step=13421 loss=0.0747
step=13422 loss=0.8982
step=13423 loss=0.5124
step=13424 loss=0.8209
step=13425 loss=0.5626
step=13426 loss=1.4095
step=13427 loss=0.1518
step=13428 loss=0.4363
step=13429 loss=0.4463
step=13430 loss=0.2625
step=13431 loss=0.2002
step=13432 loss=0.4932
step=13433 loss=0.5396
step=13434 loss=0.8886
step=13435 loss=0.2979
step=13436 loss=0.0755
step=13437 loss=0.0865
step=13438 loss=0.5871
step=13439 loss=0.6417
step=13440 loss=1.4344
step=13441 loss=0.3872
step=13442 loss=0.5550
step=13443 loss=0.1756
step=13444 loss=0.4320
step=13445 loss=0.0777
step=13446 loss=0.7612
step=13447 loss=0.0469
step=13448 loss=1.0005
step=13449 loss=0.3190
step=13450 loss=1.0936
step=13451 loss=0.0696
step=13452 loss=0.7357
step=13453 loss=0.8785
step=13454 loss=0.0695
step=13455 loss=0.4724
step=13456 loss=0.2176
step=13457 loss=0.2435
step=13458 loss=0.3099
step=13459 loss=0.6215
step=13460 loss=1.0183
step=13461 loss=0.5551
step=13462 loss=0.7763
step=13463 loss=0.0622
step=13464 loss=0.0889
step=13465 loss=0.4658
step=13466 loss=1.1800
step=13467 loss=0.7008
step=13468 loss=0.0713
step=13469 loss=0.2818
step=13470 loss=0.2289
step=13471 loss=1.3698
step=13472 loss=0.2767
step=13473 loss=0.0567
step=13474 loss=0.0610
step=13475 loss=0.5372
step=13476 loss=0.3644
step=13477 loss=0.0679
step=13478 loss=1.2609
step=13479 loss=0.6892
step=13480 loss=0.6614
step=13481 loss=0.0582
step=13482 loss=0.5375
step=13483 loss=0.0932
step=13484 loss=0.7998
step=13485 loss=0.4186
step=13486 loss=0.0645
step=13487 loss=0.9952
step=13488 loss=0.0511
step=13489 loss=0.8189
step=13490 loss=0.0715
step=13491 loss=0.9831
step=13492 loss=0.4554
step=13493 loss=0.0648
step=13494 loss=0.8349
step=13495 loss=0.5668
step=13496 loss=0.1928
step=13497 loss=0.0497
step=13498 loss=0.7550
step=13499 loss=0.9948
step=13500 loss=0.4981
step=13501 loss=1.1103
step=13502 loss=0.6044
step=13503 loss=0.9801
step=13504 loss=0.7597
step=13505 loss=1.9313
step=13506 loss=1.1209
step=13507 loss=0.1022
step=13508 loss=0.3373
step=13509 loss=0.9327
step=13510 loss=0.6544
step=13511 loss=0.4646
step=13512 loss=0.0546
step=13513 loss=0.7633
step=13514 loss=1.7008
step=13515 loss=1.1552
step=13516 loss=1.3241
step=13517 loss=0.3963
step=13518 loss=0.4741
step=13519 loss=0.6870
step=13520 loss=0.7217
step=13521 loss=0.0811
step=13522 loss=0.9103
step=13523 loss=0.7265
step=13524 loss=0.8040
step=13525 loss=0.3453
step=13526 loss=0.5845
step=13527 loss=0.4782
step=13528 loss=1.1088
step=13529 loss=1.3141
step=13530 loss=0.5856
step=13531 loss=0.2572
step=13532 loss=0.0596
step=13533 loss=1.0208
step=13534 loss=0.2755
step=13535 loss=0.1661
step=13536 loss=0.0591
step=13537 loss=0.8218
step=13538 loss=0.0705
step=13539 loss=0.8623
step=13540 loss=0.0482
step=13541 loss=0.5341
step=13542 loss=0.6380
step=13543 loss=0.6847
step=13544 loss=0.3185
step=13545 loss=0.7243
step=13546 loss=0.6721
step=13547 loss=0.1032
step=13548 loss=1.2796
step=13549 loss=0.0617
step=13550 loss=0.2992
step=13551 loss=0.3438
step=13552 loss=0.3621
step=13553 loss=0.4047
step=13554 loss=0.4111
step=13555 loss=0.0939
step=13556 loss=0.4212
step=13557 loss=0.3557
step=13558 loss=0.0653
step=13559 loss=0.1519
step=13560 loss=0.0603
step=13561 loss=1.5878
step=13562 loss=1.0073
step=13563 loss=0.3703
step=13564 loss=0.5037
step=13565 loss=0.1807
step=13566 loss=0.3161
step=13567 loss=0.4938
step=13568 loss=0.4107
step=13569 loss=0.4638
step=13570 loss=0.0656
step=13571 loss=1.3526
step=13572 loss=0.3238
step=13573 loss=0.0903
step=13574 loss=0.0634
step=13575 loss=1.5784
step=13576 loss=0.4402
step=13577 loss=0.0694
step=13578 loss=1.0368
step=13579 loss=0.2385
step=13580 loss=1.1573
step=13581 loss=0.5267
step=13582 loss=0.2229
step=13583 loss=1.0045
step=13584 loss=0.3284
step=13585 loss=0.5630
step=13586 loss=0.8059
step=13587 loss=0.0686
step=13588 loss=0.7973
step=13589 loss=0.4476
step=13590 loss=0.8062
step=13591 loss=0.2202
step=13592 loss=1.0423
step=13593 loss=0.4726
step=13594 loss=1.1383
step=13595 loss=0.4232
step=13596 loss=0.2231
step=13597 loss=1.2705
step=13598 loss=0.4021
step=13599 loss=0.0790
step=13600 loss=0.4901
eval_step=13600 eval_loss=0.5187 eval_ppl=1.68
step=13601 loss=0.8118
step=13602 loss=0.8427
step=13603 loss=0.0665
step=13604 loss=0.3857
step=13605 loss=0.2780
step=13606 loss=0.1640
step=13607 loss=0.9486
step=13608 loss=0.6417
step=13609 loss=1.1606
step=13610 loss=0.5849
step=13611 loss=0.6083
step=13612 loss=0.7929
step=13613 loss=0.1734
step=13614 loss=0.3434
step=13615 loss=0.6214
step=13616 loss=0.6639
step=13617 loss=0.8319
step=13618 loss=0.7982
step=13619 loss=1.2302
step=13620 loss=0.6862
step=13621 loss=0.5368
step=13622 loss=0.1590
step=13623 loss=0.6111
step=13624 loss=0.3389
step=13625 loss=0.1896
step=13626 loss=0.0710
step=13627 loss=0.0662
step=13628 loss=0.6339
step=13629 loss=0.8499
step=13630 loss=0.1650
step=13631 loss=0.2519
step=13632 loss=0.2304
step=13633 loss=0.1602
step=13634 loss=0.8415
step=13635 loss=0.3549
step=13636 loss=0.4232
step=13637 loss=0.5692
step=13638 loss=1.0231
step=13639 loss=0.6058
step=13640 loss=0.7331
step=13641 loss=0.0568
step=13642 loss=1.0471
step=13643 loss=0.3287
step=13644 loss=0.8621
step=13645 loss=1.6253
step=13646 loss=0.8856
step=13647 loss=0.1898
step=13648 loss=0.0490
step=13649 loss=0.7125
step=13650 loss=0.9336
step=13651 loss=0.7021
step=13652 loss=1.2482
step=13653 loss=1.0646
step=13654 loss=0.0840
step=13655 loss=0.2976
step=13656 loss=0.8804
step=13657 loss=0.1651
step=13658 loss=0.7001
step=13659 loss=1.3447
step=13660 loss=0.4412
step=13661 loss=0.9488
step=13662 loss=0.3279
step=13663 loss=0.6806
step=13664 loss=1.0120
step=13665 loss=0.0585
step=13666 loss=0.2475
step=13667 loss=0.6208
step=13668 loss=0.2099
step=13669 loss=1.2946
step=13670 loss=0.7666
step=13671 loss=0.0699
step=13672 loss=2.0293
step=13673 loss=1.0469
step=13674 loss=0.4129
step=13675 loss=0.0725
step=13676 loss=0.0751
step=13677 loss=0.4200
step=13678 loss=0.8243
step=13679 loss=1.1699
step=13680 loss=0.4873
step=13681 loss=0.7044
step=13682 loss=1.1802
step=13683 loss=0.0590
step=13684 loss=0.1928
step=13685 loss=0.7393
step=13686 loss=0.7401
step=13687 loss=0.3192
step=13688 loss=1.5880
step=13689 loss=0.3873
step=13690 loss=1.1582
step=13691 loss=0.7733
step=13692 loss=0.7930
step=13693 loss=1.6051
step=13694 loss=2.0778
step=13695 loss=0.2901
step=13696 loss=1.1300
step=13697 loss=0.9516
step=13698 loss=0.1739
step=13699 loss=0.2462
step=13700 loss=1.0191
step=13701 loss=0.2188
step=13702 loss=0.6695
step=13703 loss=0.6108
step=13704 loss=0.4034
step=13705 loss=0.0594
step=13706 loss=0.3214
step=13707 loss=0.0554
step=13708 loss=0.0643
step=13709 loss=0.3045
step=13710 loss=2.3112
step=13711 loss=0.9749
step=13712 loss=0.1505
step=13713 loss=0.0541
step=13714 loss=1.2905
step=13715 loss=0.2508
step=13716 loss=0.0508
step=13717 loss=0.0744
step=13718 loss=0.6373
step=13719 loss=0.4912
step=13720 loss=0.4224
step=13721 loss=0.3180
step=13722 loss=0.9585
step=13723 loss=1.0385
step=13724 loss=0.4779
step=13725 loss=0.1974
step=13726 loss=0.1871
step=13727 loss=1.2754
step=13728 loss=0.0847
step=13729 loss=0.6603
step=13730 loss=0.0638
step=13731 loss=1.5561
step=13732 loss=0.1431
step=13733 loss=0.1762
step=13734 loss=0.6849
step=13735 loss=0.0644
step=13736 loss=0.8280
step=13737 loss=0.7233
step=13738 loss=0.2884
step=13739 loss=0.5910
step=13740 loss=0.6577
step=13741 loss=1.1551
step=13742 loss=0.1939
step=13743 loss=0.3398
step=13744 loss=0.4306
step=13745 loss=0.4526
step=13746 loss=0.0639
step=13747 loss=0.0553
step=13748 loss=0.5879
step=13749 loss=0.5269
step=13750 loss=0.1743
step=13751 loss=1.1504
step=13752 loss=1.1795
step=13753 loss=1.4222
step=13754 loss=1.2224
step=13755 loss=0.0639
step=13756 loss=0.2030
step=13757 loss=0.5796
step=13758 loss=0.5497
step=13759 loss=0.3592
step=13760 loss=0.5857
step=13761 loss=0.6556
step=13762 loss=0.6650
step=13763 loss=0.4718
step=13764 loss=0.4440
step=13765 loss=0.0517
step=13766 loss=0.1519
step=13767 loss=0.7555
step=13768 loss=0.6605
step=13769 loss=0.3143
step=13770 loss=1.8586
step=13771 loss=1.2247
step=13772 loss=0.6860
step=13773 loss=0.4147
step=13774 loss=0.6345
step=13775 loss=0.9899
step=13776 loss=0.8240
step=13777 loss=0.2931
step=13778 loss=0.6461
step=13779 loss=0.9680
step=13780 loss=1.5841
step=13781 loss=0.3374
step=13782 loss=0.3938
step=13783 loss=0.2767
step=13784 loss=0.9982
step=13785 loss=0.9014
step=13786 loss=0.1808
step=13787 loss=0.4609
step=13788 loss=0.4066
step=13789 loss=0.6190
step=13790 loss=0.2033
step=13791 loss=0.6294
step=13792 loss=0.5280
step=13793 loss=0.3435
step=13794 loss=0.2479
step=13795 loss=0.9662
step=13796 loss=2.0669
step=13797 loss=0.7255
step=13798 loss=0.6281
step=13799 loss=0.6828
step=13800 loss=0.7845
eval_step=13800 eval_loss=0.5084 eval_ppl=1.66
step=13801 loss=0.1039
step=13802 loss=0.8676
step=13803 loss=0.0616
step=13804 loss=0.1540
step=13805 loss=1.0010
step=13806 loss=0.1503
step=13807 loss=0.6252
step=13808 loss=0.4416
step=13809 loss=0.5799
step=13810 loss=0.0782
step=13811 loss=0.2033
step=13812 loss=0.0490
step=13813 loss=0.9385
step=13814 loss=0.7330
step=13815 loss=0.7401
step=13816 loss=0.8597
step=13817 loss=0.8002
step=13818 loss=0.0753
step=13819 loss=1.0964
step=13820 loss=0.4118
step=13821 loss=0.2411
step=13822 loss=0.3258
step=13823 loss=0.2751
step=13824 loss=0.6532
step=13825 loss=0.0715
step=13826 loss=0.2313
step=13827 loss=0.6615
step=13828 loss=1.1166
step=13829 loss=0.5726
step=13830 loss=0.0789
step=13831 loss=1.5423
step=13832 loss=0.8352
step=13833 loss=0.7373
step=13834 loss=0.2332
step=13835 loss=1.6371
step=13836 loss=0.4444
step=13837 loss=0.5334
step=13838 loss=0.4503
step=13839 loss=0.1641
step=13840 loss=0.8777
step=13841 loss=2.4659
step=13842 loss=0.8426
step=13843 loss=0.3532
step=13844 loss=0.0499
step=13845 loss=0.1494
step=13846 loss=0.1977
step=13847 loss=1.4785
step=13848 loss=0.5035
step=13849 loss=1.3975
step=13850 loss=0.0574
step=13851 loss=0.8219
step=13852 loss=0.7794
step=13853 loss=1.6047
step=13854 loss=0.4538
step=13855 loss=0.9950
step=13856 loss=0.4903
step=13857 loss=0.4220
step=13858 loss=0.6000
step=13859 loss=0.0531
step=13860 loss=0.1530
step=13861 loss=0.9597
step=13862 loss=1.0137
step=13863 loss=0.9066
step=13864 loss=0.9050
step=13865 loss=0.1895
step=13866 loss=1.2291
step=13867 loss=0.3026
step=13868 loss=0.7441
step=13869 loss=0.2460
step=13870 loss=0.4199
step=13871 loss=0.3186
step=13872 loss=0.5693
step=13873 loss=0.8463
step=13874 loss=0.7082
step=13875 loss=0.4006
step=13876 loss=0.5463
step=13877 loss=1.0381
step=13878 loss=0.4988
step=13879 loss=0.6129
step=13880 loss=0.5401
step=13881 loss=0.4679
step=13882 loss=0.8895
step=13883 loss=1.1852
step=13884 loss=0.0528
step=13885 loss=0.5481
step=13886 loss=0.0480
step=13887 loss=0.9156
step=13888 loss=0.3837
step=13889 loss=1.3313
step=13890 loss=1.2933
step=13891 loss=0.3592
step=13892 loss=0.5666
step=13893 loss=0.0517
step=13894 loss=0.3670
step=13895 loss=0.0524
step=13896 loss=0.8738
step=13897 loss=0.0621
step=13898 loss=0.0570
step=13899 loss=0.2202
step=13900 loss=0.2618
step=13901 loss=0.4335
step=13902 loss=0.7962
step=13903 loss=0.2132
step=13904 loss=0.3241
step=13905 loss=0.2871
step=13906 loss=0.1493
step=13907 loss=0.1843
step=13908 loss=0.6736
step=13909 loss=0.5540
step=13910 loss=0.6319
step=13911 loss=0.3583
step=13912 loss=1.2113
step=13913 loss=0.0551
step=13914 loss=0.3604
step=13915 loss=0.1512
step=13916 loss=1.2301
step=13917 loss=0.3719
step=13918 loss=0.2026
step=13919 loss=1.3992
step=13920 loss=0.2424
step=13921 loss=0.7173
step=13922 loss=1.5542
step=13923 loss=0.0498
step=13924 loss=0.4505
step=13925 loss=0.5711
step=13926 loss=1.8205
step=13927 loss=0.3436
step=13928 loss=0.5351
step=13929 loss=1.2739
step=13930 loss=0.1606
step=13931 loss=0.3076
step=13932 loss=0.6782
step=13933 loss=0.8303
step=13934 loss=0.0671
step=13935 loss=0.4777
step=13936 loss=0.3787
step=13937 loss=1.1174
step=13938 loss=1.4606
step=13939 loss=1.2037
step=13940 loss=0.5022
step=13941 loss=0.0456
step=13942 loss=1.5970
step=13943 loss=0.0540
step=13944 loss=1.2322
step=13945 loss=0.4425
step=13946 loss=0.6714
step=13947 loss=0.0623
step=13948 loss=1.4561
step=13949 loss=1.9102
step=13950 loss=0.0490
step=13951 loss=0.5951
step=13952 loss=0.3869
step=13953 loss=0.6768
step=13954 loss=2.0164
step=13955 loss=0.9456
step=13956 loss=1.3109
step=13957 loss=0.5622
step=13958 loss=0.2550
step=13959 loss=0.5785
step=13960 loss=0.0538
step=13961 loss=0.2982
step=13962 loss=0.8457
step=13963 loss=0.0564
step=13964 loss=0.0549
step=13965 loss=0.5568
step=13966 loss=1.0567
step=13967 loss=0.0490
step=13968 loss=0.0426
step=13969 loss=0.4357
step=13970 loss=0.9597
step=13971 loss=0.6107
step=13972 loss=0.4810
step=13973 loss=0.0547
step=13974 loss=0.3043
step=13975 loss=0.0532
step=13976 loss=0.5497
step=13977 loss=0.8868
step=13978 loss=0.0470
step=13979 loss=0.8391
step=13980 loss=0.0493
step=13981 loss=0.7167
step=13982 loss=0.8693
step=13983 loss=0.1423
step=13984 loss=0.0639
step=13985 loss=0.0549
step=13986 loss=1.6607
step=13987 loss=1.3983
step=13988 loss=0.3655
step=13989 loss=0.9211
step=13990 loss=0.7442
step=13991 loss=1.0957
step=13992 loss=1.2873
step=13993 loss=0.2042
step=13994 loss=0.2434
step=13995 loss=1.7022
step=13996 loss=0.1523
step=13997 loss=0.0396
step=13998 loss=0.8112
step=13999 loss=0.2489
step=14000 loss=0.0552
eval_step=14000 eval_loss=0.5006 eval_ppl=1.65
step=14001 loss=1.0748
step=14002 loss=2.7745
step=14003 loss=0.1568
step=14004 loss=0.4658
step=14005 loss=0.2341
step=14006 loss=0.0483
step=14007 loss=0.5164
step=14008 loss=0.3703
step=14009 loss=0.1677
step=14010 loss=1.3326
step=14011 loss=0.0452
step=14012 loss=0.0697
step=14013 loss=0.2737
step=14014 loss=0.7282
step=14015 loss=0.0584
step=14016 loss=0.9169
step=14017 loss=0.6821
step=14018 loss=1.4427
step=14019 loss=0.1757
step=14020 loss=0.0446
step=14021 loss=0.1515
step=14022 loss=0.4093
step=14023 loss=0.5405
step=14024 loss=0.2756
step=14025 loss=0.9565
step=14026 loss=0.8262
step=14027 loss=0.0457
step=14028 loss=1.0904
step=14029 loss=1.0766
step=14030 loss=0.9635
step=14031 loss=0.2977
step=14032 loss=1.0871
step=14033 loss=0.6695
step=14034 loss=0.0619
step=14035 loss=0.3465
step=14036 loss=0.5644
step=14037 loss=0.2551
step=14038 loss=0.8066
step=14039 loss=0.8514
step=14040 loss=0.2640
step=14041 loss=2.8148
step=14042 loss=1.0490
step=14043 loss=0.0502
step=14044 loss=1.9341
step=14045 loss=0.8458
step=14046 loss=0.4551
step=14047 loss=0.8922
step=14048 loss=0.9539
step=14049 loss=0.1921
step=14050 loss=0.5183
step=14051 loss=1.6025
step=14052 loss=0.6383
step=14053 loss=0.0690
step=14054 loss=0.3259
step=14055 loss=0.5030
step=14056 loss=1.1308
step=14057 loss=0.8222
step=14058 loss=1.4931
step=14059 loss=0.6874
step=14060 loss=0.2877
step=14061 loss=0.5760
step=14062 loss=0.1267
step=14063 loss=0.4024
step=14064 loss=0.1186
step=14065 loss=1.3652
step=14066 loss=0.4888
step=14067 loss=0.2025
step=14068 loss=0.8209
step=14069 loss=0.6758
step=14070 loss=0.6295
step=14071 loss=1.1600
step=14072 loss=0.0496
step=14073 loss=2.2296
step=14074 loss=0.1995
step=14075 loss=0.3302
step=14076 loss=0.1963
step=14077 loss=0.5618
step=14078 loss=1.7780
step=14079 loss=0.9375
step=14080 loss=0.5882
step=14081 loss=0.6774
step=14082 loss=0.0463
step=14083 loss=0.2076
step=14084 loss=0.8523
step=14085 loss=0.5934
step=14086 loss=0.4565
step=14087 loss=0.0566
step=14088 loss=0.1392
step=14089 loss=0.5459
step=14090 loss=0.3729
step=14091 loss=0.0584
step=14092 loss=0.5264
step=14093 loss=0.2013
step=14094 loss=0.7064
step=14095 loss=0.8271
step=14096 loss=1.2540
step=14097 loss=0.6074
step=14098 loss=0.5768
step=14099 loss=0.5005
step=14100 loss=0.7551
step=14101 loss=1.3550
step=14102 loss=0.0467
step=14103 loss=0.3209
step=14104 loss=0.5157
step=14105 loss=1.1831
step=14106 loss=0.0584
step=14107 loss=0.0533
step=14108 loss=1.8158
step=14109 loss=0.1448
step=14110 loss=0.2764
step=14111 loss=0.2102
step=14112 loss=0.1937
step=14113 loss=0.1782
step=14114 loss=0.8707
step=14115 loss=0.8572
step=14116 loss=0.0569
step=14117 loss=0.0452
step=14118 loss=0.2338
step=14119 loss=0.6503
step=14120 loss=0.8478
step=14121 loss=0.7618
step=14122 loss=0.6789
step=14123 loss=0.9421
step=14124 loss=0.4197
step=14125 loss=0.9854
step=14126 loss=0.8426
step=14127 loss=0.7267
step=14128 loss=0.5882
step=14129 loss=1.1474
step=14130 loss=0.4306
step=14131 loss=0.7234
step=14132 loss=0.7691
step=14133 loss=0.4305
step=14134 loss=0.3891
step=14135 loss=0.6795
step=14136 loss=0.5124
step=14137 loss=0.0524
step=14138 loss=0.6737
step=14139 loss=0.2559
step=14140 loss=0.5218
step=14141 loss=0.1801
step=14142 loss=0.4554
step=14143 loss=0.0556
step=14144 loss=0.1415
step=14145 loss=0.5128
step=14146 loss=0.2349
step=14147 loss=0.4436
step=14148 loss=0.2271
step=14149 loss=0.6736
step=14150 loss=0.6464
step=14151 loss=0.9850
step=14152 loss=0.5940
step=14153 loss=0.3710
step=14154 loss=0.8032
step=14155 loss=2.4116
step=14156 loss=2.0340
step=14157 loss=0.6037
step=14158 loss=1.0037
step=14159 loss=0.0466
step=14160 loss=0.2106
step=14161 loss=1.3569
step=14162 loss=0.9337
step=14163 loss=0.4386
step=14164 loss=0.4819
step=14165 loss=0.0536
step=14166 loss=1.2467
step=14167 loss=0.5721
step=14168 loss=0.3837
step=14169 loss=0.9224
step=14170 loss=1.0071
step=14171 loss=0.2020
step=14172 loss=0.1528
step=14173 loss=0.4823
step=14174 loss=0.4606
step=14175 loss=0.1768
step=14176 loss=0.1831
step=14177 loss=0.8766
step=14178 loss=0.2543
step=14179 loss=1.0125
step=14180 loss=0.2971
step=14181 loss=0.3374
step=14182 loss=0.0564
step=14183 loss=0.5738
step=14184 loss=0.0583
step=14185 loss=1.0721
step=14186 loss=0.2295
step=14187 loss=0.9144
step=14188 loss=0.1576
step=14189 loss=0.1686
step=14190 loss=1.3154
step=14191 loss=1.0581
step=14192 loss=0.5585
step=14193 loss=0.3909
step=14194 loss=0.1743
step=14195 loss=0.4758
step=14196 loss=0.0608
step=14197 loss=1.0735
step=14198 loss=0.1191
step=14199 loss=0.3124
step=14200 loss=1.0262
eval_step=14200 eval_loss=0.4931 eval_ppl=1.64
step=14201 loss=0.6510
step=14202 loss=0.0367
step=14203 loss=1.3215
step=14204 loss=0.8647
step=14205 loss=0.7110
step=14206 loss=0.7433
step=14207 loss=0.3656
step=14208 loss=0.6369
step=14209 loss=0.0475
step=14210 loss=0.7871
step=14211 loss=0.0564
step=14212 loss=0.2645
step=14213 loss=0.0590
step=14214 loss=0.0356
step=14215 loss=0.3030
step=14216 loss=0.6057
step=14217 loss=0.7072
step=14218 loss=0.2287
step=14219 loss=0.5940
step=14220 loss=0.9201
step=14221 loss=0.3698
step=14222 loss=0.8017
step=14223 loss=0.3232
step=14224 loss=0.4583
step=14225 loss=0.1676
step=14226 loss=0.1743
step=14227 loss=0.8539
step=14228 loss=0.7756
step=14229 loss=0.2070
step=14230 loss=0.0707
step=14231 loss=0.0511
step=14232 loss=0.7016
step=14233 loss=0.1584
step=14234 loss=0.1338
step=14235 loss=0.1942
step=14236 loss=0.4972
step=14237 loss=0.0522
step=14238 loss=0.5059
step=14239 loss=0.7177
step=14240 loss=0.3310
step=14241 loss=0.9555
step=14242 loss=0.7093
step=14243 loss=0.8080
step=14244 loss=0.8788
step=14245 loss=0.1428
step=14246 loss=0.8962
step=14247 loss=0.9376
step=14248 loss=0.1418
step=14249 loss=0.9267
step=14250 loss=0.0556
step=14251 loss=2.0133
step=14252 loss=0.0583
step=14253 loss=0.8265
step=14254 loss=0.9823
step=14255 loss=0.6168
step=14256 loss=0.9439
step=14257 loss=1.2516
step=14258 loss=0.4523
step=14259 loss=0.6681
step=14260 loss=0.1515
step=14261 loss=1.5984
step=14262 loss=1.1993
step=14263 loss=0.1817
step=14264 loss=0.0581
step=14265 loss=1.1142
step=14266 loss=0.0445
step=14267 loss=0.4568
step=14268 loss=0.9109
step=14269 loss=0.0761
step=14270 loss=0.1906
step=14271 loss=0.9044
step=14272 loss=0.3396
step=14273 loss=2.1124
step=14274 loss=0.1835
step=14275 loss=0.3300
step=14276 loss=0.3992
step=14277 loss=1.1408
step=14278 loss=0.0415
step=14279 loss=0.3911
step=14280 loss=0.1838
step=14281 loss=0.1388
step=14282 loss=0.4968
step=14283 loss=0.1219
step=14284 loss=0.1274
step=14285 loss=0.4221
step=14286 loss=0.0411
step=14287 loss=1.2213
step=14288 loss=0.1836
step=14289 loss=0.3069
step=14290 loss=1.4507
step=14291 loss=1.2812
step=14292 loss=0.8491
step=14293 loss=0.9282
step=14294 loss=0.0522
step=14295 loss=1.0296
step=14296 loss=0.6598
step=14297 loss=1.0992
step=14298 loss=0.7978
step=14299 loss=0.4262
step=14300 loss=0.9603
step=14301 loss=0.3240
step=14302 loss=0.6662
step=14303 loss=0.0610
step=14304 loss=0.5293
step=14305 loss=0.1253
step=14306 loss=0.0525
step=14307 loss=1.7047
step=14308 loss=0.3693
step=14309 loss=0.2986
step=14310 loss=0.3096
step=14311 loss=0.4056
step=14312 loss=0.2173
step=14313 loss=0.3218
step=14314 loss=0.0443
step=14315 loss=0.0381
step=14316 loss=0.1480
step=14317 loss=0.6337
step=14318 loss=0.3358
step=14319 loss=0.9795
step=14320 loss=0.5238
step=14321 loss=0.1944
step=14322 loss=0.2329
step=14323 loss=0.2620
step=14324 loss=0.9655
step=14325 loss=0.5837
step=14326 loss=0.4705
step=14327 loss=0.0462
step=14328 loss=0.3417
step=14329 loss=0.2656
step=14330 loss=0.6190
step=14331 loss=0.4155
step=14332 loss=0.4862
step=14333 loss=0.2689
step=14334 loss=0.5166
step=14335 loss=1.2295
step=14336 loss=0.1502
step=14337 loss=0.2035
step=14338 loss=1.7890
step=14339 loss=0.2015
step=14340 loss=0.5563
step=14341 loss=0.5944
step=14342 loss=0.0457
step=14343 loss=0.2924
step=14344 loss=0.3729
step=14345 loss=0.5682
step=14346 loss=0.1400
step=14347 loss=1.7784
step=14348 loss=0.0434
step=14349 loss=0.3587
step=14350 loss=0.9368
step=14351 loss=0.9259
step=14352 loss=0.2257
step=14353 loss=0.1413
step=14354 loss=0.5635
step=14355 loss=0.9732
step=14356 loss=0.2273
step=14357 loss=0.6828
step=14358 loss=1.4584
step=14359 loss=0.7770
step=14360 loss=0.0461
step=14361 loss=0.4166
step=14362 loss=0.0419
step=14363 loss=0.4675
step=14364 loss=0.9817
step=14365 loss=0.6074
step=14366 loss=0.5406
step=14367 loss=1.4153
step=14368 loss=0.8601
step=14369 loss=0.4966
step=14370 loss=1.1267
step=14371 loss=0.2442
step=14372 loss=0.5334
step=14373 loss=0.0485
step=14374 loss=0.8552
step=14375 loss=0.3825
step=14376 loss=0.2752
step=14377 loss=0.2581
step=14378 loss=1.3189
step=14379 loss=0.7363
step=14380 loss=0.0388
step=14381 loss=0.2246
step=14382 loss=0.8144
step=14383 loss=0.5834
step=14384 loss=0.3692
step=14385 loss=0.6445
step=14386 loss=0.6533
step=14387 loss=0.5170
step=14388 loss=0.3554
step=14389 loss=0.3957
step=14390 loss=1.6067
step=14391 loss=0.0449
step=14392 loss=0.5967
step=14393 loss=0.7133
step=14394 loss=0.0384
step=14395 loss=0.0490
step=14396 loss=0.5073
step=14397 loss=0.7236
step=14398 loss=0.1204
step=14399 loss=0.0560
step=14400 loss=0.4877
eval_step=14400 eval_loss=0.4868 eval_ppl=1.63
step=14401 loss=0.2594
step=14402 loss=0.0469
step=14403 loss=0.5572
step=14404 loss=0.9794
step=14405 loss=0.2395
step=14406 loss=0.1395
step=14407 loss=0.0422
step=14408 loss=0.6486
step=14409 loss=0.3059
step=14410 loss=1.8636
step=14411 loss=0.0376
step=14412 loss=0.7459
step=14413 loss=0.8617
step=14414 loss=0.3571
step=14415 loss=0.2983
step=14416 loss=1.4767
step=14417 loss=0.8190
step=14418 loss=0.2729
step=14419 loss=0.1309
step=14420 loss=0.0398
step=14421 loss=0.0447
step=14422 loss=0.0505
step=14423 loss=0.8600
step=14424 loss=0.3018
step=14425 loss=0.8680
step=14426 loss=1.4242
step=14427 loss=0.0463
step=14428 loss=0.8706
step=14429 loss=2.2751
step=14430 loss=1.2431
step=14431 loss=0.2298
step=14432 loss=0.7776
step=14433 loss=0.6078
step=14434 loss=0.0449
step=14435 loss=0.1812
step=14436 loss=0.8182
step=14437 loss=0.2771
step=14438 loss=0.0472
step=14439 loss=1.3603
step=14440 loss=0.0663
step=14441 loss=0.8272
step=14442 loss=0.8637
step=14443 loss=0.5779
step=14444 loss=0.6422
step=14445 loss=0.1160
step=14446 loss=0.3621
step=14447 loss=0.0499
step=14448 loss=0.0462
step=14449 loss=0.7380
step=14450 loss=0.2138
step=14451 loss=0.1401
step=14452 loss=0.2673
step=14453 loss=0.5042
step=14454 loss=0.2331
step=14455 loss=0.2653
step=14456 loss=0.0425
step=14457 loss=0.7849
step=14458 loss=0.1586
step=14459 loss=0.0423
step=14460 loss=0.1587
step=14461 loss=0.0490
step=14462 loss=0.2098
step=14463 loss=0.6331
step=14464 loss=0.6320
step=14465 loss=1.4660
step=14466 loss=0.8724
step=14467 loss=0.0445
step=14468 loss=0.7913
step=14469 loss=1.0295
step=14470 loss=1.4923
step=14471 loss=0.2145
step=14472 loss=2.3043
step=14473 loss=0.2464
step=14474 loss=0.1605
step=14475 loss=1.9169
step=14476 loss=0.3318
step=14477 loss=0.7197
step=14478 loss=0.8078
step=14479 loss=0.0482
step=14480 loss=0.2258
step=14481 loss=0.7159
step=14482 loss=1.8710
step=14483 loss=0.2560
step=14484 loss=1.0403
step=14485 loss=0.0402
step=14486 loss=1.0065
step=14487 loss=0.5342
step=14488 loss=0.5378
step=14489 loss=0.4725
step=14490 loss=0.0683
step=14491 loss=0.0425
step=14492 loss=0.7723
step=14493 loss=0.3675
step=14494 loss=0.0449
step=14495 loss=0.2417
step=14496 loss=0.6091
step=14497 loss=0.0767
step=14498 loss=0.8945
step=14499 loss=0.0385
step=14500 loss=0.7166
step=14501 loss=0.5042
step=14502 loss=0.1578
step=14503 loss=0.6556
step=14504 loss=0.0351
step=14505 loss=1.1852
step=14506 loss=0.9625
step=14507 loss=0.5991
step=14508 loss=1.3358
step=14509 loss=0.0384
step=14510 loss=0.5634
step=14511 loss=0.2018
step=14512 loss=0.5892
step=14513 loss=0.7730
step=14514 loss=1.7639
step=14515 loss=0.2128
step=14516 loss=0.7784
step=14517 loss=0.7987
step=14518 loss=0.4008
step=14519 loss=0.2694
step=14520 loss=2.0805
step=14521 loss=0.0554
step=14522 loss=0.1501
step=14523 loss=0.7828
step=14524 loss=0.2807
step=14525 loss=1.7872
step=14526 loss=0.4583
step=14527 loss=0.8287
step=14528 loss=0.4098
step=14529 loss=0.8474
step=14530 loss=0.4404
step=14531 loss=1.6909
step=14532 loss=0.5358
step=14533 loss=0.5516
step=14534 loss=0.6205
step=14535 loss=0.2504
step=14536 loss=1.2876
step=14537 loss=0.1380
step=14538 loss=0.6611
step=14539 loss=0.9309
step=14540 loss=1.1004
step=14541 loss=0.1748
step=14542 loss=0.0612
step=14543 loss=0.5351
step=14544 loss=0.2210
step=14545 loss=0.8357
step=14546 loss=0.0441
step=14547 loss=0.0482
step=14548 loss=0.3361
step=14549 loss=1.1668
step=14550 loss=0.1427
step=14551 loss=0.3307
step=14552 loss=0.0463
step=14553 loss=0.6096
step=14554 loss=1.1170
step=14555 loss=0.2092
step=14556 loss=0.1528
step=14557 loss=0.4957
step=14558 loss=1.0043
step=14559 loss=1.0236
step=14560 loss=0.0438
step=14561 loss=0.6595
step=14562 loss=0.6963
step=14563 loss=0.0483
step=14564 loss=0.0387
step=14565 loss=1.0360
step=14566 loss=0.0410
step=14567 loss=0.5248
step=14568 loss=0.4737
step=14569 loss=1.3168
step=14570 loss=0.7567
step=14571 loss=0.4243
step=14572 loss=0.2192
step=14573 loss=0.8486
step=14574 loss=1.2074
step=14575 loss=0.0409
step=14576 loss=0.2614
step=14577 loss=0.2079
step=14578 loss=0.4373
step=14579 loss=0.8314
step=14580 loss=0.7649
step=14581 loss=0.2206
step=14582 loss=0.0496
step=14583 loss=0.2272
step=14584 loss=0.6811
step=14585 loss=0.0515
step=14586 loss=1.2211
step=14587 loss=0.4400
step=14588 loss=1.8349
step=14589 loss=0.0560
step=14590 loss=0.0433
step=14591 loss=0.5946
step=14592 loss=0.1252
step=14593 loss=0.6752
step=14594 loss=0.1201
step=14595 loss=0.4434
step=14596 loss=0.2769
step=14597 loss=0.3156
step=14598 loss=0.0359
step=14599 loss=1.0093
step=14600 loss=0.8877
eval_step=14600 eval_loss=0.4815 eval_ppl=1.62
step=14601 loss=0.0470
step=14602 loss=0.9509
step=14603 loss=0.1105
step=14604 loss=0.0359
step=14605 loss=0.7663
step=14606 loss=0.0378
step=14607 loss=0.2095
step=14608 loss=0.8648
step=14609 loss=0.8420
step=14610 loss=0.9908
step=14611 loss=0.1581
step=14612 loss=0.0965
step=14613 loss=0.0437
step=14614 loss=0.4023
step=14615 loss=0.1336
step=14616 loss=1.3202
step=14617 loss=0.9344
step=14618 loss=0.0444
step=14619 loss=0.4853
step=14620 loss=0.9168
step=14621 loss=0.1963
step=14622 loss=0.1837
step=14623 loss=0.2027
step=14624 loss=1.3243
step=14625 loss=1.3090
step=14626 loss=0.9667
step=14627 loss=1.2268
step=14628 loss=0.3076
step=14629 loss=0.0417
step=14630 loss=1.0477
step=14631 loss=0.8201
step=14632 loss=1.0421
step=14633 loss=0.5415
step=14634 loss=1.0152
step=14635 loss=0.1218
step=14636 loss=1.3239
step=14637 loss=0.1135
step=14638 loss=0.6824
step=14639 loss=0.1215
step=14640 loss=0.0398
step=14641 loss=1.0076
step=14642 loss=0.0379
step=14643 loss=0.2067
step=14644 loss=0.5702
step=14645 loss=0.1020
step=14646 loss=0.0395
step=14647 loss=0.1358
step=14648 loss=0.5451
step=14649 loss=0.0508
step=14650 loss=0.0479
step=14651 loss=0.0457
step=14652 loss=1.0005
step=14653 loss=0.4138
step=14654 loss=0.4719
step=14655 loss=0.5511
step=14656 loss=0.8986
step=14657 loss=0.0482
step=14658 loss=0.1658
step=14659 loss=1.3557
step=14660 loss=0.0522
step=14661 loss=0.4678
step=14662 loss=0.5192
step=14663 loss=0.6603
step=14664 loss=0.5545
step=14665 loss=0.8000
step=14666 loss=0.0457
step=14667 loss=0.5714
step=14668 loss=0.0442
step=14669 loss=0.0503
step=14670 loss=0.0574
step=14671 loss=1.0416
step=14672 loss=0.5702
step=14673 loss=0.2390
step=14674 loss=0.2002
step=14675 loss=0.5384
step=14676 loss=0.1168
step=14677 loss=0.2291
step=14678 loss=1.3997
step=14679 loss=0.3540
step=14680 loss=0.4495
step=14681 loss=1.0424
step=14682 loss=1.2877
step=14683 loss=0.9596
step=14684 loss=1.2257
step=14685 loss=0.0423
step=14686 loss=0.2452
step=14687 loss=0.5703
step=14688 loss=0.5196
step=14689 loss=0.4445
step=14690 loss=0.7077
step=14691 loss=0.0404
step=14692 loss=0.1890
step=14693 loss=0.7835
step=14694 loss=0.3488
step=14695 loss=1.0614
step=14696 loss=0.2264
step=14697 loss=0.0392
step=14698 loss=1.2970
step=14699 loss=2.1280
step=14700 loss=0.5205
step=14701 loss=1.7708
step=14702 loss=0.5339
step=14703 loss=1.6737
step=14704 loss=0.6291
step=14705 loss=0.2382
step=14706 loss=0.9193
step=14707 loss=0.4961
step=14708 loss=0.2916
step=14709 loss=0.2466
step=14710 loss=0.2058
step=14711 loss=0.0432
step=14712 loss=0.2172
step=14713 loss=0.1732
step=14714 loss=0.2299
step=14715 loss=1.0149
step=14716 loss=0.0432
step=14717 loss=0.4292
step=14718 loss=0.3117
step=14719 loss=0.8312
step=14720 loss=0.0444
step=14721 loss=0.9263
step=14722 loss=0.9157
step=14723 loss=0.2089
step=14724 loss=0.1826
step=14725 loss=0.2987
step=14726 loss=0.4788
step=14727 loss=0.0461
step=14728 loss=0.0434
step=14729 loss=0.4803
step=14730 loss=0.2155
step=14731 loss=0.2269
step=14732 loss=1.0034
step=14733 loss=0.6918
step=14734 loss=0.3172
step=14735 loss=0.5339
step=14736 loss=0.4564
step=14737 loss=0.6079
step=14738 loss=0.4436
step=14739 loss=0.4263
step=14740 loss=1.1480
step=14741 loss=0.4515
step=14742 loss=0.5563
step=14743 loss=0.5661
step=14744 loss=0.8882
step=14745 loss=0.0401
step=14746 loss=0.5345
step=14747 loss=0.0392
step=14748 loss=1.0403
step=14749 loss=0.2276
step=14750 loss=0.7597
step=14751 loss=0.1781
step=14752 loss=0.1731
step=14753 loss=0.0483
step=14754 loss=2.3128
step=14755 loss=1.0712
step=14756 loss=0.0405
step=14757 loss=0.3556
step=14758 loss=1.0731
step=14759 loss=1.0093
step=14760 loss=1.0335
step=14761 loss=0.7446
step=14762 loss=0.3680
step=14763 loss=0.6693
step=14764 loss=0.4733
step=14765 loss=0.3575
step=14766 loss=0.8101
step=14767 loss=2.1076
step=14768 loss=0.5013
step=14769 loss=0.0414
step=14770 loss=0.2547
step=14771 loss=0.0932
step=14772 loss=0.7344
step=14773 loss=0.8137
step=14774 loss=0.3193
step=14775 loss=1.6726
step=14776 loss=1.6585
step=14777 loss=0.0400
step=14778 loss=0.8067
step=14779 loss=0.1240
step=14780 loss=0.9030
step=14781 loss=0.0376
step=14782 loss=0.0393
step=14783 loss=1.3745
step=14784 loss=0.5046
step=14785 loss=0.0977
step=14786 loss=0.5339
step=14787 loss=0.6835
step=14788 loss=0.3050
step=14789 loss=0.6397
step=14790 loss=1.6092
step=14791 loss=0.1442
step=14792 loss=0.0423
step=14793 loss=0.3718
step=14794 loss=0.2505
step=14795 loss=0.9580
step=14796 loss=0.0429
step=14797 loss=0.8794
step=14798 loss=0.6735
step=14799 loss=1.6720
step=14800 loss=1.3922
eval_step=14800 eval_loss=0.4767 eval_ppl=1.61
step=14801 loss=0.0339
step=14802 loss=0.5914
step=14803 loss=0.1648
step=14804 loss=0.4013
step=14805 loss=0.9076
step=14806 loss=0.2026
step=14807 loss=0.3153
step=14808 loss=1.0413
step=14809 loss=1.2576
step=14810 loss=0.0389
step=14811 loss=0.5576
step=14812 loss=0.6115
step=14813 loss=0.9078
step=14814 loss=0.2535
step=14815 loss=0.1825
step=14816 loss=0.3127
step=14817 loss=0.6162
step=14818 loss=0.3177
step=14819 loss=0.8241
step=14820 loss=0.6439
step=14821 loss=0.0340
step=14822 loss=0.0470
step=14823 loss=1.1280
step=14824 loss=0.3814
step=14825 loss=0.0994
step=14826 loss=0.8832
step=14827 loss=0.3248
step=14828 loss=0.0950
step=14829 loss=0.7722
step=14830 loss=0.2503
step=14831 loss=0.0346
step=14832 loss=0.0378
step=14833 loss=1.1317
step=14834 loss=1.1264
step=14835 loss=0.8601
step=14836 loss=0.1309
step=14837 loss=0.0418
step=14838 loss=0.2102
step=14839 loss=0.1587
step=14840 loss=0.2416
step=14841 loss=0.0372
step=14842 loss=0.1090
step=14843 loss=0.7165
step=14844 loss=0.0373
step=14845 loss=0.2244
step=14846 loss=1.0341
step=14847 loss=0.0380
step=14848 loss=0.0339
step=14849 loss=0.8113
step=14850 loss=0.5857
step=14851 loss=0.1214
step=14852 loss=0.1828
step=14853 loss=0.0386
step=14854 loss=0.4825
step=14855 loss=0.8584
step=14856 loss=0.0394
step=14857 loss=0.5938
step=14858 loss=0.3258
step=14859 loss=1.0407
step=14860 loss=0.7134
step=14861 loss=1.2046
step=14862 loss=0.7318
step=14863 loss=1.0464
step=14864 loss=2.7049
step=14865 loss=0.7687
step=14866 loss=0.4304
step=14867 loss=0.4817
step=14868 loss=0.1697
step=14869 loss=0.0469
step=14870 loss=0.7982
step=14871 loss=0.4031
step=14872 loss=1.5344
step=14873 loss=0.0344
step=14874 loss=0.1175
step=14875 loss=0.0449
step=14876 loss=0.0358
step=14877 loss=1.2097
step=14878 loss=0.4268
step=14879 loss=0.5060
step=14880 loss=0.1094
step=14881 loss=0.6897
step=14882 loss=0.6870
step=14883 loss=1.1856
step=14884 loss=1.2210
step=14885 loss=0.0396
step=14886 loss=0.3584
step=14887 loss=0.4954
step=14888 loss=0.0441
step=14889 loss=1.2836
step=14890 loss=0.8245
step=14891 loss=0.6234
step=14892 loss=1.5536
step=14893 loss=0.0431
step=14894 loss=0.0400
step=14895 loss=0.6849
step=14896 loss=0.6106
step=14897 loss=1.0272
step=14898 loss=1.8491
step=14899 loss=0.7951
step=14900 loss=0.3240
step=14901 loss=0.4494
step=14902 loss=0.4737
step=14903 loss=1.7276
step=14904 loss=0.1977
step=14905 loss=0.0374
step=14906 loss=0.3907
step=14907 loss=0.3234
step=14908 loss=0.0459
step=14909 loss=0.4750
step=14910 loss=0.6279
step=14911 loss=0.1256
step=14912 loss=0.0409
step=14913 loss=1.6420
step=14914 loss=0.5271
step=14915 loss=1.0207
step=14916 loss=0.8538
step=14917 loss=0.0473
step=14918 loss=0.5500
step=14919 loss=1.2091
step=14920 loss=0.3379
step=14921 loss=0.7187
step=14922 loss=0.0393
step=14923 loss=0.5687
step=14924 loss=0.2758
step=14925 loss=0.1702
step=14926 loss=0.4700
step=14927 loss=0.6863
step=14928 loss=0.0395
step=14929 loss=0.7884
step=14930 loss=0.5400
step=14931 loss=0.6543
step=14932 loss=1.1238
step=14933 loss=0.5279
step=14934 loss=0.9373
step=14935 loss=1.0618
step=14936 loss=0.4775
step=14937 loss=0.0406
step=14938 loss=0.0994
step=14939 loss=1.2716
step=14940 loss=0.0401
step=14941 loss=0.0390
step=14942 loss=1.1419
step=14943 loss=0.5070
step=14944 loss=0.4932
step=14945 loss=0.7135
step=14946 loss=0.0381
step=14947 loss=0.6131
step=14948 loss=0.8984
step=14949 loss=0.6265
step=14950 loss=0.3576
step=14951 loss=0.7733
step=14952 loss=0.4707
step=14953 loss=0.0376
step=14954 loss=0.9659
step=14955 loss=0.9843
step=14956 loss=0.2190
step=14957 loss=0.0371
step=14958 loss=0.4299
step=14959 loss=0.1743
step=14960 loss=1.0629
step=14961 loss=0.0343
step=14962 loss=0.1758
step=14963 loss=0.0365
step=14964 loss=0.6999
step=14965 loss=1.3239
step=14966 loss=0.0385
step=14967 loss=0.1181
step=14968 loss=0.1434
step=14969 loss=0.0295
step=14970 loss=0.0379
step=14971 loss=0.5285
step=14972 loss=0.4752
step=14973 loss=0.4711
step=14974 loss=0.0359
step=14975 loss=0.0395
step=14976 loss=0.3609
step=14977 loss=0.6527
step=14978 loss=0.0400
step=14979 loss=0.6564
step=14980 loss=0.0373
step=14981 loss=0.0438
step=14982 loss=0.0339
step=14983 loss=0.5655
step=14984 loss=0.7466
step=14985 loss=0.0402
step=14986 loss=2.4629
step=14987 loss=1.0380
step=14988 loss=0.4524
step=14989 loss=0.8317
step=14990 loss=0.3626
step=14991 loss=0.3443
step=14992 loss=0.7907
step=14993 loss=0.3144
step=14994 loss=0.5523
step=14995 loss=0.6246
step=14996 loss=0.4973
step=14997 loss=0.1038
step=14998 loss=0.7355
step=14999 loss=0.7721
step=15000 loss=0.1163
eval_step=15000 eval_loss=0.4722 eval_ppl=1.60
step=15001 loss=0.5467
step=15002 loss=0.4724
step=15003 loss=0.4932
step=15004 loss=0.2094
step=15005 loss=0.5150
step=15006 loss=1.1846
step=15007 loss=0.6781
step=15008 loss=0.1123
step=15009 loss=1.0090
step=15010 loss=0.3959
step=15011 loss=0.2503
step=15012 loss=0.0338
step=15013 loss=0.4508
step=15014 loss=1.1159
step=15015 loss=1.5512
step=15016 loss=0.0343
step=15017 loss=0.1010
step=15018 loss=0.0363
step=15019 loss=1.3753
step=15020 loss=0.3889
step=15021 loss=1.5131
step=15022 loss=1.0464
step=15023 loss=0.0355
step=15024 loss=0.2781
step=15025 loss=0.5661
step=15026 loss=0.1767
step=15027 loss=0.3287
step=15028 loss=0.6511
step=15029 loss=0.2830
step=15030 loss=0.0296
step=15031 loss=0.5725
step=15032 loss=0.7250
step=15033 loss=0.6056
step=15034 loss=1.2444
step=15035 loss=0.7457
step=15036 loss=1.0291
step=15037 loss=0.2539
step=15038 loss=0.0320
step=15039 loss=0.9409
step=15040 loss=0.4772
step=15041 loss=1.4140
step=15042 loss=0.6740
step=15043 loss=0.6868
step=15044 loss=0.4491
step=15045 loss=0.6070
step=15046 loss=0.0354
step=15047 loss=0.0931
step=15048 loss=1.7221
step=15049 loss=0.6596
step=15050 loss=0.6088
step=15051 loss=1.0669
step=15052 loss=0.2395
step=15053 loss=0.6946
step=15054 loss=0.9703
step=15055 loss=1.1011
step=15056 loss=0.1202
step=15057 loss=0.2421
step=15058 loss=0.7650
step=15059 loss=0.0352
step=15060 loss=0.6510
step=15061 loss=0.1089
step=15062 loss=0.9107
step=15063 loss=0.7983
step=15064 loss=1.0818
step=15065 loss=0.5481
step=15066 loss=0.2403
step=15067 loss=0.3962
step=15068 loss=0.3733
step=15069 loss=0.2337
step=15070 loss=0.6980
step=15071 loss=0.0400
step=15072 loss=0.6310
step=15073 loss=0.2323
step=15074 loss=0.6611
step=15075 loss=0.5555
step=15076 loss=0.0366
step=15077 loss=0.4951
step=15078 loss=0.1313
step=15079 loss=0.0920
step=15080 loss=0.0358
step=15081 loss=0.6348
step=15082 loss=0.1666
step=15083 loss=0.0393
step=15084 loss=0.0431
step=15085 loss=0.0426
step=15086 loss=0.4904
step=15087 loss=0.7170
step=15088 loss=0.0341
step=15089 loss=0.0410
step=15090 loss=1.1308
step=15091 loss=1.0798
step=15092 loss=0.4052
step=15093 loss=0.4816
step=15094 loss=0.8843
step=15095 loss=0.8709
step=15096 loss=0.4900
step=15097 loss=0.2407
step=15098 loss=0.0390
step=15099 loss=0.5408
step=15100 loss=0.1784
step=15101 loss=0.1501
step=15102 loss=1.3269
step=15103 loss=0.3310
step=15104 loss=0.4431
step=15105 loss=0.5201
step=15106 loss=0.8733
step=15107 loss=0.6698
step=15108 loss=1.3382
step=15109 loss=0.3162
step=15110 loss=0.9163
step=15111 loss=0.0330
step=15112 loss=1.1068
step=15113 loss=0.8040
step=15114 loss=0.4506
step=15115 loss=0.0341
step=15116 loss=0.6988
step=15117 loss=0.4228
step=15118 loss=0.8614
step=15119 loss=0.0403
step=15120 loss=0.1703
step=15121 loss=0.2207
step=15122 loss=0.7393
step=15123 loss=0.7813
step=15124 loss=0.2228
step=15125 loss=0.4107
step=15126 loss=0.0426
step=15127 loss=1.1236
step=15128 loss=0.1190
step=15129 loss=0.1632
step=15130 loss=0.4574
step=15131 loss=0.3178
step=15132 loss=0.0435
step=15133 loss=0.1891
step=15134 loss=0.3906
step=15135 loss=0.7400
step=15136 loss=0.4273
step=15137 loss=0.0350
step=15138 loss=0.0307
step=15139 loss=0.2161
step=15140 loss=0.1176
step=15141 loss=1.0572
step=15142 loss=0.0419
step=15143 loss=0.7238
step=15144 loss=0.6966
step=15145 loss=0.0375
step=15146 loss=0.0320
step=15147 loss=0.5133
step=15148 loss=2.0079
step=15149 loss=0.4191
step=15150 loss=1.0485
step=15151 loss=0.0376
step=15152 loss=0.1758
step=15153 loss=0.5062
step=15154 loss=0.3267
step=15155 loss=0.1689
step=15156 loss=0.9157
step=15157 loss=0.7382
step=15158 loss=0.2475
step=15159 loss=0.1099
step=15160 loss=0.2121
step=15161 loss=0.1474
step=15162 loss=0.9417
step=15163 loss=0.5586
step=15164 loss=0.5475
step=15165 loss=0.7585
step=15166 loss=0.7249
step=15167 loss=0.0382
step=15168 loss=0.7192
step=15169 loss=0.0403
step=15170 loss=0.1763
step=15171 loss=0.2188
step=15172 loss=0.4369
step=15173 loss=0.7488
step=15174 loss=0.2004
step=15175 loss=0.0353
step=15176 loss=0.8512
step=15177 loss=1.2314
step=15178 loss=1.3353
step=15179 loss=0.5517
step=15180 loss=0.7028
step=15181 loss=0.7202
step=15182 loss=0.2883
step=15183 loss=0.6106
step=15184 loss=1.7206
step=15185 loss=0.4231
step=15186 loss=0.5386
step=15187 loss=0.4988
step=15188 loss=0.6374
step=15189 loss=0.8379
step=15190 loss=0.1686
step=15191 loss=1.5413
step=15192 loss=0.0335
step=15193 loss=0.0366
step=15194 loss=0.9662
step=15195 loss=0.1733
step=15196 loss=0.0389
step=15197 loss=0.0367
step=15198 loss=0.9983
step=15199 loss=0.5670
step=15200 loss=0.5200
eval_step=15200 eval_loss=0.4685 eval_ppl=1.60
step=15201 loss=0.0386
step=15202 loss=0.2268
step=15203 loss=0.1359
step=15204 loss=0.6984
step=15205 loss=0.0931
step=15206 loss=0.4631
step=15207 loss=1.5704
step=15208 loss=0.5697
step=15209 loss=0.0477
step=15210 loss=0.6139
step=15211 loss=0.4157
step=15212 loss=0.2282
step=15213 loss=1.0617
step=15214 loss=1.6753
step=15215 loss=1.1645
step=15216 loss=2.4218
step=15217 loss=0.6663
step=15218 loss=0.1211
step=15219 loss=0.0386
step=15220 loss=0.5619
step=15221 loss=0.6210
step=15222 loss=0.0318
step=15223 loss=0.8424
step=15224 loss=0.3379
step=15225 loss=0.1346
step=15226 loss=0.5601
step=15227 loss=0.1199
step=15228 loss=0.0361
step=15229 loss=0.0418
step=15230 loss=0.1345
step=15231 loss=0.2620
step=15232 loss=0.7539
step=15233 loss=0.0301
step=15234 loss=0.3594
step=15235 loss=0.8112
step=15236 loss=0.9488
step=15237 loss=0.0388
step=15238 loss=0.6734
step=15239 loss=0.1325
step=15240 loss=0.0386
step=15241 loss=0.6321
step=15242 loss=0.1914
step=15243 loss=0.4946
step=15244 loss=0.4276
step=15245 loss=0.4083
step=15246 loss=0.7260
step=15247 loss=0.1590
step=15248 loss=0.5160
step=15249 loss=0.1204
step=15250 loss=0.3022
step=15251 loss=0.0338
step=15252 loss=0.1518
step=15253 loss=0.6195
step=15254 loss=0.4234
step=15255 loss=1.7494
step=15256 loss=1.2066
step=15257 loss=0.4922
step=15258 loss=0.2657
step=15259 loss=0.0367
step=15260 loss=0.0345
step=15261 loss=0.0320
step=15262 loss=0.7291
step=15263 loss=0.7299
step=15264 loss=0.0333
step=15265 loss=0.0464
step=15266 loss=0.3606
step=15267 loss=0.1709
step=15268 loss=0.0331
step=15269 loss=0.6115
step=15270 loss=1.4579
step=15271 loss=0.5127
step=15272 loss=1.4576
step=15273 loss=0.4614
step=15274 loss=1.7968
step=15275 loss=0.1814
step=15276 loss=0.7085
step=15277 loss=0.6208
step=15278 loss=0.2926
step=15279 loss=1.0319
step=15280 loss=0.0366
step=15281 loss=0.7507
step=15282 loss=0.1598
step=15283 loss=0.0995
step=15284 loss=1.5067
step=15285 loss=0.7016
step=15286 loss=1.0812
step=15287 loss=0.4735
step=15288 loss=0.4887
step=15289 loss=0.8071
step=15290 loss=1.4868
step=15291 loss=0.6324
step=15292 loss=0.8088
step=15293 loss=0.4576
step=15294 loss=0.3659
step=15295 loss=0.0790
step=15296 loss=0.6016
step=15297 loss=0.2164
step=15298 loss=0.1638
step=15299 loss=0.0930
step=15300 loss=0.8448
step=15301 loss=0.5690
step=15302 loss=0.8791
step=15303 loss=0.0964
step=15304 loss=0.8167
step=15305 loss=0.0277
step=15306 loss=0.6966
step=15307 loss=0.0975
step=15308 loss=0.7332
step=15309 loss=0.5986
step=15310 loss=0.5996
step=15311 loss=0.0290
step=15312 loss=0.4685
step=15313 loss=0.7633
step=15314 loss=0.3476
step=15315 loss=1.1068
step=15316 loss=0.1167
step=15317 loss=0.0503
step=15318 loss=0.7853
step=15319 loss=0.1051
step=15320 loss=0.4232
step=15321 loss=0.0339
step=15322 loss=1.0500
step=15323 loss=0.0280
step=15324 loss=0.0349
step=15325 loss=0.6729
step=15326 loss=0.6868
step=15327 loss=0.4294
step=15328 loss=0.0420
step=15329 loss=0.5509
step=15330 loss=0.3941
step=15331 loss=0.0301
step=15332 loss=0.1977
step=15333 loss=0.0397
step=15334 loss=0.6623
step=15335 loss=0.6389
step=15336 loss=0.1239
step=15337 loss=0.7402
step=15338 loss=1.0307
step=15339 loss=0.0353
step=15340 loss=0.0981
step=15341 loss=3.3041
step=15342 loss=0.0368
step=15343 loss=0.5840
step=15344 loss=0.1030
step=15345 loss=0.5527
step=15346 loss=2.0467
step=15347 loss=0.2159
step=15348 loss=0.2016
step=15349 loss=0.8200
step=15350 loss=0.0384
step=15351 loss=0.4359
step=15352 loss=0.1836
step=15353 loss=0.7377
step=15354 loss=0.8341
step=15355 loss=1.8111
step=15356 loss=0.9139
step=15357 loss=0.0366
step=15358 loss=0.0871
step=15359 loss=0.8891
step=15360 loss=0.1800
step=15361 loss=1.3887
step=15362 loss=0.0372
step=15363 loss=0.4969
step=15364 loss=2.3108
step=15365 loss=0.6764
step=15366 loss=0.1119
step=15367 loss=1.2627
step=15368 loss=0.0338
step=15369 loss=0.2547
step=15370 loss=0.5306
step=15371 loss=0.1229
step=15372 loss=0.0357
step=15373 loss=0.2431
step=15374 loss=1.4811
step=15375 loss=0.3287
step=15376 loss=1.1164
step=15377 loss=0.7106
step=15378 loss=0.9464
step=15379 loss=0.9221
step=15380 loss=0.1071
step=15381 loss=1.3940
step=15382 loss=0.9023
step=15383 loss=0.6799
step=15384 loss=1.2437
step=15385 loss=0.0319
step=15386 loss=0.2042
step=15387 loss=0.4008
step=15388 loss=0.6545
step=15389 loss=0.1497
step=15390 loss=0.1594
step=15391 loss=0.0356
step=15392 loss=1.3497
step=15393 loss=0.7148
step=15394 loss=0.9004
step=15395 loss=0.1063
step=15396 loss=0.1140
step=15397 loss=0.0313
step=15398 loss=0.2646
step=15399 loss=0.3480
step=15400 loss=0.0308
eval_step=15400 eval_loss=0.4652 eval_ppl=1.59
step=15401 loss=0.9223
step=15402 loss=0.6155
step=15403 loss=0.6935
step=15404 loss=0.5605
step=15405 loss=0.0349
step=15406 loss=0.0274
step=15407 loss=0.4755
step=15408 loss=0.2226
step=15409 loss=0.0342
step=15410 loss=0.5312
step=15411 loss=0.0334
step=15412 loss=0.1202
step=15413 loss=1.2405
step=15414 loss=0.6730
step=15415 loss=0.3123
step=15416 loss=0.2797
step=15417 loss=0.9120
step=15418 loss=0.4075
step=15419 loss=0.0315
step=15420 loss=0.0308
step=15421 loss=0.3932
step=15422 loss=0.2507
step=15423 loss=0.3372
step=15424 loss=0.0288
step=15425 loss=0.8926
step=15426 loss=0.0403
step=15427 loss=0.7158
step=15428 loss=0.6157
step=15429 loss=0.5020
step=15430 loss=0.1034
step=15431 loss=0.0334
step=15432 loss=0.3182
step=15433 loss=0.1142
step=15434 loss=0.8574
step=15435 loss=1.2172
step=15436 loss=1.3111
step=15437 loss=0.2442
step=15438 loss=0.4905
step=15439 loss=0.2844
step=15440 loss=0.2004
step=15441 loss=0.2067
step=15442 loss=0.4627
step=15443 loss=0.6292
step=15444 loss=0.7553
step=15445 loss=0.0368
step=15446 loss=0.7027
step=15447 loss=0.2128
step=15448 loss=0.0327
step=15449 loss=0.0297
step=15450 loss=0.5996
step=15451 loss=0.2305
step=15452 loss=0.4488
step=15453 loss=0.5474
step=15454 loss=0.5171
step=15455 loss=0.2520
step=15456 loss=0.7258
step=15457 loss=0.5378
step=15458 loss=0.4605
step=15459 loss=0.1630
step=15460 loss=1.2021
step=15461 loss=0.9032
step=15462 loss=0.3743
step=15463 loss=0.3548
step=15464 loss=0.5300
step=15465 loss=1.0657
step=15466 loss=0.1057
step=15467 loss=0.8612
step=15468 loss=0.3706
step=15469 loss=0.6970
step=15470 loss=0.9801
step=15471 loss=0.3126
step=15472 loss=0.1829
step=15473 loss=0.5344
step=15474 loss=0.0338
step=15475 loss=1.1299
step=15476 loss=0.5153
step=15477 loss=0.1135
step=15478 loss=1.5032
step=15479 loss=0.3910
step=15480 loss=0.5109
step=15481 loss=0.1027
step=15482 loss=0.0358
step=15483 loss=0.0316
step=15484 loss=0.0412
step=15485 loss=0.0304
step=15486 loss=0.3527
step=15487 loss=0.0288
step=15488 loss=0.0313
step=15489 loss=0.4734
step=15490 loss=1.1267
step=15491 loss=0.5377
step=15492 loss=0.1890
step=15493 loss=0.1317
step=15494 loss=0.5886
step=15495 loss=0.6859
step=15496 loss=0.8520
step=15497 loss=0.1000
step=15498 loss=0.0285
step=15499 loss=0.6436
step=15500 loss=0.3999
step=15501 loss=0.6326
step=15502 loss=0.0395
step=15503 loss=0.4903
step=15504 loss=0.5224
step=15505 loss=0.0344
step=15506 loss=0.4431
step=15507 loss=0.9777
step=15508 loss=0.8985
step=15509 loss=1.4815
step=15510 loss=0.6998
step=15511 loss=0.7568
step=15512 loss=1.0147
step=15513 loss=0.4156
step=15514 loss=0.1711
step=15515 loss=1.0582
step=15516 loss=0.0300
step=15517 loss=0.0364
step=15518 loss=2.7104
step=15519 loss=0.5083
step=15520 loss=0.0306
step=15521 loss=0.6320
step=15522 loss=0.0328
step=15523 loss=0.1043
step=15524 loss=1.8018
step=15525 loss=0.7674
step=15526 loss=0.4047
step=15527 loss=0.0447
step=15528 loss=0.1133
step=15529 loss=0.2201
step=15530 loss=0.0323
step=15531 loss=0.2305
step=15532 loss=0.8300
step=15533 loss=0.0277
step=15534 loss=0.7210
step=15535 loss=0.1238
step=15536 loss=0.1926
step=15537 loss=0.7073
step=15538 loss=0.0306
step=15539 loss=1.0873
step=15540 loss=0.0304
step=15541 loss=0.1742
step=15542 loss=0.3227
step=15543 loss=1.4584
step=15544 loss=0.2404
step=15545 loss=1.5208
step=15546 loss=1.0062
step=15547 loss=1.6918
step=15548 loss=0.7363
step=15549 loss=0.0371
step=15550 loss=0.2862
step=15551 loss=0.7238
step=15552 loss=0.2130
step=15553 loss=1.2159
step=15554 loss=0.1591
step=15555 loss=0.4340
step=15556 loss=0.3638
step=15557 loss=0.0335
step=15558 loss=1.4310
step=15559 loss=0.0393
step=15560 loss=0.5670
step=15561 loss=1.0623
step=15562 loss=0.0337
step=15563 loss=1.4417
step=15564 loss=0.0343
step=15565 loss=0.1659
step=15566 loss=0.8764
step=15567 loss=0.7337
step=15568 loss=0.0324
step=15569 loss=0.4756
step=15570 loss=1.1079
step=15571 loss=0.1367
step=15572 loss=0.6880
step=15573 loss=0.1708
step=15574 loss=0.6870
step=15575 loss=0.5845
step=15576 loss=0.5346
step=15577 loss=0.8140
step=15578 loss=0.4627
step=15579 loss=0.0299
step=15580 loss=0.7171
step=15581 loss=0.8840
step=15582 loss=0.0294
step=15583 loss=0.1380
step=15584 loss=0.7375
step=15585 loss=0.6773
step=15586 loss=0.0280
step=15587 loss=1.1855
step=15588 loss=0.0338
step=15589 loss=0.1218
step=15590 loss=0.2698
step=15591 loss=0.0371
step=15592 loss=0.3148
step=15593 loss=0.0319
step=15594 loss=0.6881
step=15595 loss=0.2582
step=15596 loss=0.7289
step=15597 loss=0.8299
step=15598 loss=0.8412
step=15599 loss=0.1946
step=15600 loss=0.9252
eval_step=15600 eval_loss=0.4624 eval_ppl=1.59
step=15601 loss=0.0368
step=15602 loss=0.5323
step=15603 loss=0.0464
step=15604 loss=1.0175
step=15605 loss=0.6441
step=15606 loss=0.9657
step=15607 loss=0.7205
step=15608 loss=0.8941
step=15609 loss=1.0808
step=15610 loss=0.0264
step=15611 loss=0.0301
step=15612 loss=1.6534
step=15613 loss=0.4408
step=15614 loss=0.2263
step=15615 loss=0.3960
step=15616 loss=1.0313
step=15617 loss=0.4646
step=15618 loss=0.4451
step=15619 loss=0.1815
step=15620 loss=0.1669
step=15621 loss=1.0599
step=15622 loss=0.0993
step=15623 loss=1.4097
step=15624 loss=2.1941
step=15625 loss=0.2266
step=15626 loss=0.7857
step=15627 loss=0.0367
step=15628 loss=0.3585
step=15629 loss=1.4299
step=15630 loss=0.7030
step=15631 loss=0.2398
step=15632 loss=1.3739
step=15633 loss=0.4771
step=15634 loss=0.0310
step=15635 loss=0.0299
step=15636 loss=0.5412
step=15637 loss=0.1640
step=15638 loss=1.5685
step=15639 loss=0.0346
step=15640 loss=0.0260
step=15641 loss=0.6851
step=15642 loss=0.8372
step=15643 loss=0.0304
step=15644 loss=0.1048
step=15645 loss=0.4889
step=15646 loss=0.7332
step=15647 loss=0.0826
step=15648 loss=1.5348
step=15649 loss=0.3845
step=15650 loss=0.1432
step=15651 loss=0.9118
step=15652 loss=0.1492
step=15653 loss=0.0378
step=15654 loss=0.9181
step=15655 loss=0.0306
step=15656 loss=0.5426
step=15657 loss=0.1375
step=15658 loss=0.0309
step=15659 loss=0.6026
step=15660 loss=0.0339
step=15661 loss=0.6272
step=15662 loss=0.9714
step=15663 loss=1.0869
step=15664 loss=0.4100
step=15665 loss=0.5939
step=15666 loss=0.1691
step=15667 loss=0.1925
step=15668 loss=0.8712
step=15669 loss=0.1626
step=15670 loss=0.8071
step=15671 loss=0.5664
step=15672 loss=0.0332
step=15673 loss=0.0302
step=15674 loss=0.3610
step=15675 loss=0.1413
step=15676 loss=0.5370
step=15677 loss=0.2839
step=15678 loss=0.4882
step=15679 loss=0.4005
step=15680 loss=1.0611
step=15681 loss=1.6031
step=15682 loss=0.0394
step=15683 loss=0.2098
step=15684 loss=0.4171
step=15685 loss=0.5098
step=15686 loss=1.2762
step=15687 loss=0.0338
step=15688 loss=0.1959
step=15689 loss=1.0161
step=15690 loss=0.1299
step=15691 loss=0.0266
step=15692 loss=0.1624
step=15693 loss=0.2356
step=15694 loss=0.9747
step=15695 loss=0.6852
step=15696 loss=0.0291
step=15697 loss=0.0298
step=15698 loss=0.9870
step=15699 loss=0.3377
step=15700 loss=0.6454
step=15701 loss=0.0288
step=15702 loss=0.2558
step=15703 loss=0.3005
step=15704 loss=0.0324
step=15705 loss=0.4680
step=15706 loss=0.7805
step=15707 loss=0.1266
step=15708 loss=0.0318
step=15709 loss=0.7018
step=15710 loss=1.0505
step=15711 loss=0.5969
step=15712 loss=0.3758
step=15713 loss=0.0305
step=15714 loss=0.4063
step=15715 loss=0.0327
step=15716 loss=0.1502
step=15717 loss=0.0298
step=15718 loss=0.1294
step=15719 loss=0.7425
step=15720 loss=0.3538
step=15721 loss=0.4275
step=15722 loss=0.5737
step=15723 loss=1.2031
step=15724 loss=0.0289
step=15725 loss=0.8442
step=15726 loss=1.7141
step=15727 loss=0.1527
step=15728 loss=0.1831
step=15729 loss=0.4573
step=15730 loss=0.8254
step=15731 loss=0.3749
step=15732 loss=1.1506
step=15733 loss=0.5363
step=15734 loss=0.2403
step=15735 loss=0.4643
step=15736 loss=0.0355
step=15737 loss=0.1147
step=15738 loss=0.0362
step=15739 loss=0.6910
step=15740 loss=0.0376
step=15741 loss=0.1727
step=15742 loss=1.5723
step=15743 loss=0.4935
step=15744 loss=0.4435
step=15745 loss=0.3521
step=15746 loss=0.0311
step=15747 loss=1.0012
step=15748 loss=0.6258
step=15749 loss=0.1146
step=15750 loss=0.0352
step=15751 loss=0.6617
step=15752 loss=0.2026
step=15753 loss=0.2989
step=15754 loss=0.0317
step=15755 loss=0.6604
step=15756 loss=0.0959
step=15757 loss=0.1073
step=15758 loss=0.0340
step=15759 loss=0.0324
step=15760 loss=2.0966
step=15761 loss=0.5384
step=15762 loss=0.2557
step=15763 loss=0.4386
step=15764 loss=0.4023
step=15765 loss=0.6710
step=15766 loss=0.0312
step=15767 loss=0.0993
step=15768 loss=1.5854
step=15769 loss=0.5116
step=15770 loss=0.3915
step=15771 loss=0.6113
step=15772 loss=1.1744
step=15773 loss=0.1769
step=15774 loss=0.5976
step=15775 loss=0.5161
step=15776 loss=0.2157
step=15777 loss=1.0177
step=15778 loss=0.7499
step=15779 loss=1.8037
step=15780 loss=0.6327
step=15781 loss=0.0293
step=15782 loss=0.0302
step=15783 loss=0.1250
step=15784 loss=0.7272
step=15785 loss=0.5132
step=15786 loss=0.2392
step=15787 loss=1.6056
step=15788 loss=1.2165
step=15789 loss=1.0100
step=15790 loss=0.3754
step=15791 loss=1.1492
step=15792 loss=0.5938
step=15793 loss=0.0332
step=15794 loss=0.7720
step=15795 loss=0.4464
step=15796 loss=0.0315
step=15797 loss=0.4694
step=15798 loss=0.0361
step=15799 loss=0.6418
step=15800 loss=0.7966
eval_step=15800 eval_loss=0.4599 eval_ppl=1.58
step=15801 loss=0.0326
step=15802 loss=1.8489
step=15803 loss=0.3707
step=15804 loss=0.0312
step=15805 loss=0.5789
step=15806 loss=0.6005
step=15807 loss=0.0306
step=15808 loss=0.0323
step=15809 loss=0.3833
step=15810 loss=0.8936
step=15811 loss=0.5669
step=15812 loss=0.7533
step=15813 loss=0.0297
step=15814 loss=0.0944
step=15815 loss=0.9216
step=15816 loss=0.1668
step=15817 loss=0.1722
step=15818 loss=0.0924
step=15819 loss=0.4755
step=15820 loss=0.4548
step=15821 loss=0.1803
step=15822 loss=0.0306
step=15823 loss=0.0286
step=15824 loss=0.0302
step=15825 loss=0.6103
step=15826 loss=0.3996
step=15827 loss=0.3906
step=15828 loss=0.8179
step=15829 loss=0.2688
step=15830 loss=0.0352
step=15831 loss=0.8672
step=15832 loss=0.0320
step=15833 loss=0.3045
step=15834 loss=0.8367
step=15835 loss=0.0322
step=15836 loss=0.0310
step=15837 loss=0.5917
step=15838 loss=0.5630
step=15839 loss=0.8605
step=15840 loss=0.0287
step=15841 loss=1.2930
step=15842 loss=0.6308
step=15843 loss=0.3922
step=15844 loss=1.2660
step=15845 loss=0.7430
step=15846 loss=0.9158
step=15847 loss=0.0280
step=15848 loss=0.9042
step=15849 loss=0.0285
step=15850 loss=1.2256
step=15851 loss=0.5061
step=15852 loss=0.1525
step=15853 loss=0.0922
step=15854 loss=0.8967
step=15855 loss=0.6251
step=15856 loss=0.2600
step=15857 loss=0.1040
step=15858 loss=0.6017
step=15859 loss=0.3763
step=15860 loss=0.3036
step=15861 loss=0.1561
step=15862 loss=0.1274
step=15863 loss=0.0322
step=15864 loss=0.0300
step=15865 loss=0.0307
step=15866 loss=0.2078
step=15867 loss=0.0290
step=15868 loss=0.0327
step=15869 loss=0.0337
step=15870 loss=0.0304
step=15871 loss=0.2211
step=15872 loss=0.1006
step=15873 loss=0.3697
step=15874 loss=0.2706
step=15875 loss=0.7012
step=15876 loss=0.4663
step=15877 loss=0.5053
step=15878 loss=0.2376
step=15879 loss=0.0269
step=15880 loss=0.5341
step=15881 loss=0.0320
step=15882 loss=1.7376
step=15883 loss=0.9403
step=15884 loss=0.7422
step=15885 loss=0.0265
step=15886 loss=0.3963
step=15887 loss=0.3506
step=15888 loss=0.0829
step=15889 loss=0.5793
step=15890 loss=0.1240
step=15891 loss=0.0353
step=15892 loss=0.5961
step=15893 loss=1.0800
step=15894 loss=0.5245
step=15895 loss=0.0815
step=15896 loss=0.9814
step=15897 loss=0.7651
step=15898 loss=0.4746
step=15899 loss=0.1215
step=15900 loss=0.0360
step=15901 loss=0.1400
step=15902 loss=0.3406
step=15903 loss=0.2769
step=15904 loss=0.1693
step=15905 loss=0.6917
step=15906 loss=0.5271
step=15907 loss=0.2851
step=15908 loss=0.4540
step=15909 loss=0.2576
step=15910 loss=2.3004
step=15911 loss=0.8721
step=15912 loss=0.0299
step=15913 loss=0.6569
step=15914 loss=0.1875
step=15915 loss=1.6165
step=15916 loss=0.9250
step=15917 loss=0.3651
step=15918 loss=0.1216
step=15919 loss=0.6002
step=15920 loss=0.8348
step=15921 loss=0.2742
step=15922 loss=0.0820
step=15923 loss=0.3498
step=15924 loss=0.3386
step=15925 loss=0.2182
step=15926 loss=0.5362
step=15927 loss=0.4695
step=15928 loss=0.1746
step=15929 loss=0.3421
step=15930 loss=0.2709
step=15931 loss=0.5492
step=15932 loss=0.0293
step=15933 loss=0.2410
step=15934 loss=0.3081
step=15935 loss=0.6538
step=15936 loss=0.1055
step=15937 loss=0.0939
step=15938 loss=0.4828
step=15939 loss=0.8674
step=15940 loss=0.0322
step=15941 loss=1.4753
step=15942 loss=0.1120
step=15943 loss=0.0313
step=15944 loss=0.9400
step=15945 loss=0.5308
step=15946 loss=0.3600
step=15947 loss=0.5659
step=15948 loss=2.3076
step=15949 loss=1.0085
step=15950 loss=0.4761
step=15951 loss=0.6449
step=15952 loss=0.8501
step=15953 loss=0.6989
step=15954 loss=0.6400
step=15955 loss=0.1624
step=15956 loss=0.7147
step=15957 loss=0.1124
step=15958 loss=0.0296
step=15959 loss=0.1720
step=15960 loss=0.2182
step=15961 loss=0.2072
step=15962 loss=0.5687
step=15963 loss=0.1066
step=15964 loss=0.7128
step=15965 loss=1.0817
step=15966 loss=0.4711
step=15967 loss=0.0280
step=15968 loss=0.4117
step=15969 loss=0.0266
step=15970 loss=0.8674
step=15971 loss=1.0419
step=15972 loss=0.9133
step=15973 loss=0.0308
step=15974 loss=1.4018
step=15975 loss=0.0287
step=15976 loss=0.4850
step=15977 loss=0.4690
step=15978 loss=1.8180
step=15979 loss=0.3655
step=15980 loss=0.0844
step=15981 loss=0.0955
step=15982 loss=0.0284
step=15983 loss=0.0282
step=15984 loss=0.7949
step=15985 loss=0.0303
step=15986 loss=1.1679
step=15987 loss=0.0299
step=15988 loss=0.0296
step=15989 loss=0.7458
step=15990 loss=0.8341
step=15991 loss=1.0481
step=15992 loss=0.1674
step=15993 loss=1.3206
step=15994 loss=0.1954
step=15995 loss=1.0666
step=15996 loss=0.8103
step=15997 loss=0.9548
step=15998 loss=1.1066
step=15999 loss=0.7339
step=16000 loss=0.0255
eval_step=16000 eval_loss=0.4577 eval_ppl=1.58
step=16001 loss=0.0299
step=16002 loss=0.1926
step=16003 loss=0.7814
step=16004 loss=1.0122
step=16005 loss=0.0990
step=16006 loss=0.8815
step=16007 loss=0.0360
step=16008 loss=0.2456
step=16009 loss=0.4924
step=16010 loss=1.4332
step=16011 loss=1.4195
step=16012 loss=0.6658
step=16013 loss=0.5059
step=16014 loss=0.4895
step=16015 loss=0.0303
step=16016 loss=0.0284
step=16017 loss=0.3353
step=16018 loss=0.2106
step=16019 loss=0.6509
step=16020 loss=0.7319
step=16021 loss=0.8247
step=16022 loss=0.4637
step=16023 loss=0.0283
step=16024 loss=0.0369
step=16025 loss=0.5098
step=16026 loss=0.0815
step=16027 loss=0.3040
step=16028 loss=0.7165
step=16029 loss=0.4167
step=16030 loss=0.0292
step=16031 loss=1.1450
step=16032 loss=0.8450
step=16033 loss=0.1478
step=16034 loss=0.9859
step=16035 loss=1.3115
step=16036 loss=1.0247
step=16037 loss=0.0299
step=16038 loss=1.4764
step=16039 loss=0.0314
step=16040 loss=0.5175
step=16041 loss=0.0301
step=16042 loss=0.0278
step=16043 loss=0.1001
step=16044 loss=0.1565
step=16045 loss=0.1539
step=16046 loss=0.9457
step=16047 loss=0.6001
step=16048 loss=0.0253
step=16049 loss=0.7349
step=16050 loss=0.8396
step=16051 loss=0.3484
step=16052 loss=0.0929
step=16053 loss=0.0300
step=16054 loss=0.4752
step=16055 loss=0.3587
step=16056 loss=0.7564
step=16057 loss=0.4826
step=16058 loss=1.2830
step=16059 loss=0.0284
step=16060 loss=0.0373
step=16061 loss=0.6846
step=16062 loss=0.2046
step=16063 loss=0.0319
step=16064 loss=0.0279
step=16065 loss=1.1875
step=16066 loss=0.6302
step=16067 loss=0.4397
step=16068 loss=0.5772
step=16069 loss=0.5978
step=16070 loss=0.4923
step=16071 loss=0.0949
step=16072 loss=0.0322
step=16073 loss=0.0284
step=16074 loss=0.1001
step=16075 loss=0.2106
step=16076 loss=0.0970
step=16077 loss=0.1807
step=16078 loss=1.1227
step=16079 loss=0.0869
step=16080 loss=0.9074
step=16081 loss=2.1115
step=16082 loss=0.5660
step=16083 loss=0.5428
step=16084 loss=0.4091
step=16085 loss=0.6526
step=16086 loss=0.1560
step=16087 loss=1.6061
step=16088 loss=0.4937
step=16089 loss=1.0008
step=16090 loss=0.6999
step=16091 loss=0.0272
step=16092 loss=1.1068
step=16093 loss=0.2602
step=16094 loss=1.7703
step=16095 loss=0.4081
step=16096 loss=0.0281
step=16097 loss=1.3382
step=16098 loss=0.0285
step=16099 loss=0.5479
step=16100 loss=0.3496
step=16101 loss=0.2562
step=16102 loss=0.9972
step=16103 loss=0.3625
step=16104 loss=0.3620
step=16105 loss=0.5128
step=16106 loss=0.0275
step=16107 loss=0.5370
step=16108 loss=0.1314
step=16109 loss=0.0395
step=16110 loss=1.4921
step=16111 loss=0.6676
step=16112 loss=0.0317
step=16113 loss=0.3596
step=16114 loss=1.1151
step=16115 loss=0.9011
step=16116 loss=0.3931
step=16117 loss=0.7102
step=16118 loss=0.5702
step=16119 loss=0.8193
step=16120 loss=0.9988
step=16121 loss=0.0818
step=16122 loss=0.8975
step=16123 loss=0.2205
step=16124 loss=1.2128
step=16125 loss=1.3231
step=16126 loss=0.0806
step=16127 loss=0.0258
step=16128 loss=0.0294
step=16129 loss=0.1785
step=16130 loss=0.0270
step=16131 loss=1.3209
step=16132 loss=0.3975
step=16133 loss=1.3224
step=16134 loss=0.1793
step=16135 loss=0.6781
step=16136 loss=0.0291
step=16137 loss=1.0150
step=16138 loss=0.6628
step=16139 loss=2.5557
step=16140 loss=1.1093
step=16141 loss=0.9417
step=16142 loss=0.8282
step=16143 loss=0.1660
step=16144 loss=0.8724
step=16145 loss=1.1980
step=16146 loss=0.4274
step=16147 loss=0.9977
step=16148 loss=0.0254
step=16149 loss=0.4256
step=16150 loss=0.5717
step=16151 loss=0.8949
step=16152 loss=0.4025
step=16153 loss=0.0966
step=16154 loss=0.4715
step=16155 loss=0.2210
step=16156 loss=0.2130
step=16157 loss=0.8934
step=16158 loss=0.5945
step=16159 loss=0.0275
step=16160 loss=0.4218
step=16161 loss=0.5282
step=16162 loss=0.5762
step=16163 loss=0.2207
step=16164 loss=0.6168
step=16165 loss=0.2513
step=16166 loss=0.3828
step=16167 loss=0.4852
step=16168 loss=0.6834
step=16169 loss=0.0926
step=16170 loss=0.3467
step=16171 loss=0.0291
step=16172 loss=0.5328
step=16173 loss=0.5621
step=16174 loss=0.1898
step=16175 loss=0.9948
step=16176 loss=0.0255
step=16177 loss=0.4294
step=16178 loss=0.3591
step=16179 loss=1.0360
step=16180 loss=0.0276
step=16181 loss=0.1491
step=16182 loss=0.4178
step=16183 loss=0.0268
step=16184 loss=0.3943
step=16185 loss=0.8478
step=16186 loss=0.0303
step=16187 loss=0.0304
step=16188 loss=1.2442
step=16189 loss=0.1311
step=16190 loss=1.1832
step=16191 loss=1.3319
step=16192 loss=0.5801
step=16193 loss=0.4060
step=16194 loss=0.0285
step=16195 loss=1.0387
step=16196 loss=0.1930
step=16197 loss=0.0249
step=16198 loss=0.0283
step=16199 loss=0.0301
step=16200 loss=0.0280
eval_step=16200 eval_loss=0.4560 eval_ppl=1.58
step=16201 loss=0.4421
step=16202 loss=0.8238
step=16203 loss=0.2116
step=16204 loss=0.3535
step=16205 loss=0.9767
step=16206 loss=0.0313
step=16207 loss=0.4122
step=16208 loss=0.8333
step=16209 loss=0.0272
step=16210 loss=0.4602
step=16211 loss=0.2216
step=16212 loss=0.0293
step=16213 loss=0.5031
step=16214 loss=0.0748
step=16215 loss=0.8582
step=16216 loss=0.2171
step=16217 loss=0.0269
step=16218 loss=0.1057
step=16219 loss=0.1423
step=16220 loss=0.7088
step=16221 loss=0.0772
step=16222 loss=0.3549
step=16223 loss=0.0323
step=16224 loss=1.4311
step=16225 loss=0.1763
step=16226 loss=0.0261
step=16227 loss=0.4430
step=16228 loss=0.2583
step=16229 loss=0.1441
step=16230 loss=0.6173
step=16231 loss=0.0393
step=16232 loss=0.4665
step=16233 loss=0.0263
step=16234 loss=1.2819
step=16235 loss=0.1051
step=16236 loss=0.0267
step=16237 loss=0.2249
step=16238 loss=0.7822
step=16239 loss=1.2997
step=16240 loss=0.1168
step=16241 loss=0.6947
step=16242 loss=0.0283
step=16243 loss=0.8776
step=16244 loss=0.6503
step=16245 loss=1.0930
step=16246 loss=0.6071
step=16247 loss=2.3770
step=16248 loss=0.1318
step=16249 loss=0.9881
step=16250 loss=0.5655
step=16251 loss=0.0393
step=16252 loss=0.7201
step=16253 loss=0.0242
step=16254 loss=0.3516
step=16255 loss=0.1829
step=16256 loss=0.9407
step=16257 loss=0.1043
step=16258 loss=0.0282
step=16259 loss=0.1667
step=16260 loss=0.0281
step=16261 loss=0.0861
step=16262 loss=0.3684
step=16263 loss=0.2152
step=16264 loss=0.0878
step=16265 loss=0.0270
step=16266 loss=0.0295
step=16267 loss=0.4542
step=16268 loss=0.0263
step=16269 loss=1.4507
step=16270 loss=0.4891
step=16271 loss=0.4583
step=16272 loss=0.7476
step=16273 loss=0.4421
step=16274 loss=0.0243
step=16275 loss=0.0294
step=16276 loss=0.8173
step=16277 loss=0.7780
step=16278 loss=1.0881
step=16279 loss=0.0276
step=16280 loss=0.4450
step=16281 loss=0.4272
step=16282 loss=0.5097
step=16283 loss=0.5538
step=16284 loss=0.0280
step=16285 loss=0.7802
step=16286 loss=0.1802
step=16287 loss=0.3436
step=16288 loss=0.5619
step=16289 loss=0.8032
step=16290 loss=1.1513
step=16291 loss=0.6087
step=16292 loss=0.4232
step=16293 loss=0.9916
step=16294 loss=0.3167
step=16295 loss=0.0867
step=16296 loss=0.1502
step=16297 loss=1.1978
step=16298 loss=0.0255
step=16299 loss=0.0297
step=16300 loss=0.5976
step=16301 loss=1.1322
step=16302 loss=0.0250
step=16303 loss=0.6849
step=16304 loss=1.5672
step=16305 loss=0.4136
step=16306 loss=0.5495
step=16307 loss=1.0327
step=16308 loss=0.9014
step=16309 loss=0.0910
step=16310 loss=1.6239
step=16311 loss=0.0250
step=16312 loss=0.8484
step=16313 loss=0.0272
step=16314 loss=0.1708
step=16315 loss=0.6092
step=16316 loss=1.0547
step=16317 loss=0.4949
step=16318 loss=0.1237
step=16319 loss=0.1221
step=16320 loss=0.0913
step=16321 loss=0.0292
step=16322 loss=0.4441
step=16323 loss=0.1015
step=16324 loss=0.1846
step=16325 loss=0.6192
step=16326 loss=0.8375
step=16327 loss=0.0285
step=16328 loss=0.0803
step=16329 loss=0.0275
step=16330 loss=0.6406
step=16331 loss=0.1746
step=16332 loss=0.6478
step=16333 loss=1.8394
step=16334 loss=0.7405
step=16335 loss=1.4469
step=16336 loss=0.6076
step=16337 loss=0.6895
step=16338 loss=0.4267
step=16339 loss=1.0384
step=16340 loss=0.5744
step=16341 loss=0.1727
step=16342 loss=0.9480
step=16343 loss=0.0258
step=16344 loss=0.1645
step=16345 loss=0.0377
step=16346 loss=0.0242
step=16347 loss=0.1143
step=16348 loss=0.6416
step=16349 loss=0.4050
step=16350 loss=0.0270
step=16351 loss=1.3212
step=16352 loss=0.7675
step=16353 loss=0.0249
step=16354 loss=1.5869
step=16355 loss=0.4739
step=16356 loss=1.5482
step=16357 loss=0.7362
step=16358 loss=0.0259
step=16359 loss=0.2722
step=16360 loss=1.1976
step=16361 loss=1.2701
step=16362 loss=0.5106
step=16363 loss=0.6368
step=16364 loss=1.1427
step=16365 loss=0.3968
step=16366 loss=0.4783
step=16367 loss=0.0270
step=16368 loss=0.0291
step=16369 loss=0.0290
step=16370 loss=0.1334
step=16371 loss=0.1095
step=16372 loss=0.0265
step=16373 loss=0.0259
step=16374 loss=0.0261
step=16375 loss=0.0753
step=16376 loss=0.0830
step=16377 loss=0.8174
step=16378 loss=0.9100
step=16379 loss=0.0262
step=16380 loss=0.4442
step=16381 loss=0.2187
step=16382 loss=0.9231
step=16383 loss=0.0273
step=16384 loss=1.2651
step=16385 loss=1.2864
step=16386 loss=1.0272
step=16387 loss=0.5433
step=16388 loss=0.3870
step=16389 loss=0.8391
step=16390 loss=0.0314
step=16391 loss=0.7320
step=16392 loss=0.0279
step=16393 loss=0.3549
step=16394 loss=0.4480
step=16395 loss=0.3982
step=16396 loss=0.5784
step=16397 loss=0.7580
step=16398 loss=0.0279
step=16399 loss=0.0928
step=16400 loss=0.7258
eval_step=16400 eval_loss=0.4542 eval_ppl=1.57
step=16401 loss=0.5891
step=16402 loss=1.2411
step=16403 loss=0.6052
step=16404 loss=0.1261
step=16405 loss=0.0982
step=16406 loss=0.5946
step=16407 loss=0.1611
step=16408 loss=1.9822
step=16409 loss=0.1239
step=16410 loss=0.4370
step=16411 loss=0.5486
step=16412 loss=0.4589
step=16413 loss=0.0281
step=16414 loss=0.2730
step=16415 loss=0.0263
step=16416 loss=0.0253
step=16417 loss=0.3048
step=16418 loss=0.1188
step=16419 loss=0.5908
step=16420 loss=0.9425
step=16421 loss=0.0263
step=16422 loss=1.9604
step=16423 loss=0.0890
step=16424 loss=0.1847
step=16425 loss=0.3942
step=16426 loss=0.5427
step=16427 loss=0.4017
step=16428 loss=0.2081
step=16429 loss=0.1512
step=16430 loss=0.6064
step=16431 loss=0.6382
step=16432 loss=0.0250
step=16433 loss=0.0845
step=16434 loss=0.8761
step=16435 loss=0.0962
step=16436 loss=0.6582
step=16437 loss=0.6336
step=16438 loss=0.8081
step=16439 loss=0.3937
step=16440 loss=1.4026
step=16441 loss=0.8616
step=16442 loss=0.3683
step=16443 loss=0.0264
step=16444 loss=0.8199
step=16445 loss=0.9060
step=16446 loss=0.2096
step=16447 loss=0.1641
step=16448 loss=0.9671
step=16449 loss=0.0270
step=16450 loss=1.9751
step=16451 loss=0.0311
step=16452 loss=1.1191
step=16453 loss=0.5771
step=16454 loss=0.5467
step=16455 loss=0.2800
step=16456 loss=1.4909
step=16457 loss=0.2134
step=16458 loss=0.8537
step=16459 loss=0.0263
step=16460 loss=0.4938
step=16461 loss=0.1460
step=16462 loss=0.4067
step=16463 loss=0.0285
step=16464 loss=0.2205
step=16465 loss=0.2881
step=16466 loss=0.5374
step=16467 loss=0.1198
step=16468 loss=1.1716
step=16469 loss=0.0299
step=16470 loss=0.9616
step=16471 loss=0.5307
step=16472 loss=0.4700
step=16473 loss=0.0297
step=16474 loss=0.5604
step=16475 loss=1.0314
step=16476 loss=1.0454
step=16477 loss=0.0264
step=16478 loss=1.6807
step=16479 loss=0.6004
step=16480 loss=0.0255
step=16481 loss=0.6384
step=16482 loss=0.4553
step=16483 loss=0.5187
step=16484 loss=0.7106
step=16485 loss=1.8588
step=16486 loss=0.5607
step=16487 loss=0.2098
step=16488 loss=0.9362
step=16489 loss=0.1194
step=16490 loss=0.0307
step=16491 loss=1.8887
step=16492 loss=0.0272
step=16493 loss=0.5596
step=16494 loss=0.7899
step=16495 loss=0.7493
step=16496 loss=0.0261
step=16497 loss=0.5146
step=16498 loss=0.5891
step=16499 loss=1.2884
step=16500 loss=0.4099
step=16501 loss=0.2725
step=16502 loss=0.5343
step=16503 loss=0.0263
step=16504 loss=0.0897
step=16505 loss=0.4304
step=16506 loss=0.0246
step=16507 loss=0.9182
step=16508 loss=0.0972
step=16509 loss=0.2825
step=16510 loss=0.1535
step=16511 loss=0.5093
step=16512 loss=0.0285
step=16513 loss=1.4749
step=16514 loss=0.7465
step=16515 loss=1.6418
step=16516 loss=0.3798
step=16517 loss=0.0276
step=16518 loss=0.7912
step=16519 loss=0.1897
step=16520 loss=0.7856
step=16521 loss=0.0280
step=16522 loss=0.4276
step=16523 loss=0.8077
step=16524 loss=0.9480
step=16525 loss=0.6891
step=16526 loss=0.0248
step=16527 loss=0.2206
step=16528 loss=0.0906
step=16529 loss=0.5553
step=16530 loss=0.6480
step=16531 loss=0.4532
step=16532 loss=0.0277
step=16533 loss=0.3430
step=16534 loss=0.0887
step=16535 loss=0.1069
step=16536 loss=0.0807
step=16537 loss=0.0762
step=16538 loss=0.6601
step=16539 loss=0.6599
step=16540 loss=0.8217
step=16541 loss=0.3492
step=16542 loss=0.2828
step=16543 loss=0.1959
step=16544 loss=0.5998
step=16545 loss=0.9547
step=16546 loss=0.4420
step=16547 loss=0.9212
step=16548 loss=0.1097
step=16549 loss=0.5919
step=16550 loss=0.2626
step=16551 loss=1.0182
step=16552 loss=0.9552
step=16553 loss=0.4034
step=16554 loss=0.6319
step=16555 loss=0.1623
step=16556 loss=0.0698
step=16557 loss=0.1675
step=16558 loss=0.2467
step=16559 loss=0.3813
step=16560 loss=0.0312
step=16561 loss=0.5541
step=16562 loss=0.5987
step=16563 loss=0.0296
step=16564 loss=0.0849
step=16565 loss=0.5726
step=16566 loss=1.7546
step=16567 loss=0.1005
step=16568 loss=0.7407
step=16569 loss=0.0273
step=16570 loss=0.1176
step=16571 loss=0.3714
step=16572 loss=0.0933
step=16573 loss=0.0984
step=16574 loss=1.3083
step=16575 loss=0.0315
step=16576 loss=0.2068
step=16577 loss=1.3391
step=16578 loss=0.0261
step=16579 loss=0.0916
step=16580 loss=0.2717
step=16581 loss=0.4746
step=16582 loss=0.0843
step=16583 loss=2.0860
step=16584 loss=0.0294
step=16585 loss=0.1387
step=16586 loss=0.0268
step=16587 loss=1.2369
step=16588 loss=0.0905
step=16589 loss=0.0239
step=16590 loss=0.0924
step=16591 loss=0.6023
step=16592 loss=1.3296
step=16593 loss=0.5827
step=16594 loss=0.5736
step=16595 loss=0.1203
step=16596 loss=0.8059
step=16597 loss=0.3181
step=16598 loss=0.6897
step=16599 loss=0.0236
step=16600 loss=0.1191
eval_step=16600 eval_loss=0.4526 eval_ppl=1.57
step=16601 loss=0.5371
step=16602 loss=0.7595
step=16603 loss=0.0281
step=16604 loss=0.5695
step=16605 loss=0.9901
step=16606 loss=0.4589
step=16607 loss=0.0298
step=16608 loss=0.4595
step=16609 loss=0.7405
step=16610 loss=0.2057
step=16611 loss=0.1310
step=16612 loss=0.1359
step=16613 loss=0.5013
step=16614 loss=1.1825
step=16615 loss=1.0444
step=16616 loss=0.0779
step=16617 loss=0.1455
step=16618 loss=0.0288
step=16619 loss=1.4098
step=16620 loss=0.4237
step=16621 loss=0.5476
step=16622 loss=1.9790
step=16623 loss=0.0310
step=16624 loss=1.6840
step=16625 loss=0.0267
step=16626 loss=0.1592
step=16627 loss=0.8581
step=16628 loss=2.0325
step=16629 loss=0.1243
step=16630 loss=0.1031
step=16631 loss=0.6565
step=16632 loss=1.6970
step=16633 loss=1.9215
step=16634 loss=0.3876
step=16635 loss=0.5596
step=16636 loss=0.6043
step=16637 loss=1.4826
step=16638 loss=0.5835
step=16639 loss=0.1250
step=16640 loss=1.6501
step=16641 loss=0.4355
step=16642 loss=0.5683
step=16643 loss=1.1436
step=16644 loss=1.3294
step=16645 loss=0.3363
step=16646 loss=0.1015
step=16647 loss=0.0304
step=16648 loss=0.2391
step=16649 loss=0.2451
step=16650 loss=0.6658
step=16651 loss=0.1522
step=16652 loss=0.0852
step=16653 loss=0.0236
step=16654 loss=0.3392
step=16655 loss=0.6583
step=16656 loss=1.0252
step=16657 loss=0.9318
step=16658 loss=0.8928
step=16659 loss=0.0271
step=16660 loss=0.0282
step=16661 loss=0.5407
step=16662 loss=0.8304
step=16663 loss=1.6198
step=16664 loss=0.1464
step=16665 loss=0.0281
step=16666 loss=0.5995
step=16667 loss=0.4880
step=16668 loss=0.7866
step=16669 loss=0.0270
step=16670 loss=0.1145
step=16671 loss=0.5981
step=16672 loss=0.7621
step=16673 loss=0.6314
step=16674 loss=0.0279
step=16675 loss=0.0952
step=16676 loss=0.3315
step=16677 loss=0.3974
step=16678 loss=0.1451
step=16679 loss=0.1215
step=16680 loss=2.3452
step=16681 loss=0.1275
step=16682 loss=1.3779
step=16683 loss=0.0738
step=16684 loss=0.6030
step=16685 loss=1.2778
step=16686 loss=0.1012
step=16687 loss=0.0253
step=16688 loss=0.1618
step=16689 loss=0.1121
step=16690 loss=0.0254
step=16691 loss=2.8035
step=16692 loss=0.6644
step=16693 loss=0.7204
step=16694 loss=0.0279
step=16695 loss=0.0265
step=16696 loss=0.0910
step=16697 loss=0.3470
step=16698 loss=0.1757
step=16699 loss=0.0778
step=16700 loss=0.0929
step=16701 loss=0.9950
step=16702 loss=0.1570
step=16703 loss=0.0243
step=16704 loss=0.2972
step=16705 loss=1.0833
step=16706 loss=0.0256
step=16707 loss=0.0281
step=16708 loss=0.6709
step=16709 loss=0.0259
step=16710 loss=0.4893
step=16711 loss=0.6630
step=16712 loss=0.1347
step=16713 loss=0.0249
step=16714 loss=0.1140
step=16715 loss=0.0734
step=16716 loss=0.2617
step=16717 loss=0.0259
step=16718 loss=0.0267
step=16719 loss=1.2348
step=16720 loss=0.2329
step=16721 loss=1.7877
step=16722 loss=0.0309
step=16723 loss=0.4031
step=16724 loss=0.1815
step=16725 loss=1.4774
step=16726 loss=1.6401
step=16727 loss=1.7343
step=16728 loss=0.0759
step=16729 loss=0.8579
step=16730 loss=0.1183
step=16731 loss=0.7022
step=16732 loss=0.4590
step=16733 loss=0.0306
step=16734 loss=0.4992
step=16735 loss=0.2050
step=16736 loss=0.1207
step=16737 loss=0.6668
step=16738 loss=0.8253
step=16739 loss=1.1235
step=16740 loss=1.0841
step=16741 loss=0.1096
step=16742 loss=0.0983
step=16743 loss=0.1856
step=16744 loss=1.2577
step=16745 loss=0.4968
step=16746 loss=0.3709
step=16747 loss=0.9190
step=16748 loss=0.0256
step=16749 loss=0.8851
step=16750 loss=0.0248
step=16751 loss=1.2774
step=16752 loss=0.0283
step=16753 loss=1.0498
step=16754 loss=1.6911
step=16755 loss=0.5330
step=16756 loss=0.0743
step=16757 loss=0.7100
step=16758 loss=1.0704
step=16759 loss=0.7406
step=16760 loss=0.3134
step=16761 loss=0.2902
step=16762 loss=1.2845
step=16763 loss=1.1928
step=16764 loss=0.0332
step=16765 loss=0.1274
step=16766 loss=0.1121
step=16767 loss=1.0039
step=16768 loss=0.0760
step=16769 loss=0.7270
step=16770 loss=1.2608
step=16771 loss=0.3563
step=16772 loss=0.0906
step=16773 loss=0.7965
step=16774 loss=0.4884
step=16775 loss=0.4137
step=16776 loss=0.4992
step=16777 loss=0.0240
step=16778 loss=0.7539
step=16779 loss=0.0214
step=16780 loss=0.0881
step=16781 loss=0.9094
step=16782 loss=0.0848
step=16783 loss=0.1611
step=16784 loss=0.2241
step=16785 loss=0.8875
step=16786 loss=0.4541
step=16787 loss=1.7207
step=16788 loss=0.7122
step=16789 loss=0.4403
step=16790 loss=0.0239
step=16791 loss=0.0261
step=16792 loss=0.4405
step=16793 loss=0.7047
step=16794 loss=0.0222
step=16795 loss=0.4510
step=16796 loss=1.1444
step=16797 loss=0.8961
step=16798 loss=0.8919
step=16799 loss=0.5160
step=16800 loss=0.0254
eval_step=16800 eval_loss=0.4512 eval_ppl=1.57
step=16801 loss=0.0752
step=16802 loss=1.2703
step=16803 loss=0.1284
step=16804 loss=0.3883
step=16805 loss=0.0242
step=16806 loss=0.7326
step=16807 loss=0.3275
step=16808 loss=0.0242
step=16809 loss=0.1816
step=16810 loss=1.1462
step=16811 loss=0.0264
step=16812 loss=0.4407
step=16813 loss=0.1065
step=16814 loss=0.0234
step=16815 loss=0.0952
step=16816 loss=0.0260
step=16817 loss=0.0225
step=16818 loss=0.3436
step=16819 loss=0.0252
step=16820 loss=0.0265
step=16821 loss=0.9598
step=16822 loss=0.0241
step=16823 loss=1.4793
step=16824 loss=0.2193
step=16825 loss=0.8850
step=16826 loss=0.0266
step=16827 loss=0.0676
step=16828 loss=0.6745
step=16829 loss=0.4203
step=16830 loss=1.1589
step=16831 loss=0.0253
step=16832 loss=0.5800
step=16833 loss=0.7903
step=16834 loss=0.6571
step=16835 loss=0.5481
step=16836 loss=0.0900
step=16837 loss=0.5742
step=16838 loss=0.7124
step=16839 loss=0.7326
step=16840 loss=0.1629
step=16841 loss=0.6117
step=16842 loss=0.9415
step=16843 loss=0.6240
step=16844 loss=0.0244
step=16845 loss=0.3157
step=16846 loss=0.0806
step=16847 loss=0.0268
step=16848 loss=0.8733
step=16849 loss=0.4602
step=16850 loss=0.1213
step=16851 loss=0.1237
step=16852 loss=0.0259
step=16853 loss=0.4947
step=16854 loss=1.0509
step=16855 loss=0.8203
step=16856 loss=0.1438
step=16857 loss=0.3509
step=16858 loss=0.0254
step=16859 loss=0.0242
step=16860 loss=0.4688
step=16861 loss=0.7517
step=16862 loss=0.0238
step=16863 loss=1.0810
step=16864 loss=0.8808
step=16865 loss=0.3735
step=16866 loss=0.7894
step=16867 loss=0.0798
step=16868 loss=0.9449
step=16869 loss=0.8982
step=16870 loss=0.0262
step=16871 loss=1.6872
step=16872 loss=0.5755
step=16873 loss=0.0720
step=16874 loss=1.0820
step=16875 loss=0.8403
step=16876 loss=0.0250
step=16877 loss=0.3597
step=16878 loss=0.1778
step=16879 loss=1.1411
step=16880 loss=0.0851
step=16881 loss=0.3164
step=16882 loss=0.6410
step=16883 loss=0.1698
step=16884 loss=0.9085
step=16885 loss=0.3832
step=16886 loss=0.1189
step=16887 loss=1.7431
step=16888 loss=0.2283
step=16889 loss=0.0279
step=16890 loss=1.0453
step=16891 loss=0.6267
step=16892 loss=0.8746
step=16893 loss=1.0623
step=16894 loss=0.2589
step=16895 loss=1.4805
step=16896 loss=0.8737
step=16897 loss=0.4493
step=16898 loss=0.7945
step=16899 loss=0.6851
step=16900 loss=0.1792
step=16901 loss=0.9989
step=16902 loss=0.7230
step=16903 loss=0.6534
step=16904 loss=0.0235
step=16905 loss=0.4409
step=16906 loss=0.7128
step=16907 loss=0.0278
step=16908 loss=0.1140
step=16909 loss=0.4532
step=16910 loss=0.0263
step=16911 loss=0.5102
step=16912 loss=0.3589
step=16913 loss=1.2962
step=16914 loss=0.0633
step=16915 loss=0.0797
step=16916 loss=0.0259
step=16917 loss=0.0272
step=16918 loss=0.3305
step=16919 loss=0.0256
step=16920 loss=0.0249
step=16921 loss=0.0858
step=16922 loss=0.6053
step=16923 loss=0.1869
step=16924 loss=0.3657
step=16925 loss=1.1810
step=16926 loss=0.8784
step=16927 loss=1.0430
step=16928 loss=0.1016
step=16929 loss=0.0274
step=16930 loss=0.0257
step=16931 loss=0.0260
step=16932 loss=0.9128
step=16933 loss=0.3126
step=16934 loss=0.0254
step=16935 loss=0.2908
step=16936 loss=1.0199
step=16937 loss=0.0830
step=16938 loss=0.8271
step=16939 loss=0.0263
step=16940 loss=0.1955
step=16941 loss=0.1329
step=16942 loss=0.1499
step=16943 loss=0.0683
step=16944 loss=0.9004
step=16945 loss=0.5863
step=16946 loss=0.4225
step=16947 loss=0.0711
step=16948 loss=0.8123
step=16949 loss=0.9172
step=16950 loss=0.0268
step=16951 loss=0.1176
step=16952 loss=0.0299
step=16953 loss=0.4765
step=16954 loss=0.0258
step=16955 loss=0.1924
step=16956 loss=1.0227
step=16957 loss=1.4308
step=16958 loss=0.1078
step=16959 loss=0.2017
step=16960 loss=0.0243
step=16961 loss=0.6329
step=16962 loss=0.0784
step=16963 loss=0.8615
step=16964 loss=0.0255
step=16965 loss=0.3513
step=16966 loss=0.5142
step=16967 loss=0.6134
step=16968 loss=0.6440
step=16969 loss=0.0994
step=16970 loss=0.7001
step=16971 loss=0.8856
step=16972 loss=0.0252
step=16973 loss=0.3336
step=16974 loss=0.2874
step=16975 loss=1.7826
step=16976 loss=0.4009
step=16977 loss=0.5720
step=16978 loss=0.3086
step=16979 loss=0.0292
step=16980 loss=0.0259
step=16981 loss=0.0779
step=16982 loss=1.2881
step=16983 loss=0.0940
step=16984 loss=0.5014
step=16985 loss=0.6947
step=16986 loss=0.8512
step=16987 loss=0.0263
step=16988 loss=0.0262
step=16989 loss=0.0269
step=16990 loss=0.0248
step=16991 loss=0.5802
step=16992 loss=0.0241
step=16993 loss=0.5974
step=16994 loss=0.5579
step=16995 loss=0.1345
step=16996 loss=0.0271
step=16997 loss=0.3189
step=16998 loss=0.2444
step=16999 loss=0.0261
step=17000 loss=0.5849
eval_step=17000 eval_loss=0.4498 eval_ppl=1.57
step=17001 loss=0.0351
step=17002 loss=0.4760
step=17003 loss=0.5916
step=17004 loss=0.1243
step=17005 loss=0.3431
step=17006 loss=0.7808
step=17007 loss=0.0266
step=17008 loss=0.4784
step=17009 loss=0.1246
step=17010 loss=0.0259
step=17011 loss=0.4167
step=17012 loss=0.0795
step=17013 loss=0.8282
step=17014 loss=0.0872
step=17015 loss=0.9836
step=17016 loss=0.0673
step=17017 loss=0.0240
step=17018 loss=0.2475
step=17019 loss=0.9718
step=17020 loss=0.0260
step=17021 loss=0.8412
step=17022 loss=0.1011
step=17023 loss=0.1519
step=17024 loss=0.1216
step=17025 loss=0.1470
step=17026 loss=0.0256
step=17027 loss=0.5234
step=17028 loss=0.1949
step=17029 loss=1.0182
step=17030 loss=0.0744
step=17031 loss=0.6274
step=17032 loss=0.9152
step=17033 loss=0.8255
step=17034 loss=0.1190
step=17035 loss=0.5868
step=17036 loss=0.5502
step=17037 loss=0.2401
step=17038 loss=0.7269
step=17039 loss=0.3555
step=17040 loss=0.0739
step=17041 loss=0.4143
step=17042 loss=0.0247
step=17043 loss=0.9023
step=17044 loss=0.0841
step=17045 loss=0.8729
step=17046 loss=0.0291
step=17047 loss=0.0244
step=17048 loss=0.9510
step=17049 loss=1.2688
step=17050 loss=0.4806
step=17051 loss=0.4015
step=17052 loss=0.1764
step=17053 loss=0.1437
step=17054 loss=0.0253
step=17055 loss=0.3439
step=17056 loss=0.2086
step=17057 loss=0.0284
step=17058 loss=0.2244
step=17059 loss=0.7278
step=17060 loss=0.5008
step=17061 loss=2.0974
step=17062 loss=0.1133
step=17063 loss=0.7360
step=17064 loss=0.6656
step=17065 loss=0.5369
step=17066 loss=0.0237
step=17067 loss=0.6412
step=17068 loss=0.0271
step=17069 loss=0.1172
step=17070 loss=0.1310
step=17071 loss=1.2160
step=17072 loss=0.3683
step=17073 loss=0.0697
step=17074 loss=0.6068
step=17075 loss=0.0329
step=17076 loss=0.4007
step=17077 loss=1.1962
step=17078 loss=0.2670
step=17079 loss=0.2717
step=17080 loss=0.9297
step=17081 loss=0.2136
step=17082 loss=0.6640
step=17083 loss=0.1322
step=17084 loss=0.3820
step=17085 loss=0.8859
step=17086 loss=0.4147
step=17087 loss=1.8248
step=17088 loss=0.0243
step=17089 loss=0.0291
step=17090 loss=0.9875
step=17091 loss=1.3676
step=17092 loss=0.0267
step=17093 loss=0.0276
step=17094 loss=0.2746
step=17095 loss=1.5171
step=17096 loss=0.1284
step=17097 loss=0.7476
step=17098 loss=0.9931
step=17099 loss=0.5562
step=17100 loss=0.7003
step=17101 loss=0.5850
step=17102 loss=0.6597
step=17103 loss=0.1439
step=17104 loss=0.7265
step=17105 loss=1.3592
step=17106 loss=0.1119
step=17107 loss=0.1688
step=17108 loss=0.0833
step=17109 loss=0.7051
step=17110 loss=0.1623
step=17111 loss=0.0834
step=17112 loss=0.4077
step=17113 loss=1.0730
step=17114 loss=0.0826
step=17115 loss=1.6196
step=17116 loss=0.3180
step=17117 loss=0.5713
step=17118 loss=0.4199
step=17119 loss=0.0239
step=17120 loss=0.6062
step=17121 loss=1.1635
step=17122 loss=0.3169
step=17123 loss=0.3610
step=17124 loss=0.0844
step=17125 loss=0.2209
step=17126 loss=0.4728
step=17127 loss=0.8612
step=17128 loss=1.5869
step=17129 loss=0.8430
step=17130 loss=0.6095
step=17131 loss=0.6780
step=17132 loss=0.1577
step=17133 loss=0.1649
step=17134 loss=1.1865
step=17135 loss=0.6553
step=17136 loss=0.3263
step=17137 loss=0.1411
step=17138 loss=0.6191
step=17139 loss=0.5697
step=17140 loss=0.0242
step=17141 loss=0.6473
step=17142 loss=0.2827
step=17143 loss=0.0695
step=17144 loss=0.4543
step=17145 loss=0.0268
step=17146 loss=0.6373
step=17147 loss=0.3428
step=17148 loss=0.0312
step=17149 loss=0.4066
step=17150 loss=1.2978
step=17151 loss=0.0241
step=17152 loss=0.0704
step=17153 loss=1.3204
step=17154 loss=0.0234
step=17155 loss=0.1025
step=17156 loss=0.0791
step=17157 loss=0.8886
step=17158 loss=0.4669
step=17159 loss=0.0253
step=17160 loss=0.6324
step=17161 loss=0.6555
step=17162 loss=1.1591
step=17163 loss=0.0252
step=17164 loss=0.8480
step=17165 loss=0.3660
step=17166 loss=0.4076
step=17167 loss=1.3094
step=17168 loss=0.0257
step=17169 loss=0.2323
step=17170 loss=0.9809
step=17171 loss=0.8823
step=17172 loss=1.2636
step=17173 loss=0.4949
step=17174 loss=0.7417
step=17175 loss=0.1098
step=17176 loss=0.2732
step=17177 loss=0.7974
step=17178 loss=0.5330
step=17179 loss=0.1131
step=17180 loss=0.7131
step=17181 loss=0.1153
step=17182 loss=0.1254
step=17183 loss=0.5012
step=17184 loss=0.1237
step=17185 loss=1.4749
step=17186 loss=0.4189
step=17187 loss=1.0819
step=17188 loss=0.7168
step=17189 loss=0.9917
step=17190 loss=0.8719
step=17191 loss=0.1382
step=17192 loss=0.3286
step=17193 loss=0.1149
step=17194 loss=0.2828
step=17195 loss=0.3723
step=17196 loss=1.1949
step=17197 loss=0.0216
step=17198 loss=0.5944
step=17199 loss=0.7744
step=17200 loss=0.0298
eval_step=17200 eval_loss=0.4486 eval_ppl=1.57
step=17201 loss=1.3094
step=17202 loss=0.2355
step=17203 loss=0.6432
step=17204 loss=0.5737
step=17205 loss=1.2410
step=17206 loss=1.5397
step=17207 loss=0.6876
step=17208 loss=0.7773
step=17209 loss=0.3324
step=17210 loss=0.0766
step=17211 loss=0.7892
step=17212 loss=1.3874
step=17213 loss=0.2534
step=17214 loss=0.1505
step=17215 loss=0.2541
step=17216 loss=0.6459
step=17217 loss=0.0228
step=17218 loss=0.3073
step=17219 loss=0.7065
step=17220 loss=0.0260
step=17221 loss=0.3040
step=17222 loss=0.6575
step=17223 loss=0.7012
step=17224 loss=0.1003
step=17225 loss=0.4385
step=17226 loss=0.0876
step=17227 loss=0.4742
step=17228 loss=0.5075
step=17229 loss=0.2730
step=17230 loss=1.0333
step=17231 loss=1.1529
step=17232 loss=0.0242
step=17233 loss=0.5926
step=17234 loss=0.9310
step=17235 loss=0.1147
step=17236 loss=0.1001
step=17237 loss=0.1304
step=17238 loss=0.0244
step=17239 loss=0.6907
step=17240 loss=0.3435
step=17241 loss=1.7044
step=17242 loss=0.1564
step=17243 loss=0.5719
step=17244 loss=0.7457
step=17245 loss=0.0890
step=17246 loss=0.0216
step=17247 loss=0.0816
step=17248 loss=0.1485
step=17249 loss=0.6425
step=17250 loss=1.2301
step=17251 loss=0.7087
step=17252 loss=0.0234
step=17253 loss=0.1596
step=17254 loss=0.0780
step=17255 loss=0.0253
step=17256 loss=0.0307
step=17257 loss=0.1368
step=17258 loss=1.0325
step=17259 loss=0.6832
step=17260 loss=0.0816
step=17261 loss=0.9129
step=17262 loss=0.6563
step=17263 loss=1.2373
step=17264 loss=0.6978
step=17265 loss=0.6294
step=17266 loss=0.0228
step=17267 loss=0.0729
step=17268 loss=0.0908
step=17269 loss=0.0211
step=17270 loss=0.1376
step=17271 loss=0.0867
step=17272 loss=0.0827
step=17273 loss=0.1359
step=17274 loss=0.5310
step=17275 loss=1.5965
step=17276 loss=0.0783
step=17277 loss=0.0995
step=17278 loss=0.1562
step=17279 loss=0.8880
step=17280 loss=0.0819
step=17281 loss=0.1878
step=17282 loss=0.2719
step=17283 loss=0.7621
step=17284 loss=0.5058
step=17285 loss=0.1160
step=17286 loss=0.1167
step=17287 loss=1.5494
step=17288 loss=0.8488
step=17289 loss=0.8011
step=17290 loss=1.3000
step=17291 loss=0.0223
step=17292 loss=0.0724
step=17293 loss=0.1252
step=17294 loss=0.0943
step=17295 loss=0.1481
step=17296 loss=0.0910
step=17297 loss=0.0233
step=17298 loss=0.1192
step=17299 loss=1.0650
step=17300 loss=0.0633
step=17301 loss=0.0834
step=17302 loss=0.5710
step=17303 loss=0.0262
step=17304 loss=0.3676
step=17305 loss=0.3153
step=17306 loss=0.3508
step=17307 loss=0.5148
step=17308 loss=0.0884
step=17309 loss=2.0152
step=17310 loss=0.4379
step=17311 loss=0.6275
step=17312 loss=0.0249
step=17313 loss=1.9229
step=17314 loss=0.0234
step=17315 loss=0.8984
step=17316 loss=0.4170
step=17317 loss=0.9385
step=17318 loss=0.0936
step=17319 loss=0.6149
step=17320 loss=0.0258
step=17321 loss=0.6869
step=17322 loss=1.0144
step=17323 loss=0.5150
step=17324 loss=0.1475
step=17325 loss=0.1321
step=17326 loss=0.1040
step=17327 loss=1.4196
step=17328 loss=0.0266
step=17329 loss=0.3784
step=17330 loss=0.3030
step=17331 loss=0.8224
step=17332 loss=0.7333
step=17333 loss=0.8869
step=17334 loss=0.0235
step=17335 loss=0.7122
step=17336 loss=0.5296
step=17337 loss=1.3335
step=17338 loss=0.0256
step=17339 loss=0.1878
step=17340 loss=1.7345
step=17341 loss=0.6359
step=17342 loss=1.1204
step=17343 loss=0.3974
step=17344 loss=0.0231
step=17345 loss=0.0250
step=17346 loss=1.4072
step=17347 loss=0.1797
step=17348 loss=0.0265
step=17349 loss=0.0693
step=17350 loss=0.0236
step=17351 loss=0.0870
step=17352 loss=1.2073
step=17353 loss=0.8055
step=17354 loss=1.2337
step=17355 loss=0.1537
step=17356 loss=0.1733
step=17357 loss=0.0207
step=17358 loss=1.1985
step=17359 loss=1.2409
step=17360 loss=0.5009
step=17361 loss=0.1343
step=17362 loss=0.1646
step=17363 loss=0.6374
step=17364 loss=0.1245
step=17365 loss=0.0237
step=17366 loss=0.1425
step=17367 loss=0.6018
step=17368 loss=0.0277
step=17369 loss=0.0758
step=17370 loss=0.0838
step=17371 loss=0.0222
step=17372 loss=0.8664
step=17373 loss=0.9568
step=17374 loss=1.0432
step=17375 loss=0.0757
step=17376 loss=0.0236
step=17377 loss=0.1626
step=17378 loss=0.1198
step=17379 loss=0.9083
step=17380 loss=1.0464
step=17381 loss=0.0268
step=17382 loss=0.4482
step=17383 loss=0.1339
step=17384 loss=0.6001
step=17385 loss=0.5365
step=17386 loss=1.4093
step=17387 loss=1.7188
step=17388 loss=0.0223
step=17389 loss=0.3066
step=17390 loss=0.6553
step=17391 loss=0.0217
step=17392 loss=0.3383
step=17393 loss=0.6419
step=17394 loss=0.5057
step=17395 loss=0.7617
step=17396 loss=0.0897
step=17397 loss=0.0787
step=17398 loss=0.1016
step=17399 loss=0.0800
step=17400 loss=0.1495
eval_step=17400 eval_loss=0.4476 eval_ppl=1.56
step=17401 loss=0.0243
step=17402 loss=0.2731
step=17403 loss=0.8974
step=17404 loss=0.1021
step=17405 loss=0.1154
step=17406 loss=0.0904
step=17407 loss=1.3083
step=17408 loss=0.1285
step=17409 loss=0.1047
step=17410 loss=0.0242
step=17411 loss=1.1289
step=17412 loss=0.2775
step=17413 loss=1.0016
step=17414 loss=0.9109
step=17415 loss=0.0238
step=17416 loss=0.5697
step=17417 loss=0.1176
step=17418 loss=0.1604
step=17419 loss=1.8070
step=17420 loss=0.0740
step=17421 loss=0.4063
step=17422 loss=0.0244
step=17423 loss=0.6403
step=17424 loss=0.8647
step=17425 loss=0.0232
step=17426 loss=0.0254
step=17427 loss=0.6657
step=17428 loss=0.3490
step=17429 loss=0.8358
step=17430 loss=0.0235
step=17431 loss=0.3984
step=17432 loss=0.1504
step=17433 loss=0.7135
step=17434 loss=0.0237
step=17435 loss=1.0000
step=17436 loss=0.0840
step=17437 loss=0.0233
step=17438 loss=0.0240
step=17439 loss=0.7703
step=17440 loss=0.2486
step=17441 loss=0.5429
step=17442 loss=1.7758
step=17443 loss=0.1699
step=17444 loss=0.1325
step=17445 loss=0.3994
step=17446 loss=1.2326
step=17447 loss=1.1859
step=17448 loss=1.1376
step=17449 loss=0.6134
step=17450 loss=0.3748
step=17451 loss=0.1311
step=17452 loss=0.1148
step=17453 loss=1.2909
step=17454 loss=1.0573
step=17455 loss=1.0718
step=17456 loss=0.5491
step=17457 loss=0.8717
step=17458 loss=1.6705
step=17459 loss=0.1354
step=17460 loss=1.1805
step=17461 loss=0.0819
step=17462 loss=0.1078
step=17463 loss=0.1400
step=17464 loss=0.4366
step=17465 loss=0.0704
step=17466 loss=0.5199
step=17467 loss=0.4928
step=17468 loss=0.1122
step=17469 loss=0.2871
step=17470 loss=1.5534
step=17471 loss=1.4308
step=17472 loss=1.2300
step=17473 loss=0.0744
step=17474 loss=0.4181
step=17475 loss=0.1173
step=17476 loss=0.4326
step=17477 loss=0.0230
step=17478 loss=0.9946
step=17479 loss=1.4216
step=17480 loss=0.1223
step=17481 loss=0.5605
step=17482 loss=1.3837
step=17483 loss=0.4899
step=17484 loss=1.6508
step=17485 loss=0.8130
step=17486 loss=0.0256
step=17487 loss=0.5092
step=17488 loss=0.7430
step=17489 loss=0.6952
step=17490 loss=0.0889
step=17491 loss=0.4438
step=17492 loss=0.8719
step=17493 loss=0.4780
step=17494 loss=0.0251
step=17495 loss=0.5314
step=17496 loss=0.2737
step=17497 loss=0.0274
step=17498 loss=0.2485
step=17499 loss=0.3530
step=17500 loss=0.5629
step=17501 loss=0.0260
step=17502 loss=0.4010
step=17503 loss=0.7654
step=17504 loss=0.0237
step=17505 loss=0.4701
step=17506 loss=0.0236
step=17507 loss=1.4327
step=17508 loss=0.8150
step=17509 loss=0.0277
step=17510 loss=0.9907
step=17511 loss=0.2239
step=17512 loss=0.7391
step=17513 loss=0.1487
step=17514 loss=0.0248
step=17515 loss=0.6121
step=17516 loss=1.1788
step=17517 loss=1.3221
step=17518 loss=0.8293
step=17519 loss=1.0618
step=17520 loss=0.4269
step=17521 loss=0.0250
step=17522 loss=0.5007
step=17523 loss=0.8837
step=17524 loss=0.3073
step=17525 loss=0.0228
step=17526 loss=0.1960
step=17527 loss=0.9733
step=17528 loss=1.5084
step=17529 loss=0.0214
step=17530 loss=0.0226
step=17531 loss=0.3264
step=17532 loss=1.2644
step=17533 loss=1.3491
step=17534 loss=0.5348
step=17535 loss=1.7580
step=17536 loss=0.3655
step=17537 loss=0.8468
step=17538 loss=0.2014
step=17539 loss=0.9596
step=17540 loss=0.0233
step=17541 loss=0.1393
step=17542 loss=0.5756
step=17543 loss=0.1267
step=17544 loss=0.0230
step=17545 loss=0.1502
step=17546 loss=1.4517
step=17547 loss=0.2075
step=17548 loss=0.1383
step=17549 loss=0.1176
step=17550 loss=0.7219
step=17551 loss=0.8754
step=17552 loss=0.1590
step=17553 loss=1.0910
step=17554 loss=0.5309
step=17555 loss=0.4256
step=17556 loss=0.0221
step=17557 loss=0.0236
step=17558 loss=0.7001
step=17559 loss=0.2628
step=17560 loss=0.0255
step=17561 loss=1.3688
step=17562 loss=0.7582
step=17563 loss=0.1213
step=17564 loss=0.6081
step=17565 loss=0.7707
step=17566 loss=0.1834
step=17567 loss=1.1732
step=17568 loss=1.0317
step=17569 loss=0.4995
step=17570 loss=0.0280
step=17571 loss=0.0231
step=17572 loss=1.2166
step=17573 loss=1.0099
step=17574 loss=0.4019
step=17575 loss=0.1602
step=17576 loss=0.5806
step=17577 loss=0.3707
step=17578 loss=0.7110
step=17579 loss=0.8474
step=17580 loss=0.0214
step=17581 loss=1.4183
step=17582 loss=0.0753
step=17583 loss=0.1117
step=17584 loss=0.8174
step=17585 loss=1.0393
step=17586 loss=0.2288
step=17587 loss=1.5280
step=17588 loss=0.0238
step=17589 loss=0.0762
step=17590 loss=0.4364
step=17591 loss=0.6265
step=17592 loss=1.1783
step=17593 loss=0.0239
step=17594 loss=0.0244
step=17595 loss=0.6949
step=17596 loss=0.6403
step=17597 loss=1.0260
step=17598 loss=0.5929
step=17599 loss=0.7051
step=17600 loss=0.5485
eval_step=17600 eval_loss=0.4466 eval_ppl=1.56
step=17601 loss=0.6142
step=17602 loss=1.9179
step=17603 loss=0.7249
step=17604 loss=0.2527
step=17605 loss=1.2073
step=17606 loss=0.8664
step=17607 loss=0.1462
step=17608 loss=0.7896
step=17609 loss=0.7967
step=17610 loss=0.2130
step=17611 loss=0.6878
step=17612 loss=0.7325
step=17613 loss=0.1102
step=17614 loss=0.0947
step=17615 loss=0.3733
step=17616 loss=0.0906
step=17617 loss=1.0868
step=17618 loss=0.0748
step=17619 loss=0.3362
step=17620 loss=0.0630
step=17621 loss=0.3740
step=17622 loss=0.4247
step=17623 loss=0.6219
step=17624 loss=0.0236
step=17625 loss=0.6528
step=17626 loss=1.0535
step=17627 loss=1.1405
step=17628 loss=0.0848
step=17629 loss=1.3573
step=17630 loss=0.8697
step=17631 loss=0.8722
step=17632 loss=0.0232
step=17633 loss=1.9717
step=17634 loss=0.1613
step=17635 loss=0.0869
step=17636 loss=1.6055
step=17637 loss=0.7449
step=17638 loss=0.3706
step=17639 loss=0.1094
step=17640 loss=0.6981
step=17641 loss=1.3420
step=17642 loss=0.7397
step=17643 loss=0.0236
step=17644 loss=1.1891
step=17645 loss=0.0229
step=17646 loss=0.4254
step=17647 loss=0.0254
step=17648 loss=0.6221
step=17649 loss=0.0238
step=17650 loss=0.0220
step=17651 loss=0.5463
step=17652 loss=0.1989
step=17653 loss=0.3456
step=17654 loss=0.1504
step=17655 loss=0.1513
step=17656 loss=1.1551
step=17657 loss=1.2972
step=17658 loss=1.4700
step=17659 loss=0.6693
step=17660 loss=0.3643
step=17661 loss=0.0240
step=17662 loss=0.0258
step=17663 loss=0.1844
step=17664 loss=0.9421
step=17665 loss=0.1920
step=17666 loss=0.2894
step=17667 loss=0.1704
step=17668 loss=0.1460
step=17669 loss=0.1346
step=17670 loss=0.0227
step=17671 loss=0.2843
step=17672 loss=0.5849
step=17673 loss=0.4049
step=17674 loss=0.3027
step=17675 loss=0.3337
step=17676 loss=0.5234
step=17677 loss=0.4772
step=17678 loss=0.6135
step=17679 loss=0.5904
step=17680 loss=1.0561
step=17681 loss=0.5078
step=17682 loss=0.0923
step=17683 loss=0.0225
step=17684 loss=0.7036
step=17685 loss=0.0204
step=17686 loss=0.1000
step=17687 loss=1.0281
step=17688 loss=0.1564
step=17689 loss=2.0653
step=17690 loss=0.0905
step=17691 loss=1.3343
step=17692 loss=0.1344
step=17693 loss=1.1572
step=17694 loss=0.6495
step=17695 loss=0.1161
step=17696 loss=0.4146
step=17697 loss=0.0227
step=17698 loss=0.2893
step=17699 loss=0.2674
step=17700 loss=0.0211
step=17701 loss=0.3633
step=17702 loss=0.0250
step=17703 loss=0.3617
step=17704 loss=0.3166
step=17705 loss=0.5666
step=17706 loss=0.7027
step=17707 loss=0.0282
step=17708 loss=0.8859
step=17709 loss=1.2364
step=17710 loss=0.4589
step=17711 loss=0.0234
step=17712 loss=1.4739
step=17713 loss=0.0222
step=17714 loss=0.2132
step=17715 loss=0.8569
step=17716 loss=0.5417
step=17717 loss=0.4720
step=17718 loss=0.0783
step=17719 loss=0.2887
step=17720 loss=0.2551
step=17721 loss=0.4896
step=17722 loss=0.7358
step=17723 loss=0.6678
step=17724 loss=0.1493
step=17725 loss=0.3770
step=17726 loss=0.1354
step=17727 loss=0.3782
step=17728 loss=0.7150
step=17729 loss=0.1415
step=17730 loss=0.8202
step=17731 loss=0.6064
step=17732 loss=0.0692
step=17733 loss=0.8198
step=17734 loss=0.1334
step=17735 loss=0.4719
step=17736 loss=0.0231
step=17737 loss=1.0148
step=17738 loss=0.0675
step=17739 loss=0.2186
step=17740 loss=1.4624
step=17741 loss=0.9516
step=17742 loss=0.0207
step=17743 loss=0.0982
step=17744 loss=0.0292
step=17745 loss=0.5898
step=17746 loss=0.0213
step=17747 loss=0.4201
step=17748 loss=1.5333
step=17749 loss=1.1010
step=17750 loss=0.6089
step=17751 loss=0.1257
step=17752 loss=0.3503
step=17753 loss=0.0223
step=17754 loss=0.3262
step=17755 loss=0.1691
step=17756 loss=0.7772
step=17757 loss=0.1695
step=17758 loss=0.0243
step=17759 loss=0.1934
step=17760 loss=0.0224
step=17761 loss=1.2652
step=17762 loss=0.8508
step=17763 loss=0.0229
step=17764 loss=0.1229
step=17765 loss=0.2561
step=17766 loss=0.0813
step=17767 loss=0.4351
step=17768 loss=1.0120
step=17769 loss=0.0712
step=17770 loss=0.0249
step=17771 loss=0.3837
step=17772 loss=0.1333
step=17773 loss=0.7420
step=17774 loss=0.5033
step=17775 loss=0.2739
step=17776 loss=0.9567
step=17777 loss=0.1555
step=17778 loss=0.1266
step=17779 loss=0.1279
step=17780 loss=0.5520
step=17781 loss=1.1955
step=17782 loss=0.6498
step=17783 loss=0.3353
step=17784 loss=1.5383
step=17785 loss=1.7409
step=17786 loss=0.0650
step=17787 loss=0.0213
step=17788 loss=0.1516
step=17789 loss=0.6178
step=17790 loss=0.0784
step=17791 loss=0.6447
step=17792 loss=1.0742
step=17793 loss=1.6045
step=17794 loss=0.1054
step=17795 loss=0.9045
step=17796 loss=0.9612
step=17797 loss=0.4341
step=17798 loss=0.4117
step=17799 loss=0.4636
step=17800 loss=0.6109
eval_step=17800 eval_loss=0.4456 eval_ppl=1.56
step=17801 loss=0.5336
step=17802 loss=0.3303
step=17803 loss=2.0109
step=17804 loss=1.1343
step=17805 loss=0.9556
step=17806 loss=0.8036
step=17807 loss=0.0218
step=17808 loss=1.0209
step=17809 loss=0.7850
step=17810 loss=0.1183
step=17811 loss=0.3478
step=17812 loss=0.2526
step=17813 loss=1.5724
step=17814 loss=0.1179
step=17815 loss=0.4720
step=17816 loss=0.3592
step=17817 loss=0.7764
step=17818 loss=2.0945
step=17819 loss=0.0277
step=17820 loss=0.0735
step=17821 loss=2.9484
step=17822 loss=1.2850
step=17823 loss=0.2322
step=17824 loss=0.0754
step=17825 loss=0.9767
step=17826 loss=0.1034
step=17827 loss=1.0537
step=17828 loss=0.2399
step=17829 loss=0.3535
step=17830 loss=0.0230
step=17831 loss=0.0232
step=17832 loss=0.4686
step=17833 loss=1.6681
step=17834 loss=0.0226
step=17835 loss=0.0235
step=17836 loss=0.1122
step=17837 loss=0.4915
step=17838 loss=0.0215
step=17839 loss=0.0215
step=17840 loss=1.3397
step=17841 loss=0.4444
step=17842 loss=0.0214
step=17843 loss=0.5891
step=17844 loss=1.2029
step=17845 loss=0.4718
step=17846 loss=0.7733
step=17847 loss=0.0229
step=17848 loss=0.0218
step=17849 loss=1.1836
step=17850 loss=0.8644
step=17851 loss=0.0807
step=17852 loss=1.1121
step=17853 loss=0.0240
step=17854 loss=0.8755
step=17855 loss=0.3564
step=17856 loss=0.9420
step=17857 loss=0.8325
step=17858 loss=0.0241
step=17859 loss=1.3511
step=17860 loss=0.4091
step=17861 loss=0.0218
step=17862 loss=0.5350
step=17863 loss=0.0244
step=17864 loss=0.4767
step=17865 loss=0.5845
step=17866 loss=0.6852
step=17867 loss=0.2426
step=17868 loss=1.1129
step=17869 loss=0.0718
step=17870 loss=0.1601
step=17871 loss=0.9708
step=17872 loss=0.1186
step=17873 loss=1.7613
step=17874 loss=0.0208
step=17875 loss=0.9295
step=17876 loss=0.0229
step=17877 loss=0.0804
step=17878 loss=0.7475
step=17879 loss=0.4959
step=17880 loss=0.2218
step=17881 loss=0.8574
step=17882 loss=0.0230
step=17883 loss=0.3064
step=17884 loss=0.4254
step=17885 loss=1.1385
step=17886 loss=0.5430
step=17887 loss=0.1360
step=17888 loss=0.2168
step=17889 loss=0.4376
step=17890 loss=0.1196
step=17891 loss=1.0177
step=17892 loss=0.1058
step=17893 loss=1.9845
step=17894 loss=0.2281
step=17895 loss=0.2131
step=17896 loss=0.6363
step=17897 loss=0.6896
step=17898 loss=0.9727
step=17899 loss=0.3501
step=17900 loss=1.2428
step=17901 loss=0.1394
step=17902 loss=0.4849
step=17903 loss=0.0345
step=17904 loss=0.1875
step=17905 loss=0.0202
step=17906 loss=0.6902
step=17907 loss=0.0245
step=17908 loss=0.2185
step=17909 loss=1.2136
step=17910 loss=0.4339
step=17911 loss=0.1379
step=17912 loss=0.6329
step=17913 loss=0.9884
step=17914 loss=0.6033
step=17915 loss=0.4720
step=17916 loss=0.4861
step=17917 loss=0.6834
step=17918 loss=0.4188
step=17919 loss=0.1271
step=17920 loss=0.6840
step=17921 loss=0.0220
step=17922 loss=0.5750
step=17923 loss=0.0215
step=17924 loss=0.6643
step=17925 loss=0.8819
step=17926 loss=0.9591
step=17927 loss=0.0217
step=17928 loss=1.2265
step=17929 loss=0.0209
step=17930 loss=0.0257
step=17931 loss=0.0209
step=17932 loss=0.2665
step=17933 loss=0.5592
step=17934 loss=0.3865
step=17935 loss=0.7908
step=17936 loss=0.6017
step=17937 loss=0.4629
step=17938 loss=0.5883
step=17939 loss=0.8103
step=17940 loss=0.0711
step=17941 loss=0.6725
step=17942 loss=0.9063
step=17943 loss=0.4830
step=17944 loss=0.0636
step=17945 loss=0.4683
step=17946 loss=1.1651
step=17947 loss=0.0226
step=17948 loss=1.5981
step=17949 loss=0.8107
step=17950 loss=0.3805
step=17951 loss=0.0881
step=17952 loss=0.4860
step=17953 loss=0.7469
step=17954 loss=0.5831
step=17955 loss=0.0347
step=17956 loss=0.8327
step=17957 loss=0.5963
step=17958 loss=0.0212
step=17959 loss=0.6488
step=17960 loss=0.5008
step=17961 loss=0.4457
step=17962 loss=0.8498
step=17963 loss=0.0236
step=17964 loss=0.4275
step=17965 loss=0.8621
step=17966 loss=0.6706
step=17967 loss=0.3859
step=17968 loss=1.0365
step=17969 loss=1.0758
step=17970 loss=0.0807
step=17971 loss=0.4210
step=17972 loss=0.2916
step=17973 loss=0.0662
step=17974 loss=0.0209
step=17975 loss=1.1045
step=17976 loss=0.1263
step=17977 loss=0.0854
step=17978 loss=1.4119
step=17979 loss=0.3989
step=17980 loss=0.0215
step=17981 loss=0.5840
step=17982 loss=0.1298
step=17983 loss=0.5508
step=17984 loss=0.0758
step=17985 loss=0.3283
step=17986 loss=0.1469
step=17987 loss=0.9301
step=17988 loss=0.4041
step=17989 loss=0.0224
step=17990 loss=0.7453
step=17991 loss=1.0059
step=17992 loss=0.1166
step=17993 loss=1.4730
step=17994 loss=0.3456
step=17995 loss=1.3282
step=17996 loss=2.0273
step=17997 loss=0.3438
step=17998 loss=0.8741
step=17999 loss=0.6316
step=18000 loss=0.6988
eval_step=18000 eval_loss=0.4447 eval_ppl=1.56
step=18001 loss=0.1457
step=18002 loss=0.0245
step=18003 loss=1.3248
step=18004 loss=0.5416
step=18005 loss=0.6945
step=18006 loss=0.6088
step=18007 loss=0.0222
step=18008 loss=1.6490
step=18009 loss=0.4829
step=18010 loss=0.0802
step=18011 loss=0.0245
step=18012 loss=0.8752
step=18013 loss=0.3679
step=18014 loss=0.8771
step=18015 loss=1.2181
step=18016 loss=0.3871
step=18017 loss=0.4744
step=18018 loss=0.1767
step=18019 loss=0.1466
step=18020 loss=0.7444
step=18021 loss=0.2188
step=18022 loss=0.3244
step=18023 loss=0.0222
step=18024 loss=0.6702
step=18025 loss=0.1121
step=18026 loss=0.2006
step=18027 loss=0.0246
step=18028 loss=0.7635
step=18029 loss=0.6612
step=18030 loss=0.8247
step=18031 loss=0.2432
step=18032 loss=0.0945
step=18033 loss=0.1582
step=18034 loss=0.0795
step=18035 loss=0.0207
step=18036 loss=0.1834
step=18037 loss=1.0614
step=18038 loss=0.0259
step=18039 loss=0.4164
step=18040 loss=1.0025
step=18041 loss=0.9055
step=18042 loss=0.0208
step=18043 loss=0.6545
step=18044 loss=0.8929
step=18045 loss=0.5129
step=18046 loss=0.0951
step=18047 loss=0.9885
step=18048 loss=0.0225
step=18049 loss=0.7478
step=18050 loss=0.1888
step=18051 loss=0.6190
step=18052 loss=0.6373
step=18053 loss=0.1626
step=18054 loss=1.1283
step=18055 loss=0.5886
step=18056 loss=2.9191
step=18057 loss=0.0947
step=18058 loss=0.9898
step=18059 loss=0.4696
step=18060 loss=1.5326
step=18061 loss=0.5793
step=18062 loss=0.1348
step=18063 loss=0.8080
step=18064 loss=0.1741
step=18065 loss=0.8263
step=18066 loss=0.0880
step=18067 loss=1.4988
step=18068 loss=0.7351
step=18069 loss=0.3594
step=18070 loss=0.1016
step=18071 loss=0.2685
step=18072 loss=0.3268
step=18073 loss=0.0214
step=18074 loss=0.0624
step=18075 loss=0.0205
step=18076 loss=0.7859
step=18077 loss=1.1532
step=18078 loss=0.5045
step=18079 loss=0.6130
step=18080 loss=0.8261
step=18081 loss=0.1565
step=18082 loss=0.7075
step=18083 loss=0.0220
step=18084 loss=0.4744
step=18085 loss=0.5152
step=18086 loss=0.8518
step=18087 loss=0.0761
step=18088 loss=1.2445
step=18089 loss=0.4326
step=18090 loss=0.0228
step=18091 loss=0.0223
step=18092 loss=0.8833
step=18093 loss=1.2757
step=18094 loss=0.5076
step=18095 loss=0.2902
step=18096 loss=0.0903
step=18097 loss=0.6227
step=18098 loss=0.7069
step=18099 loss=0.3194
step=18100 loss=0.9572
step=18101 loss=0.0721
step=18102 loss=1.4410
step=18103 loss=0.8203
step=18104 loss=0.0239
step=18105 loss=0.1156
step=18106 loss=0.0224
step=18107 loss=1.7922
step=18108 loss=0.0679
step=18109 loss=0.0231
step=18110 loss=0.0203
step=18111 loss=0.7264
step=18112 loss=1.2682
step=18113 loss=0.0801
step=18114 loss=0.1296
step=18115 loss=0.0231
step=18116 loss=0.6059
step=18117 loss=0.0216
step=18118 loss=0.0196
step=18119 loss=0.0235
step=18120 loss=1.8704
step=18121 loss=0.5582
step=18122 loss=0.0822
step=18123 loss=1.2648
step=18124 loss=0.3900
step=18125 loss=0.1614
step=18126 loss=0.0209
step=18127 loss=0.9148
step=18128 loss=1.2870
step=18129 loss=0.0232
step=18130 loss=0.0242
step=18131 loss=0.3584
step=18132 loss=0.6389
step=18133 loss=0.4450
step=18134 loss=0.1139
step=18135 loss=1.3127
step=18136 loss=0.0208
step=18137 loss=0.6904
step=18138 loss=0.0567
step=18139 loss=0.9041
step=18140 loss=0.0215
step=18141 loss=1.6726
step=18142 loss=0.6306
step=18143 loss=0.4879
step=18144 loss=0.8431
step=18145 loss=1.0927
step=18146 loss=0.9793
step=18147 loss=0.5856
step=18148 loss=0.3998
step=18149 loss=0.5537
step=18150 loss=0.0222
step=18151 loss=0.4513
step=18152 loss=0.8579
step=18153 loss=0.1097
step=18154 loss=0.3765
step=18155 loss=0.0219
step=18156 loss=0.9419
step=18157 loss=0.9386
step=18158 loss=0.0916
step=18159 loss=0.7307
step=18160 loss=0.5141
step=18161 loss=0.1079
step=18162 loss=0.4755
step=18163 loss=0.5725
step=18164 loss=0.4306
step=18165 loss=0.9281
step=18166 loss=1.1477
step=18167 loss=1.0487
step=18168 loss=0.5493
step=18169 loss=0.4298
step=18170 loss=0.3438
step=18171 loss=0.8823
step=18172 loss=0.2171
step=18173 loss=0.0198
step=18174 loss=0.0227
step=18175 loss=1.0327
step=18176 loss=1.8610
step=18177 loss=0.0204
step=18178 loss=1.9434
step=18179 loss=0.5452
step=18180 loss=0.1313
step=18181 loss=0.4251
step=18182 loss=0.8202
step=18183 loss=1.3050
step=18184 loss=0.4827
step=18185 loss=0.0207
step=18186 loss=0.8331
step=18187 loss=0.0963
step=18188 loss=0.1324
step=18189 loss=0.3940
step=18190 loss=0.0215
step=18191 loss=1.3933
step=18192 loss=0.0213
step=18193 loss=1.0945
step=18194 loss=2.1790
step=18195 loss=0.2489
step=18196 loss=0.7755
step=18197 loss=0.2996
step=18198 loss=0.6111
step=18199 loss=0.6923
step=18200 loss=0.0217
eval_step=18200 eval_loss=0.4439 eval_ppl=1.56
step=18201 loss=0.1389
step=18202 loss=0.3348
step=18203 loss=0.0231
step=18204 loss=0.0847
step=18205 loss=0.9785
step=18206 loss=0.1203
step=18207 loss=0.0792
step=18208 loss=0.0644
step=18209 loss=0.1411
step=18210 loss=0.2659
step=18211 loss=0.1170
step=18212 loss=0.0224
step=18213 loss=0.3386
step=18214 loss=0.2870
step=18215 loss=0.6974
step=18216 loss=0.3747
step=18217 loss=0.3346
step=18218 loss=0.5429
step=18219 loss=0.6869
step=18220 loss=2.5269
step=18221 loss=0.0738
step=18222 loss=0.0889
step=18223 loss=0.6336
step=18224 loss=0.1097
step=18225 loss=1.3953
step=18226 loss=0.2221
step=18227 loss=1.3752
step=18228 loss=0.3959
step=18229 loss=1.8109
step=18230 loss=0.8757
step=18231 loss=0.9309
step=18232 loss=0.5240
step=18233 loss=0.2107
step=18234 loss=0.6583
step=18235 loss=0.0784
step=18236 loss=0.8351
step=18237 loss=0.0801
step=18238 loss=0.2870
step=18239 loss=0.3860
step=18240 loss=0.0198
step=18241 loss=1.0793
step=18242 loss=0.0216
step=18243 loss=0.4499
step=18244 loss=0.0831
step=18245 loss=0.0262
step=18246 loss=0.6656
step=18247 loss=0.0221
step=18248 loss=0.0214
step=18249 loss=0.2662
step=18250 loss=0.0209
step=18251 loss=0.4655
step=18252 loss=0.2097
step=18253 loss=0.3972
step=18254 loss=0.6137
step=18255 loss=0.0221
step=18256 loss=0.4233
step=18257 loss=0.0187
step=18258 loss=0.0214
step=18259 loss=0.1127
step=18260 loss=0.0279
step=18261 loss=0.4605
step=18262 loss=0.6326
step=18263 loss=1.0076
step=18264 loss=0.7518
step=18265 loss=0.9185
step=18266 loss=0.0186
step=18267 loss=0.3367
step=18268 loss=0.5402
step=18269 loss=1.3143
step=18270 loss=0.5048
step=18271 loss=0.7640
step=18272 loss=0.2917
step=18273 loss=0.6258
step=18274 loss=0.8647
step=18275 loss=0.0216
step=18276 loss=0.0760
step=18277 loss=0.0208
step=18278 loss=1.1507
step=18279 loss=0.5083
step=18280 loss=0.8290
step=18281 loss=0.0778
step=18282 loss=1.6301
step=18283 loss=0.0727
step=18284 loss=0.2772
step=18285 loss=0.7890
step=18286 loss=0.3882
step=18287 loss=0.0205
step=18288 loss=0.2759
step=18289 loss=0.6095
step=18290 loss=0.0209
step=18291 loss=0.0215
step=18292 loss=1.3723
step=18293 loss=0.7605
step=18294 loss=0.9959
step=18295 loss=0.0186
step=18296 loss=0.7800
step=18297 loss=0.0233
step=18298 loss=0.0212
step=18299 loss=0.0566
step=18300 loss=2.3448
step=18301 loss=0.5192
step=18302 loss=0.6043
step=18303 loss=0.0987
step=18304 loss=0.0224
step=18305 loss=0.0211
step=18306 loss=0.0953
step=18307 loss=0.3630
step=18308 loss=0.0218
step=18309 loss=0.2874
step=18310 loss=0.4106
step=18311 loss=0.0227
step=18312 loss=0.0196
step=18313 loss=0.3916
step=18314 loss=0.0766
step=18315 loss=0.8178
step=18316 loss=0.9296
step=18317 loss=0.7521
step=18318 loss=0.0219
step=18319 loss=0.1138
step=18320 loss=0.6598
step=18321 loss=0.9901
step=18322 loss=0.9055
step=18323 loss=0.4307
step=18324 loss=0.0606
step=18325 loss=0.1017
step=18326 loss=0.8971
step=18327 loss=0.0240
step=18328 loss=0.1357
step=18329 loss=0.5765
step=18330 loss=0.3828
step=18331 loss=0.1067
step=18332 loss=0.2256
step=18333 loss=0.3230
step=18334 loss=0.0225
step=18335 loss=0.6618
step=18336 loss=0.0718
step=18337 loss=0.2080
step=18338 loss=1.1060
step=18339 loss=0.3055
step=18340 loss=0.0711
step=18341 loss=0.0710
step=18342 loss=1.4487
step=18343 loss=0.3760
step=18344 loss=0.4093
step=18345 loss=0.5940
step=18346 loss=0.9873
step=18347 loss=0.4784
step=18348 loss=0.7534
step=18349 loss=0.0199
step=18350 loss=0.0213
step=18351 loss=0.6747
step=18352 loss=0.1495
step=18353 loss=0.5937
step=18354 loss=0.0234
step=18355 loss=0.6547
step=18356 loss=0.4730
step=18357 loss=0.0205
step=18358 loss=0.1949
step=18359 loss=0.0887
step=18360 loss=1.4943
step=18361 loss=0.0224
step=18362 loss=0.2566
step=18363 loss=0.0826
step=18364 loss=1.6086
step=18365 loss=0.1925
step=18366 loss=0.5477
step=18367 loss=0.3349
step=18368 loss=0.1136
step=18369 loss=0.6715
step=18370 loss=0.5499
step=18371 loss=0.3800
step=18372 loss=0.0245
step=18373 loss=1.1019
step=18374 loss=1.1927
step=18375 loss=0.0656
step=18376 loss=1.1270
step=18377 loss=0.1565
step=18378 loss=0.0208
step=18379 loss=1.0603
step=18380 loss=0.7544
step=18381 loss=0.2885
step=18382 loss=0.4161
step=18383 loss=0.0212
step=18384 loss=0.0653
step=18385 loss=0.1383
step=18386 loss=0.0872
step=18387 loss=0.1930
step=18388 loss=0.1573
step=18389 loss=0.1202
step=18390 loss=0.1402
step=18391 loss=0.7446
step=18392 loss=0.4625
step=18393 loss=0.0230
step=18394 loss=0.6949
step=18395 loss=0.6694
step=18396 loss=0.2632
step=18397 loss=0.6322
step=18398 loss=1.6310
step=18399 loss=0.4799
step=18400 loss=1.5823
eval_step=18400 eval_loss=0.4431 eval_ppl=1.56
step=18401 loss=0.0221
step=18402 loss=0.1302
step=18403 loss=1.0863
step=18404 loss=1.1927
step=18405 loss=0.7850
step=18406 loss=0.0574
step=18407 loss=0.1439
step=18408 loss=1.4375
step=18409 loss=0.3823
step=18410 loss=0.8343
step=18411 loss=1.2607
step=18412 loss=0.1666
step=18413 loss=1.1087
step=18414 loss=0.7825
step=18415 loss=0.0728
step=18416 loss=0.0216
step=18417 loss=0.0212
step=18418 loss=0.4926
step=18419 loss=0.3800
step=18420 loss=1.0496
step=18421 loss=0.1481
step=18422 loss=0.1320
step=18423 loss=0.0575
step=18424 loss=0.4820
step=18425 loss=0.0722
step=18426 loss=1.0466
step=18427 loss=0.5048
step=18428 loss=1.0727
step=18429 loss=0.0197
step=18430 loss=0.5452
step=18431 loss=0.0198
step=18432 loss=0.7924
step=18433 loss=0.7315
step=18434 loss=0.0216
step=18435 loss=0.1241
step=18436 loss=0.0811
step=18437 loss=0.0219
step=18438 loss=0.7972
step=18439 loss=0.1737
step=18440 loss=0.0804
step=18441 loss=0.5614
step=18442 loss=0.2907
step=18443 loss=0.7486
step=18444 loss=0.5176
step=18445 loss=1.9943
step=18446 loss=0.5057
step=18447 loss=1.3633
step=18448 loss=0.6202
step=18449 loss=0.0827
step=18450 loss=0.6324
step=18451 loss=0.1772
step=18452 loss=0.0219
step=18453 loss=0.0988
step=18454 loss=0.0196
step=18455 loss=0.1147
step=18456 loss=0.0207
step=18457 loss=0.0213
step=18458 loss=1.3210
step=18459 loss=0.0875
step=18460 loss=1.3769
step=18461 loss=0.0912
step=18462 loss=0.1245
step=18463 loss=0.4040
step=18464 loss=0.0183
step=18465 loss=0.8489
step=18466 loss=0.1170
step=18467 loss=0.0207
step=18468 loss=0.2507
step=18469 loss=0.3688
step=18470 loss=0.7956
step=18471 loss=0.4324
step=18472 loss=0.9310
step=18473 loss=0.7698
step=18474 loss=1.0245
step=18475 loss=0.1993
step=18476 loss=0.7815
step=18477 loss=0.0201
step=18478 loss=0.0700
step=18479 loss=0.9520
step=18480 loss=0.6311
step=18481 loss=1.0018
step=18482 loss=0.0234
step=18483 loss=1.6390
step=18484 loss=0.0216
step=18485 loss=0.6629
step=18486 loss=0.1190
step=18487 loss=0.2584
step=18488 loss=0.5946
step=18489 loss=0.0230
step=18490 loss=0.0218
step=18491 loss=0.4043
step=18492 loss=0.6194
step=18493 loss=0.0651
step=18494 loss=0.0175
step=18495 loss=0.0202
step=18496 loss=0.4690
step=18497 loss=0.0862
step=18498 loss=2.9246
step=18499 loss=0.6249
step=18500 loss=0.0204
step=18501 loss=0.0198
step=18502 loss=0.1080
step=18503 loss=1.0389
step=18504 loss=0.8154
step=18505 loss=0.1341
step=18506 loss=0.2889
step=18507 loss=0.1404
step=18508 loss=1.3258
step=18509 loss=0.0221
step=18510 loss=0.2413
step=18511 loss=0.0758
step=18512 loss=0.0664
step=18513 loss=0.0220
step=18514 loss=0.9443
step=18515 loss=0.0602
step=18516 loss=0.0198
step=18517 loss=0.0195
step=18518 loss=0.6514
step=18519 loss=0.2674
step=18520 loss=0.6073
step=18521 loss=0.9268
step=18522 loss=0.1122
step=18523 loss=0.4100
step=18524 loss=0.0184
step=18525 loss=0.3652
step=18526 loss=0.8991
step=18527 loss=0.0857
step=18528 loss=0.0200
step=18529 loss=0.0214
step=18530 loss=0.1598
step=18531 loss=0.0202
step=18532 loss=1.2481
step=18533 loss=1.1949
step=18534 loss=0.0190
step=18535 loss=0.7611
step=18536 loss=0.8022
step=18537 loss=0.5402
step=18538 loss=0.6879
step=18539 loss=0.3766
step=18540 loss=1.0442
step=18541 loss=1.3943
step=18542 loss=0.2087
step=18543 loss=0.5686
step=18544 loss=0.8091
step=18545 loss=0.0215
step=18546 loss=0.1625
step=18547 loss=0.5387
step=18548 loss=0.2834
step=18549 loss=0.0817
step=18550 loss=0.0201
step=18551 loss=0.0743
step=18552 loss=0.0612
step=18553 loss=0.0239
step=18554 loss=0.0834
step=18555 loss=0.8226
step=18556 loss=0.0231
step=18557 loss=0.1706
step=18558 loss=0.5788
step=18559 loss=1.1222
step=18560 loss=0.0201
step=18561 loss=0.5220
step=18562 loss=0.3719
step=18563 loss=0.6800
step=18564 loss=0.5463
step=18565 loss=0.0264
step=18566 loss=0.0256
step=18567 loss=1.2466
step=18568 loss=1.4537
step=18569 loss=0.6275
step=18570 loss=0.5412
step=18571 loss=0.6199
step=18572 loss=0.0205
step=18573 loss=0.8114
step=18574 loss=1.9166
step=18575 loss=0.0197
step=18576 loss=1.4839
step=18577 loss=0.2951
step=18578 loss=0.1200
step=18579 loss=0.4798
step=18580 loss=0.0191
step=18581 loss=1.0707
step=18582 loss=0.0189
step=18583 loss=0.8279
step=18584 loss=0.3780
step=18585 loss=0.0213
step=18586 loss=0.4353
step=18587 loss=0.0186
step=18588 loss=1.0042
step=18589 loss=0.1593
step=18590 loss=0.2351
step=18591 loss=0.7052
step=18592 loss=0.0232
step=18593 loss=0.1206
step=18594 loss=0.6537
step=18595 loss=0.0179
step=18596 loss=0.0738
step=18597 loss=0.4166
step=18598 loss=0.0230
step=18599 loss=0.3873
step=18600 loss=0.0224
eval_step=18600 eval_loss=0.4425 eval_ppl=1.56
step=18601 loss=0.0850
step=18602 loss=0.2904
step=18603 loss=0.2774
step=18604 loss=0.0217
step=18605 loss=0.0205
step=18606 loss=1.3969
step=18607 loss=0.0193
step=18608 loss=0.0576
step=18609 loss=1.3275
step=18610 loss=0.4946
step=18611 loss=0.8220
step=18612 loss=0.1257
step=18613 loss=0.9183
step=18614 loss=0.0716
step=18615 loss=0.0220
step=18616 loss=0.1524
step=18617 loss=0.8571
step=18618 loss=0.0208
step=18619 loss=0.8069
step=18620 loss=0.0838
step=18621 loss=0.4973
step=18622 loss=1.3572
step=18623 loss=0.8560
step=18624 loss=0.0996
step=18625 loss=0.0624
step=18626 loss=0.0191
step=18627 loss=0.0185
step=18628 loss=0.3135
step=18629 loss=0.3094
step=18630 loss=0.2182
step=18631 loss=0.0956
step=18632 loss=1.6015
step=18633 loss=0.8037
step=18634 loss=0.1070
step=18635 loss=0.5992
step=18636 loss=0.6164
step=18637 loss=0.6054
step=18638 loss=0.5291
step=18639 loss=1.5463
step=18640 loss=0.2687
step=18641 loss=0.5019
step=18642 loss=0.3615
step=18643 loss=0.8506
step=18644 loss=0.8687
step=18645 loss=0.0237
step=18646 loss=0.1207
step=18647 loss=0.0208
step=18648 loss=0.1824
step=18649 loss=0.6833
step=18650 loss=0.0189
step=18651 loss=1.1370
step=18652 loss=0.4119
step=18653 loss=1.4230
step=18654 loss=0.7458
step=18655 loss=0.8582
step=18656 loss=0.6626
step=18657 loss=0.2787
step=18658 loss=0.1057
step=18659 loss=0.8208
step=18660 loss=0.4472
step=18661 loss=1.0212
step=18662 loss=0.0235
step=18663 loss=0.2136
step=18664 loss=0.0955
step=18665 loss=0.8892
step=18666 loss=0.3805
step=18667 loss=0.3736
step=18668 loss=0.3741
step=18669 loss=0.5820
step=18670 loss=0.1412
step=18671 loss=0.6047
step=18672 loss=0.0211
step=18673 loss=0.0248
step=18674 loss=0.4567
step=18675 loss=2.2411
step=18676 loss=0.7505
step=18677 loss=0.0791
step=18678 loss=0.5603
step=18679 loss=0.0669
step=18680 loss=0.1296
step=18681 loss=0.4391
step=18682 loss=0.0616
step=18683 loss=0.7419
step=18684 loss=0.6125
step=18685 loss=0.0975
step=18686 loss=0.4766
step=18687 loss=0.9827
step=18688 loss=0.0220
step=18689 loss=0.0196
step=18690 loss=0.0202
step=18691 loss=0.4514
step=18692 loss=0.0203
step=18693 loss=0.3329
step=18694 loss=0.0731
step=18695 loss=0.0245
step=18696 loss=1.6296
step=18697 loss=3.2888
step=18698 loss=0.3786
step=18699 loss=0.9794
step=18700 loss=0.5821
step=18701 loss=0.7433
step=18702 loss=0.1281
step=18703 loss=0.5298
step=18704 loss=0.0233
step=18705 loss=0.1013
step=18706 loss=1.2606
step=18707 loss=0.2652
step=18708 loss=0.2549
step=18709 loss=0.0217
step=18710 loss=0.5076
step=18711 loss=0.3652
step=18712 loss=0.0213
step=18713 loss=0.0742
step=18714 loss=0.4557
step=18715 loss=0.5297
step=18716 loss=0.1274
step=18717 loss=0.6481
step=18718 loss=0.0736
step=18719 loss=0.0186
step=18720 loss=0.1194
step=18721 loss=1.0847
step=18722 loss=1.8820
step=18723 loss=0.7603
step=18724 loss=0.1068
step=18725 loss=0.2120
step=18726 loss=0.1098
step=18727 loss=0.5978
step=18728 loss=0.1187
step=18729 loss=0.6524
step=18730 loss=0.2869
step=18731 loss=0.4187
step=18732 loss=0.1025
step=18733 loss=0.6587
step=18734 loss=0.7581
step=18735 loss=0.0211
step=18736 loss=0.0924
step=18737 loss=1.3851
step=18738 loss=0.0216
step=18739 loss=0.0731
step=18740 loss=0.7344
step=18741 loss=0.0229
step=18742 loss=0.0182
step=18743 loss=0.2956
step=18744 loss=1.0460
step=18745 loss=0.3384
step=18746 loss=0.8876
step=18747 loss=0.0207
step=18748 loss=0.0762
step=18749 loss=1.6962
step=18750 loss=0.3275
step=18751 loss=0.1494
step=18752 loss=0.6549
step=18753 loss=0.0168
step=18754 loss=0.0673
step=18755 loss=1.2458
step=18756 loss=0.0219
step=18757 loss=0.2443
step=18758 loss=0.0211
step=18759 loss=0.4987
step=18760 loss=0.7317
step=18761 loss=0.3869
step=18762 loss=0.5638
step=18763 loss=0.4096
step=18764 loss=0.3860
step=18765 loss=0.5393
step=18766 loss=0.0661
step=18767 loss=0.7295
step=18768 loss=1.0634
step=18769 loss=0.4998
step=18770 loss=0.0809
step=18771 loss=0.5975
step=18772 loss=0.8167
step=18773 loss=0.0914
step=18774 loss=0.2673
step=18775 loss=0.7682
step=18776 loss=1.2299
step=18777 loss=0.0189
step=18778 loss=0.5663
step=18779 loss=0.0229
step=18780 loss=0.5344
step=18781 loss=1.5952
step=18782 loss=0.3304
step=18783 loss=0.8668
step=18784 loss=0.0190
step=18785 loss=0.5743
step=18786 loss=0.1847
step=18787 loss=0.1672
step=18788 loss=1.7645
step=18789 loss=2.8508
step=18790 loss=0.0200
step=18791 loss=0.0712
step=18792 loss=0.6640
step=18793 loss=0.6698
step=18794 loss=0.2369
step=18795 loss=1.7461
step=18796 loss=0.0197
step=18797 loss=0.0216
step=18798 loss=0.9897
step=18799 loss=0.6134
step=18800 loss=0.2971
eval_step=18800 eval_loss=0.4418 eval_ppl=1.56
step=18801 loss=0.2054
step=18802 loss=0.4889
step=18803 loss=0.8228
step=18804 loss=0.1473
step=18805 loss=3.3470
step=18806 loss=0.3203
step=18807 loss=1.1636
step=18808 loss=1.4418
step=18809 loss=0.0223
step=18810 loss=0.9774
step=18811 loss=1.1450
step=18812 loss=0.0674
step=18813 loss=0.3407
step=18814 loss=0.0179
step=18815 loss=2.6026
step=18816 loss=0.6997
step=18817 loss=0.7871
step=18818 loss=1.0327
step=18819 loss=0.1065
step=18820 loss=0.0206
step=18821 loss=0.8869
step=18822 loss=0.3701
step=18823 loss=0.1834
step=18824 loss=0.0612
step=18825 loss=0.3154
step=18826 loss=0.6991
step=18827 loss=0.9600
step=18828 loss=1.1596
step=18829 loss=1.5156
step=18830 loss=1.1042
step=18831 loss=0.4857
step=18832 loss=0.0181
step=18833 loss=0.3831
step=18834 loss=0.8617
step=18835 loss=0.3981
step=18836 loss=0.3562
step=18837 loss=0.8473
step=18838 loss=0.0191
step=18839 loss=0.1326
step=18840 loss=0.4564
step=18841 loss=1.1049
step=18842 loss=0.9875
step=18843 loss=0.0260
step=18844 loss=0.3777
step=18845 loss=0.5292
step=18846 loss=0.0204
step=18847 loss=1.0430
step=18848 loss=1.0426
step=18849 loss=1.4774
step=18850 loss=0.1125
step=18851 loss=0.0205
step=18852 loss=0.2387
step=18853 loss=0.7978
step=18854 loss=0.1665
step=18855 loss=0.9819
step=18856 loss=1.7496
step=18857 loss=0.9557
step=18858 loss=0.9740
step=18859 loss=0.9579
step=18860 loss=0.0920
step=18861 loss=0.0249
step=18862 loss=0.7074
step=18863 loss=0.4319
step=18864 loss=2.0762
step=18865 loss=0.1372
step=18866 loss=0.0213
step=18867 loss=0.0720
step=18868 loss=0.0782
step=18869 loss=0.3881
step=18870 loss=0.2006
step=18871 loss=0.0210
step=18872 loss=0.8217
step=18873 loss=0.4426
step=18874 loss=2.5638
step=18875 loss=0.1219
step=18876 loss=0.1045
step=18877 loss=0.1153
step=18878 loss=0.3001
step=18879 loss=0.5300
step=18880 loss=1.2113
step=18881 loss=0.8744
step=18882 loss=0.8677
step=18883 loss=0.4700
step=18884 loss=0.0729
step=18885 loss=0.0614
step=18886 loss=0.2984
step=18887 loss=0.2952
step=18888 loss=0.0633
step=18889 loss=0.0209
step=18890 loss=0.1009
step=18891 loss=0.3294
step=18892 loss=0.2497
step=18893 loss=0.0735
step=18894 loss=0.0588
step=18895 loss=0.6335
step=18896 loss=1.1794
step=18897 loss=0.0200
step=18898 loss=0.8906
step=18899 loss=0.4879
step=18900 loss=0.1307
step=18901 loss=0.0191
step=18902 loss=0.7339
step=18903 loss=0.5774
step=18904 loss=0.7082
step=18905 loss=0.6067
step=18906 loss=1.5941
step=18907 loss=0.0631
step=18908 loss=0.3487
step=18909 loss=0.4195
step=18910 loss=0.1060
step=18911 loss=0.5095
step=18912 loss=0.9537
step=18913 loss=0.0185
step=18914 loss=0.9804
step=18915 loss=0.1354
step=18916 loss=0.6094
step=18917 loss=0.7958
step=18918 loss=0.0192
step=18919 loss=0.7515
step=18920 loss=1.2709
step=18921 loss=0.1474
step=18922 loss=0.0184
step=18923 loss=0.5901
step=18924 loss=0.4758
step=18925 loss=0.3068
step=18926 loss=0.1413
step=18927 loss=1.2917
step=18928 loss=0.4569
step=18929 loss=0.8377
step=18930 loss=0.0979
step=18931 loss=0.1523
step=18932 loss=0.1009
step=18933 loss=0.6954
step=18934 loss=0.4343
step=18935 loss=0.9416
step=18936 loss=0.4671
step=18937 loss=1.0962
step=18938 loss=0.4769
step=18939 loss=1.2686
step=18940 loss=1.5200
step=18941 loss=0.0903
step=18942 loss=0.2098
step=18943 loss=0.1228
step=18944 loss=0.7684
step=18945 loss=0.5775
step=18946 loss=1.2407
step=18947 loss=1.3078
step=18948 loss=0.4817
step=18949 loss=0.6728
step=18950 loss=1.0283
step=18951 loss=0.1309
step=18952 loss=0.0228
step=18953 loss=0.0199
step=18954 loss=0.7887
step=18955 loss=0.5611
step=18956 loss=0.0802
step=18957 loss=0.2242
step=18958 loss=0.9216
step=18959 loss=0.7054
step=18960 loss=1.0450
step=18961 loss=0.7543
step=18962 loss=1.5938
step=18963 loss=0.0217
step=18964 loss=0.5368
step=18965 loss=0.6460
step=18966 loss=0.1861
step=18967 loss=0.5354
step=18968 loss=0.8246
step=18969 loss=1.1595
step=18970 loss=0.3538
step=18971 loss=0.0179
step=18972 loss=0.0802
step=18973 loss=0.0185
step=18974 loss=0.8121
step=18975 loss=0.0839
step=18976 loss=0.0627
step=18977 loss=0.9512
step=18978 loss=0.0205
step=18979 loss=0.1864
step=18980 loss=0.8005
step=18981 loss=0.1927
step=18982 loss=0.0269
step=18983 loss=0.0194
step=18984 loss=2.1530
step=18985 loss=0.7357
step=18986 loss=1.0362
step=18987 loss=0.6779
step=18988 loss=0.0213
step=18989 loss=0.0235
step=18990 loss=0.2567
step=18991 loss=0.0672
step=18992 loss=0.7354
step=18993 loss=1.1449
step=18994 loss=0.0202
step=18995 loss=0.0188
step=18996 loss=0.0237
step=18997 loss=0.1102
step=18998 loss=0.0787
step=18999 loss=0.1354
step=19000 loss=0.3737
eval_step=19000 eval_loss=0.4412 eval_ppl=1.55
step=19001 loss=0.2032
step=19002 loss=0.0186
step=19003 loss=0.1203
step=19004 loss=0.8037
step=19005 loss=0.6203
step=19006 loss=0.7399
step=19007 loss=0.6425
step=19008 loss=0.0187
step=19009 loss=0.1564
step=19010 loss=0.8223
step=19011 loss=0.1377
step=19012 loss=0.0194
step=19013 loss=0.5999
step=19014 loss=1.8971
step=19015 loss=1.2827
step=19016 loss=0.3909
step=19017 loss=0.0718
step=19018 loss=0.0834
step=19019 loss=0.0185
step=19020 loss=1.0865
step=19021 loss=0.0197
step=19022 loss=0.4217
step=19023 loss=0.7261
step=19024 loss=0.0198
step=19025 loss=0.4266
step=19026 loss=0.5481
step=19027 loss=0.6397
step=19028 loss=0.0872
step=19029 loss=0.1149
step=19030 loss=0.0761
step=19031 loss=0.0175
step=19032 loss=0.1025
step=19033 loss=0.1281
step=19034 loss=1.2950
step=19035 loss=0.5277
step=19036 loss=0.2956
step=19037 loss=0.3843
step=19038 loss=0.3487
step=19039 loss=1.3642
step=19040 loss=0.2533
step=19041 loss=0.8887
step=19042 loss=0.0804
step=19043 loss=0.3552
step=19044 loss=1.9878
step=19045 loss=0.6246
step=19046 loss=0.3750
step=19047 loss=0.5738
step=19048 loss=0.1080
step=19049 loss=0.1107
step=19050 loss=0.4653
step=19051 loss=0.4589
step=19052 loss=0.0629
step=19053 loss=1.3215
step=19054 loss=0.0194
step=19055 loss=0.0166
step=19056 loss=0.0741
step=19057 loss=0.6029
step=19058 loss=0.3230
step=19059 loss=0.4252
step=19060 loss=0.5721
step=19061 loss=0.2914
step=19062 loss=0.0187
step=19063 loss=0.7467
step=19064 loss=0.8142
step=19065 loss=0.4621
step=19066 loss=0.1950
step=19067 loss=1.4042
step=19068 loss=0.1031
step=19069 loss=0.6470
step=19070 loss=2.7692
step=19071 loss=0.1550
step=19072 loss=1.0993
step=19073 loss=0.0200
step=19074 loss=0.0832
step=19075 loss=0.0225
step=19076 loss=0.9716
step=19077 loss=0.2120
step=19078 loss=1.2427
step=19079 loss=0.0703
step=19080 loss=0.4056
step=19081 loss=0.4472
step=19082 loss=0.0633
step=19083 loss=1.0390
step=19084 loss=0.1723
step=19085 loss=1.3860
step=19086 loss=0.2719
step=19087 loss=0.7259
step=19088 loss=0.7453
step=19089 loss=0.0179
step=19090 loss=0.0785
step=19091 loss=0.4031
step=19092 loss=0.1070
step=19093 loss=0.4018
step=19094 loss=0.0196
step=19095 loss=0.1112
step=19096 loss=0.8641
step=19097 loss=1.4941
step=19098 loss=0.2749
step=19099 loss=0.8663
step=19100 loss=0.7180
step=19101 loss=0.0191
step=19102 loss=1.2311
step=19103 loss=0.0180
step=19104 loss=0.0226
step=19105 loss=0.1859
step=19106 loss=0.0192
step=19107 loss=0.0210
step=19108 loss=0.0684
step=19109 loss=1.0725
step=19110 loss=0.1857
step=19111 loss=0.6316
step=19112 loss=0.2474
step=19113 loss=0.1732
step=19114 loss=1.0138
step=19115 loss=0.0213
step=19116 loss=0.7451
step=19117 loss=0.0170
step=19118 loss=1.2015
step=19119 loss=0.1885
step=19120 loss=0.0200
step=19121 loss=0.7647
step=19122 loss=0.0626
step=19123 loss=0.6155
step=19124 loss=0.1312
step=19125 loss=1.0549
step=19126 loss=0.0185
step=19127 loss=1.0684
step=19128 loss=1.3070
step=19129 loss=0.6125
step=19130 loss=0.4229
step=19131 loss=0.0723
step=19132 loss=0.1133
step=19133 loss=0.0763
step=19134 loss=0.4709
step=19135 loss=0.8237
step=19136 loss=0.0668
step=19137 loss=0.0651
step=19138 loss=0.4528
step=19139 loss=0.0842
step=19140 loss=0.0220
step=19141 loss=0.0587
step=19142 loss=0.7275
step=19143 loss=0.0172
step=19144 loss=0.1604
step=19145 loss=1.1216
step=19146 loss=0.0625
step=19147 loss=2.0884
step=19148 loss=0.0201
step=19149 loss=0.7242
step=19150 loss=0.0762
step=19151 loss=0.5510
step=19152 loss=0.3913
step=19153 loss=0.6660
step=19154 loss=1.0268
step=19155 loss=0.0197
step=19156 loss=0.0196
step=19157 loss=0.0219
step=19158 loss=0.0194
step=19159 loss=0.0615
step=19160 loss=0.0643
step=19161 loss=0.0675
step=19162 loss=1.3290
step=19163 loss=0.0193
step=19164 loss=0.0645
step=19165 loss=0.3459
step=19166 loss=0.1090
step=19167 loss=0.0194
step=19168 loss=0.0894
step=19169 loss=0.0180
step=19170 loss=0.1716
step=19171 loss=0.5591
step=19172 loss=0.0194
step=19173 loss=0.0201
step=19174 loss=0.0181
step=19175 loss=0.9814
step=19176 loss=1.0388
step=19177 loss=0.6207
step=19178 loss=1.1519
step=19179 loss=1.0928
step=19180 loss=2.3226
step=19181 loss=0.9175
step=19182 loss=0.0197
step=19183 loss=0.7558
step=19184 loss=0.0680
step=19185 loss=0.1348
step=19186 loss=0.2336
step=19187 loss=0.9738
step=19188 loss=0.5768
step=19189 loss=1.1008
step=19190 loss=0.4870
step=19191 loss=0.7126
step=19192 loss=0.5472
step=19193 loss=0.0637
step=19194 loss=0.2979
step=19195 loss=0.6236
step=19196 loss=0.3608
step=19197 loss=1.5222
step=19198 loss=1.0646
step=19199 loss=0.0185
step=19200 loss=0.0635
eval_step=19200 eval_loss=0.4406 eval_ppl=1.55
step=19201 loss=0.1564
step=19202 loss=1.1200
step=19203 loss=0.1005
step=19204 loss=1.1365
step=19205 loss=0.0180
step=19206 loss=0.2868
step=19207 loss=1.2599
step=19208 loss=1.0500
step=19209 loss=0.8511
step=19210 loss=0.0194
step=19211 loss=0.5208
step=19212 loss=0.0227
step=19213 loss=0.1127
step=19214 loss=0.7753
step=19215 loss=0.0196
step=19216 loss=0.9337
step=19217 loss=0.9662
step=19218 loss=1.1019
step=19219 loss=0.1330
step=19220 loss=0.0218
step=19221 loss=1.0681
step=19222 loss=0.1094
step=19223 loss=0.4294
step=19224 loss=0.0208
step=19225 loss=0.4405
step=19226 loss=0.8062
step=19227 loss=0.8016
step=19228 loss=0.0187
step=19229 loss=0.4844
step=19230 loss=0.7182
step=19231 loss=0.3264
step=19232 loss=0.2464
step=19233 loss=0.0209
step=19234 loss=0.0193
step=19235 loss=0.9643
step=19236 loss=0.5898
step=19237 loss=0.3467
step=19238 loss=0.3906
step=19239 loss=0.1195
step=19240 loss=0.5830
step=19241 loss=0.7363
step=19242 loss=0.4136
step=19243 loss=0.4306
step=19244 loss=0.7795
step=19245 loss=0.0180
step=19246 loss=0.9803
step=19247 loss=0.7775
step=19248 loss=0.0591
step=19249 loss=0.0222
step=19250 loss=0.4901
step=19251 loss=0.0578
step=19252 loss=0.6221
step=19253 loss=0.0163
step=19254 loss=0.2853
step=19255 loss=0.0820
step=19256 loss=0.8146
step=19257 loss=0.0883
step=19258 loss=0.0235
step=19259 loss=1.4089
step=19260 loss=0.8563
step=19261 loss=0.0200
step=19262 loss=0.1042
step=19263 loss=0.3230
step=19264 loss=0.2954
step=19265 loss=0.3306
step=19266 loss=0.0193
step=19267 loss=0.3413
step=19268 loss=0.9069
step=19269 loss=0.8102
step=19270 loss=0.2617
step=19271 loss=0.0208
step=19272 loss=0.8445
step=19273 loss=1.0036
step=19274 loss=0.2630
step=19275 loss=0.0181
step=19276 loss=0.1296
step=19277 loss=0.9488
step=19278 loss=0.9186
step=19279 loss=0.3990
step=19280 loss=0.2637
step=19281 loss=0.0186
step=19282 loss=0.0860
step=19283 loss=0.0212
step=19284 loss=0.6217
step=19285 loss=0.0181
step=19286 loss=0.0201
step=19287 loss=0.6792
step=19288 loss=1.8921
step=19289 loss=0.4550
step=19290 loss=0.8099
step=19291 loss=0.4242
step=19292 loss=0.1816
step=19293 loss=0.4546
step=19294 loss=0.0194
step=19295 loss=0.4418
step=19296 loss=0.3287
step=19297 loss=0.6310
step=19298 loss=0.4870
step=19299 loss=0.3627
step=19300 loss=0.5337
step=19301 loss=0.0763
step=19302 loss=0.4806
step=19303 loss=0.4798
step=19304 loss=1.0449
step=19305 loss=0.4628
step=19306 loss=0.7082
step=19307 loss=0.2485
step=19308 loss=0.5056
step=19309 loss=2.0508
step=19310 loss=0.1221
step=19311 loss=0.1697
step=19312 loss=0.1302
step=19313 loss=0.6560
step=19314 loss=0.0198
step=19315 loss=0.5366
step=19316 loss=0.6082
step=19317 loss=0.4621
step=19318 loss=0.0994
step=19319 loss=0.6379
step=19320 loss=0.2739
step=19321 loss=0.7529
step=19322 loss=0.0818
step=19323 loss=0.0698
step=19324 loss=0.0574
step=19325 loss=0.5009
step=19326 loss=0.8320
step=19327 loss=0.8247
step=19328 loss=0.7948
step=19329 loss=0.0749
step=19330 loss=0.0207
step=19331 loss=0.1946
step=19332 loss=0.9034
step=19333 loss=0.1045
step=19334 loss=1.1955
step=19335 loss=0.0170
step=19336 loss=0.0178
step=19337 loss=0.1278
step=19338 loss=0.5486
step=19339 loss=0.1109
step=19340 loss=0.0203
step=19341 loss=0.0189
step=19342 loss=1.4298
step=19343 loss=0.5866
step=19344 loss=0.4265
step=19345 loss=0.1400
step=19346 loss=0.0736
step=19347 loss=0.7141
step=19348 loss=0.0772
step=19349 loss=0.3856
step=19350 loss=1.2077
step=19351 loss=0.0768
step=19352 loss=0.1021
step=19353 loss=1.0146
step=19354 loss=0.0661
step=19355 loss=0.2150
step=19356 loss=0.0730
step=19357 loss=0.0631
step=19358 loss=0.0770
step=19359 loss=1.1076
step=19360 loss=0.6730
step=19361 loss=0.0241
step=19362 loss=2.3818
step=19363 loss=0.2852
step=19364 loss=1.3991
step=19365 loss=0.0171
step=19366 loss=1.1801
step=19367 loss=0.2672
step=19368 loss=0.6168
step=19369 loss=0.2366
step=19370 loss=0.3375
step=19371 loss=0.1293
step=19372 loss=0.2029
step=19373 loss=0.6268
step=19374 loss=0.8122
step=19375 loss=0.9204
step=19376 loss=0.0213
step=19377 loss=0.2755
step=19378 loss=0.0174
step=19379 loss=0.1076
step=19380 loss=0.0189
step=19381 loss=0.0706
step=19382 loss=1.6205
step=19383 loss=1.4197
step=19384 loss=0.0613
step=19385 loss=1.4206
step=19386 loss=0.0173
step=19387 loss=0.6504
step=19388 loss=1.4394
step=19389 loss=0.0186
step=19390 loss=0.0191
step=19391 loss=0.4517
step=19392 loss=0.7644
step=19393 loss=0.0202
step=19394 loss=0.7137
step=19395 loss=0.3170
step=19396 loss=0.6305
step=19397 loss=0.0201
step=19398 loss=1.0223
step=19399 loss=0.0768
step=19400 loss=0.0191
eval_step=19400 eval_loss=0.4400 eval_ppl=1.55
step=19401 loss=0.1882
step=19402 loss=0.3579
step=19403 loss=0.7464
step=19404 loss=0.7469
step=19405 loss=0.4951
step=19406 loss=0.0643
step=19407 loss=0.8551
step=19408 loss=0.1998
step=19409 loss=0.0904
step=19410 loss=0.0179
step=19411 loss=0.2113
step=19412 loss=0.6025
step=19413 loss=0.6081
step=19414 loss=0.0213
step=19415 loss=0.3217
step=19416 loss=2.3987
step=19417 loss=0.4270
step=19418 loss=0.0888
step=19419 loss=0.7337
step=19420 loss=0.0216
step=19421 loss=0.0712
step=19422 loss=0.6054
step=19423 loss=0.2240
step=19424 loss=0.2779
step=19425 loss=1.0492
step=19426 loss=0.2057
step=19427 loss=0.0158
step=19428 loss=0.3486
step=19429 loss=1.0638
step=19430 loss=0.2150
step=19431 loss=0.4061
step=19432 loss=0.0181
step=19433 loss=0.1561
step=19434 loss=0.5871
step=19435 loss=0.9108
step=19436 loss=0.9097
step=19437 loss=0.4894
step=19438 loss=0.4889
step=19439 loss=0.7491
step=19440 loss=1.3116
step=19441 loss=0.4608
step=19442 loss=0.0202
step=19443 loss=0.0187
step=19444 loss=0.1299
step=19445 loss=1.7746
step=19446 loss=0.3662
step=19447 loss=0.0759
step=19448 loss=0.9057
step=19449 loss=0.5427
step=19450 loss=0.0165
step=19451 loss=0.6324
step=19452 loss=0.1071
step=19453 loss=0.8041
step=19454 loss=0.0616
step=19455 loss=0.7410
step=19456 loss=0.4326
step=19457 loss=0.3205
step=19458 loss=1.0288
step=19459 loss=0.8574
step=19460 loss=0.0183
step=19461 loss=0.0222
step=19462 loss=0.0233
step=19463 loss=0.7537
step=19464 loss=0.5309
step=19465 loss=0.6562
step=19466 loss=0.6785
step=19467 loss=1.2424
step=19468 loss=0.0195
step=19469 loss=0.1692
step=19470 loss=0.2427
step=19471 loss=0.0711
step=19472 loss=0.0583
step=19473 loss=0.4203
step=19474 loss=0.5040
step=19475 loss=0.0200
step=19476 loss=1.5050
step=19477 loss=0.0699
step=19478 loss=0.1058
step=19479 loss=0.1570
step=19480 loss=0.0731
step=19481 loss=0.1214
step=19482 loss=0.2529
step=19483 loss=0.9268
step=19484 loss=0.0172
step=19485 loss=0.4775
step=19486 loss=0.4646
step=19487 loss=0.0189
step=19488 loss=0.7073
step=19489 loss=0.7922
step=19490 loss=0.4011
step=19491 loss=0.6122
step=19492 loss=0.2527
step=19493 loss=0.5461
step=19494 loss=0.1250
step=19495 loss=0.4855
step=19496 loss=0.5277
step=19497 loss=0.6147
step=19498 loss=0.0198
step=19499 loss=0.0180
step=19500 loss=0.1392
step=19501 loss=0.6595
step=19502 loss=1.0319
step=19503 loss=0.1235
step=19504 loss=0.5207
step=19505 loss=0.4384
step=19506 loss=0.6552
step=19507 loss=0.0744
step=19508 loss=0.1462
step=19509 loss=0.3757
step=19510 loss=0.5646
step=19511 loss=0.0188
step=19512 loss=0.4503
step=19513 loss=0.4025
step=19514 loss=1.1828
step=19515 loss=1.0467
step=19516 loss=0.4987
step=19517 loss=0.0186
step=19518 loss=0.1474
step=19519 loss=0.0605
step=19520 loss=0.0199
step=19521 loss=0.0278
step=19522 loss=0.0203
step=19523 loss=0.0177
step=19524 loss=1.0044
step=19525 loss=0.5264
step=19526 loss=0.6760
step=19527 loss=1.9832
step=19528 loss=0.0682
step=19529 loss=0.8271
step=19530 loss=0.5169
step=19531 loss=1.3356
step=19532 loss=1.0878
step=19533 loss=1.5428
step=19534 loss=1.0858
step=19535 loss=0.8564
step=19536 loss=0.0187
step=19537 loss=0.2491
step=19538 loss=0.0700
step=19539 loss=1.5259
step=19540 loss=0.3389
step=19541 loss=0.7994
step=19542 loss=1.5203
step=19543 loss=0.2819
step=19544 loss=1.4810
step=19545 loss=0.8306
step=19546 loss=0.3943
step=19547 loss=0.1982
step=19548 loss=0.6860
step=19549 loss=0.2476
step=19550 loss=1.5312
step=19551 loss=1.0909
step=19552 loss=0.9680
step=19553 loss=1.4975
step=19554 loss=0.0171
step=19555 loss=0.8260
step=19556 loss=0.1028
step=19557 loss=0.1275
step=19558 loss=0.1678
step=19559 loss=0.0201
step=19560 loss=0.5414
step=19561 loss=0.1121
step=19562 loss=0.2074
step=19563 loss=0.2983
step=19564 loss=0.0611
step=19565 loss=0.8188
step=19566 loss=0.0191
step=19567 loss=0.2784
step=19568 loss=0.0189
step=19569 loss=1.6835
step=19570 loss=0.9236
step=19571 loss=0.1738
step=19572 loss=0.6333
step=19573 loss=0.6082
step=19574 loss=1.3209
step=19575 loss=0.5954
step=19576 loss=0.0182
step=19577 loss=0.0979
step=19578 loss=0.5211
step=19579 loss=0.0180
step=19580 loss=0.7898
step=19581 loss=0.4053
step=19582 loss=0.0175
step=19583 loss=0.4008
step=19584 loss=0.2649
step=19585 loss=0.5923
step=19586 loss=0.1156
step=19587 loss=0.1135
step=19588 loss=0.0157
step=19589 loss=0.3591
step=19590 loss=1.1159
step=19591 loss=0.6686
step=19592 loss=0.0721
step=19593 loss=0.0667
step=19594 loss=0.1544
step=19595 loss=0.1188
step=19596 loss=1.4769
step=19597 loss=1.5684
step=19598 loss=0.0203
step=19599 loss=0.6485
step=19600 loss=0.1305
eval_step=19600 eval_loss=0.4394 eval_ppl=1.55
step=19601 loss=1.2167
step=19602 loss=0.0166
step=19603 loss=0.4665
step=19604 loss=0.4762
step=19605 loss=0.4591
step=19606 loss=0.5194
step=19607 loss=0.8573
step=19608 loss=0.0178
step=19609 loss=0.0183
step=19610 loss=1.1710
step=19611 loss=0.0205
step=19612 loss=0.0175
step=19613 loss=0.0172
step=19614 loss=1.5557
step=19615 loss=0.0234
step=19616 loss=0.5987
step=19617 loss=1.3788
step=19618 loss=0.2592
step=19619 loss=0.8053
step=19620 loss=0.0180
step=19621 loss=0.0179
step=19622 loss=0.6001
step=19623 loss=1.6166
step=19624 loss=1.0786
step=19625 loss=0.3477
step=19626 loss=0.0180
step=19627 loss=1.0187
step=19628 loss=0.7957
step=19629 loss=0.5837
step=19630 loss=0.0228
step=19631 loss=0.5499
step=19632 loss=0.5995
step=19633 loss=0.6491
step=19634 loss=0.8805
step=19635 loss=1.1882
step=19636 loss=0.9615
step=19637 loss=1.1439
step=19638 loss=0.3995
step=19639 loss=0.4094
step=19640 loss=0.1447
step=19641 loss=0.4936
step=19642 loss=0.4424
step=19643 loss=0.0165
step=19644 loss=0.6072
step=19645 loss=0.3312
step=19646 loss=0.9439
step=19647 loss=1.9952
step=19648 loss=1.4521
step=19649 loss=0.8445
step=19650 loss=1.2318
step=19651 loss=0.0197
step=19652 loss=0.0629
step=19653 loss=0.0645
step=19654 loss=0.1249
step=19655 loss=0.0178
step=19656 loss=0.0745
step=19657 loss=0.0660
step=19658 loss=0.4767
step=19659 loss=0.2536
step=19660 loss=0.0594
step=19661 loss=1.0545
step=19662 loss=0.0186
step=19663 loss=0.4153
step=19664 loss=0.9745
step=19665 loss=0.0173
step=19666 loss=0.0174
step=19667 loss=0.4439
step=19668 loss=1.0843
step=19669 loss=0.7214
step=19670 loss=0.3248
step=19671 loss=0.0927
step=19672 loss=0.1243
step=19673 loss=0.3508
step=19674 loss=1.3179
step=19675 loss=0.0184
step=19676 loss=0.8229
step=19677 loss=1.2823
step=19678 loss=0.7312
step=19679 loss=0.5176
step=19680 loss=0.7073
step=19681 loss=0.0186
step=19682 loss=0.0193
step=19683 loss=0.1288
step=19684 loss=0.0185
step=19685 loss=0.5882
step=19686 loss=0.9457
step=19687 loss=0.4838
step=19688 loss=0.1200
step=19689 loss=0.7807
step=19690 loss=0.1164
step=19691 loss=0.6616
step=19692 loss=0.1113
step=19693 loss=0.0192
step=19694 loss=0.1809
step=19695 loss=0.5733
step=19696 loss=1.3906
step=19697 loss=0.0732
step=19698 loss=0.1884
step=19699 loss=0.0444
step=19700 loss=1.0817
step=19701 loss=0.0207
step=19702 loss=0.0169
step=19703 loss=0.7558
step=19704 loss=0.7506
step=19705 loss=0.4293
step=19706 loss=0.1354
step=19707 loss=0.0175
step=19708 loss=0.4248
step=19709 loss=0.4150
step=19710 loss=0.4658
step=19711 loss=0.2831
step=19712 loss=0.6395
step=19713 loss=0.4955
step=19714 loss=0.2875
step=19715 loss=0.6146
step=19716 loss=0.5706
step=19717 loss=0.4092
step=19718 loss=0.0600
step=19719 loss=0.1138
step=19720 loss=0.0216
step=19721 loss=0.0176
step=19722 loss=1.6305
step=19723 loss=0.0230
step=19724 loss=1.2452
step=19725 loss=0.1141
step=19726 loss=0.5918
step=19727 loss=0.7825
step=19728 loss=0.2179
step=19729 loss=0.1887
step=19730 loss=0.6309
step=19731 loss=0.0146
step=19732 loss=0.4808
step=19733 loss=0.8379
step=19734 loss=0.4190
step=19735 loss=0.6128
step=19736 loss=0.0918
step=19737 loss=0.0167
step=19738 loss=0.1153
step=19739 loss=0.0192
step=19740 loss=0.0173
step=19741 loss=1.0760
step=19742 loss=0.0718
step=19743 loss=0.1190
step=19744 loss=0.0176
step=19745 loss=1.2165
step=19746 loss=0.3815
step=19747 loss=0.1362
step=19748 loss=0.5570
step=19749 loss=0.8709
step=19750 loss=1.2948
step=19751 loss=0.4124
step=19752 loss=0.0201
step=19753 loss=0.0666
step=19754 loss=0.0183
step=19755 loss=0.0202
step=19756 loss=0.0209
step=19757 loss=0.0166
step=19758 loss=0.6523
step=19759 loss=0.5128
step=19760 loss=0.0164
step=19761 loss=0.5792
step=19762 loss=0.0180
step=19763 loss=0.6381
step=19764 loss=1.3992
step=19765 loss=0.5195
step=19766 loss=0.0177
step=19767 loss=1.7597
step=19768 loss=0.0205
step=19769 loss=0.1821
step=19770 loss=0.3848
step=19771 loss=1.0891
step=19772 loss=0.2592
step=19773 loss=0.3257
step=19774 loss=0.1301
step=19775 loss=0.1007
step=19776 loss=0.1323
step=19777 loss=0.4146
step=19778 loss=0.7368
step=19779 loss=0.1227
step=19780 loss=0.2192
step=19781 loss=1.0335
step=19782 loss=0.0605
step=19783 loss=0.6961
step=19784 loss=0.4780
step=19785 loss=0.5447
step=19786 loss=0.7319
step=19787 loss=0.0842
step=19788 loss=0.2456
step=19789 loss=0.6279
step=19790 loss=0.6243
step=19791 loss=0.0172
step=19792 loss=0.0589
step=19793 loss=0.0168
step=19794 loss=0.6876
step=19795 loss=0.4927
step=19796 loss=0.6475
step=19797 loss=0.5676
step=19798 loss=0.4944
step=19799 loss=0.0174
step=19800 loss=1.0697
eval_step=19800 eval_loss=0.4389 eval_ppl=1.55
step=19801 loss=0.0173
step=19802 loss=0.0167
step=19803 loss=0.0202
step=19804 loss=0.2810
step=19805 loss=0.0152
step=19806 loss=0.7120
step=19807 loss=0.3843
step=19808 loss=0.4979
step=19809 loss=0.8384
step=19810 loss=0.7860
step=19811 loss=0.0171
step=19812 loss=0.4988
step=19813 loss=0.9882
step=19814 loss=0.4738
step=19815 loss=0.6925
step=19816 loss=0.0173
step=19817 loss=0.0203
step=19818 loss=0.4075
step=19819 loss=0.0574
step=19820 loss=0.9062
step=19821 loss=0.3920
step=19822 loss=0.1374
step=19823 loss=0.0941
step=19824 loss=0.0175
step=19825 loss=0.0158
step=19826 loss=0.0224
step=19827 loss=0.1607
step=19828 loss=1.6698
step=19829 loss=0.8449
step=19830 loss=0.0214
step=19831 loss=0.3413
step=19832 loss=0.1183
step=19833 loss=0.8587
step=19834 loss=0.8157
step=19835 loss=0.1192
step=19836 loss=1.1721
step=19837 loss=0.4334
step=19838 loss=0.5670
step=19839 loss=0.0164
step=19840 loss=0.1289
step=19841 loss=0.3748
step=19842 loss=0.0679
step=19843 loss=0.2327
step=19844 loss=0.0187
step=19845 loss=1.4939
step=19846 loss=0.0936
step=19847 loss=0.6212
step=19848 loss=0.0250
step=19849 loss=0.2898
step=19850 loss=0.0643
step=19851 loss=1.2550
step=19852 loss=0.8319
step=19853 loss=0.0127
step=19854 loss=0.9116
step=19855 loss=0.9249
step=19856 loss=1.0304
step=19857 loss=1.7654
step=19858 loss=0.8445
step=19859 loss=1.0169
step=19860 loss=0.0513
step=19861 loss=0.8588
step=19862 loss=0.3222
step=19863 loss=0.6172
step=19864 loss=0.0916
step=19865 loss=0.1546
step=19866 loss=1.4873
step=19867 loss=0.0177
step=19868 loss=0.8439
step=19869 loss=0.7052
step=19870 loss=0.1293
step=19871 loss=0.2256
step=19872 loss=0.2443
step=19873 loss=0.0173
step=19874 loss=0.9089
step=19875 loss=0.0602
step=19876 loss=0.0190
step=19877 loss=0.7961
step=19878 loss=0.0176
step=19879 loss=0.0166
step=19880 loss=1.0008
step=19881 loss=0.0191
step=19882 loss=0.0800
step=19883 loss=0.0162
step=19884 loss=0.0227
step=19885 loss=0.0166
step=19886 loss=0.2404
step=19887 loss=0.0160
step=19888 loss=0.9413
step=19889 loss=0.4893
step=19890 loss=0.4495
step=19891 loss=0.9421
step=19892 loss=0.3415
step=19893 loss=0.0162
step=19894 loss=1.0219
step=19895 loss=0.3716
step=19896 loss=0.7261
step=19897 loss=0.0154
step=19898 loss=1.2927
step=19899 loss=0.8327
step=19900 loss=0.8447
step=19901 loss=0.0160
step=19902 loss=0.4141
step=19903 loss=0.1336
step=19904 loss=1.7101
step=19905 loss=0.3724
step=19906 loss=0.0190
step=19907 loss=0.0903
step=19908 loss=0.4183
step=19909 loss=0.4307
step=19910 loss=0.2548
step=19911 loss=0.0575
step=19912 loss=0.6066
step=19913 loss=0.6865
step=19914 loss=0.0150
step=19915 loss=0.0895
step=19916 loss=0.0868
step=19917 loss=0.0672
step=19918 loss=0.0163
step=19919 loss=0.9754
step=19920 loss=1.5264
step=19921 loss=0.6762
step=19922 loss=1.0497
step=19923 loss=0.7968
step=19924 loss=0.1278
step=19925 loss=0.0173
step=19926 loss=0.8329
step=19927 loss=0.0187
step=19928 loss=1.8114
step=19929 loss=0.3145
step=19930 loss=0.5375
step=19931 loss=0.1223
step=19932 loss=0.4849
step=19933 loss=0.2293
step=19934 loss=2.9773
step=19935 loss=0.0183
step=19936 loss=0.0171
step=19937 loss=0.5126
step=19938 loss=0.4722
step=19939 loss=0.0174
step=19940 loss=0.5619
step=19941 loss=0.1142
step=19942 loss=0.0173
step=19943 loss=0.2101
step=19944 loss=0.0917
step=19945 loss=0.0809
step=19946 loss=0.7285
step=19947 loss=0.8566
step=19948 loss=0.6550
step=19949 loss=1.2639
step=19950 loss=0.4924
step=19951 loss=0.1138
step=19952 loss=0.2196
step=19953 loss=0.2189
step=19954 loss=0.0171
step=19955 loss=0.5568
step=19956 loss=0.1195
step=19957 loss=0.7094
step=19958 loss=0.6262
step=19959 loss=0.1658
step=19960 loss=0.0632
step=19961 loss=0.3778
step=19962 loss=1.0081
step=19963 loss=0.8009
step=19964 loss=1.1424
step=19965 loss=0.0685
step=19966 loss=0.6160
step=19967 loss=0.0567
step=19968 loss=0.0850
step=19969 loss=0.6222
step=19970 loss=0.1234
step=19971 loss=0.0188
step=19972 loss=0.1361
step=19973 loss=0.0183
step=19974 loss=0.0184
step=19975 loss=0.6760
step=19976 loss=0.4106
step=19977 loss=0.7620
step=19978 loss=0.0798
step=19979 loss=0.4668
step=19980 loss=0.4064
step=19981 loss=0.2736
step=19982 loss=0.2821
step=19983 loss=0.0173
step=19984 loss=0.5563
step=19985 loss=0.8211
step=19986 loss=1.2698
step=19987 loss=0.6398
step=19988 loss=0.0163
step=19989 loss=0.0832
step=19990 loss=0.0918
step=19991 loss=0.0163
step=19992 loss=1.3581
step=19993 loss=0.1276
step=19994 loss=1.6171
step=19995 loss=0.0155
step=19996 loss=0.0181
step=19997 loss=0.3757
step=19998 loss=0.7536
step=19999 loss=0.7651
step=20000 loss=0.0935
eval_step=20000 eval_loss=0.4384 eval_ppl=1.55
step=20001 loss=0.8053
step=20002 loss=0.0181
step=20003 loss=1.3474
step=20004 loss=0.8163
step=20005 loss=0.5214
step=20006 loss=0.0178
step=20007 loss=0.5229
step=20008 loss=0.6846
step=20009 loss=0.0577
step=20010 loss=0.7330
step=20011 loss=0.2503
step=20012 loss=1.9903
step=20013 loss=1.2901
step=20014 loss=0.7895
step=20015 loss=0.1023
step=20016 loss=1.3789
step=20017 loss=0.1325
step=20018 loss=0.8956
step=20019 loss=0.6131
step=20020 loss=0.5735
step=20021 loss=0.1904
step=20022 loss=0.4824
step=20023 loss=0.5751
step=20024 loss=0.6741
step=20025 loss=0.4576
step=20026 loss=0.0161
step=20027 loss=0.4947
step=20028 loss=0.4884
step=20029 loss=0.2301
step=20030 loss=0.6251
step=20031 loss=0.8215
step=20032 loss=0.7701
step=20033 loss=0.0606
step=20034 loss=0.2501
step=20035 loss=0.1804
step=20036 loss=0.0175
step=20037 loss=0.0169
step=20038 loss=1.7546
step=20039 loss=0.5397
step=20040 loss=0.5941
step=20041 loss=0.9530
step=20042 loss=0.0173
step=20043 loss=0.1118
step=20044 loss=0.4096
step=20045 loss=0.1512
step=20046 loss=0.9955
step=20047 loss=0.2350
step=20048 loss=0.1338
step=20049 loss=0.0184
step=20050 loss=0.4226
step=20051 loss=0.8738
step=20052 loss=1.2760
step=20053 loss=0.0167
step=20054 loss=0.0184
step=20055 loss=0.0171
step=20056 loss=0.1516
step=20057 loss=0.3982
step=20058 loss=0.3932
step=20059 loss=0.0228
step=20060 loss=0.9592
step=20061 loss=0.2114
step=20062 loss=0.1213
step=20063 loss=0.9620
step=20064 loss=0.0165
step=20065 loss=0.0558
step=20066 loss=0.0157
step=20067 loss=0.4061
step=20068 loss=0.4961
step=20069 loss=0.4858
step=20070 loss=0.0163
step=20071 loss=0.6264
step=20072 loss=0.0178
step=20073 loss=0.0723
step=20074 loss=0.0634
step=20075 loss=0.0154
step=20076 loss=0.0712
step=20077 loss=0.4482
step=20078 loss=0.6287
step=20079 loss=0.3531
step=20080 loss=0.1216
step=20081 loss=0.5372
step=20082 loss=0.6276
step=20083 loss=0.5207
step=20084 loss=0.0175
step=20085 loss=0.0176
step=20086 loss=0.2548
step=20087 loss=0.5931
step=20088 loss=0.0216
step=20089 loss=1.5466
step=20090 loss=0.1621
step=20091 loss=0.0165
step=20092 loss=0.2660
step=20093 loss=0.1673
step=20094 loss=0.1595
step=20095 loss=0.4785
step=20096 loss=0.0178
step=20097 loss=1.1874
step=20098 loss=0.6647
step=20099 loss=0.5916
step=20100 loss=0.0158
step=20101 loss=0.1183
step=20102 loss=0.1393
step=20103 loss=0.0196
step=20104 loss=0.4902
step=20105 loss=1.1294
step=20106 loss=0.0635
step=20107 loss=0.0152
step=20108 loss=0.4680
step=20109 loss=1.1262
step=20110 loss=1.1034
step=20111 loss=0.4000
step=20112 loss=0.1292
step=20113 loss=0.8341
step=20114 loss=0.0172
step=20115 loss=0.6147
step=20116 loss=0.0600
step=20117 loss=0.0194
step=20118 loss=0.5434
step=20119 loss=0.0169
step=20120 loss=0.7676
step=20121 loss=1.3111
step=20122 loss=1.0381
step=20123 loss=0.0676
step=20124 loss=0.0183
step=20125 loss=1.4491
step=20126 loss=0.5534
step=20127 loss=0.6612
step=20128 loss=0.3120
step=20129 loss=0.2671
step=20130 loss=0.8997
step=20131 loss=0.2214
step=20132 loss=0.2964
step=20133 loss=1.0885
step=20134 loss=0.0202
step=20135 loss=0.0180
step=20136 loss=0.5837
step=20137 loss=0.0706
step=20138 loss=0.7290
step=20139 loss=0.5478
step=20140 loss=1.1015
step=20141 loss=1.2027
step=20142 loss=0.6402
step=20143 loss=0.0162
step=20144 loss=0.9903
step=20145 loss=0.0162
step=20146 loss=0.8961
step=20147 loss=0.4724
step=20148 loss=0.1557
step=20149 loss=0.9566
step=20150 loss=0.0569
step=20151 loss=1.1341
step=20152 loss=0.0714
step=20153 loss=0.6435
step=20154 loss=0.5772
step=20155 loss=0.5801
step=20156 loss=0.0192
step=20157 loss=0.0710
step=20158 loss=0.6379
step=20159 loss=0.0178
step=20160 loss=0.0177
step=20161 loss=0.8770
step=20162 loss=0.0622
step=20163 loss=1.0287
step=20164 loss=2.1400
step=20165 loss=0.5377
step=20166 loss=1.1752
step=20167 loss=0.1239
step=20168 loss=0.0730
step=20169 loss=0.2739
step=20170 loss=1.0224
step=20171 loss=0.4376
step=20172 loss=1.6160
step=20173 loss=1.6713
step=20174 loss=0.7043
step=20175 loss=0.0168
step=20176 loss=0.0185
step=20177 loss=0.0195
step=20178 loss=0.0175
step=20179 loss=0.1404
step=20180 loss=0.4236
step=20181 loss=0.2439
step=20182 loss=0.3859
step=20183 loss=0.0760
step=20184 loss=0.0760
step=20185 loss=0.4937
step=20186 loss=0.0996
step=20187 loss=0.1867
step=20188 loss=0.0140
step=20189 loss=0.3211
step=20190 loss=0.1294
step=20191 loss=0.5098
step=20192 loss=1.7468
step=20193 loss=0.0158
step=20194 loss=0.0147
step=20195 loss=0.7425
step=20196 loss=0.7889
step=20197 loss=0.0620
step=20198 loss=0.0656
step=20199 loss=0.6508
step=20200 loss=1.0301
eval_step=20200 eval_loss=0.4379 eval_ppl=1.55
step=20201 loss=0.1192
step=20202 loss=1.4215
step=20203 loss=0.9032
step=20204 loss=0.1165
step=20205 loss=0.0157
step=20206 loss=0.0649
step=20207 loss=0.0571
step=20208 loss=0.6021
step=20209 loss=0.4337
step=20210 loss=0.5338
step=20211 loss=0.1014
step=20212 loss=1.1283
step=20213 loss=0.2288
step=20214 loss=0.6592
step=20215 loss=0.0186
step=20216 loss=0.1639
step=20217 loss=0.0182
step=20218 loss=0.2971
step=20219 loss=0.0230
step=20220 loss=0.4086
step=20221 loss=0.4602
step=20222 loss=0.3210
step=20223 loss=0.8815
step=20224 loss=0.4383
step=20225 loss=0.2038
step=20226 loss=0.0147
step=20227 loss=0.4632
step=20228 loss=0.9259
step=20229 loss=0.8359
step=20230 loss=0.5056
step=20231 loss=0.3461
step=20232 loss=0.1408
step=20233 loss=0.3498
step=20234 loss=1.6171
step=20235 loss=0.0169
step=20236 loss=0.0969
step=20237 loss=0.0603
step=20238 loss=0.7236
step=20239 loss=0.2118
step=20240 loss=0.1052
step=20241 loss=0.3650
step=20242 loss=0.4991
step=20243 loss=0.0197
step=20244 loss=0.4408
step=20245 loss=1.3768
step=20246 loss=0.3230
step=20247 loss=0.3832
step=20248 loss=0.7224
step=20249 loss=1.7131
step=20250 loss=0.0945
step=20251 loss=0.6754
step=20252 loss=0.1063
step=20253 loss=0.8079
step=20254 loss=0.4821
step=20255 loss=1.0788
step=20256 loss=0.5255
step=20257 loss=0.3712
step=20258 loss=0.6461
step=20259 loss=0.0978
step=20260 loss=1.0718
step=20261 loss=0.0160
step=20262 loss=0.1864
step=20263 loss=0.3228
step=20264 loss=0.8471
step=20265 loss=0.1015
step=20266 loss=0.0180
step=20267 loss=0.5802
step=20268 loss=0.0164
step=20269 loss=1.2717
step=20270 loss=0.7099
step=20271 loss=0.0688
step=20272 loss=1.0054
step=20273 loss=1.2107
step=20274 loss=0.0664
step=20275 loss=0.8075
step=20276 loss=0.0597
step=20277 loss=0.4176
step=20278 loss=0.0160
step=20279 loss=0.0605
step=20280 loss=0.0175
step=20281 loss=0.1076
step=20282 loss=0.0177
step=20283 loss=0.0595
step=20284 loss=0.1796
step=20285 loss=0.1146
step=20286 loss=0.6563
step=20287 loss=0.8261
step=20288 loss=0.8151
step=20289 loss=0.7852
step=20290 loss=0.1082
step=20291 loss=0.8191
step=20292 loss=0.6601
step=20293 loss=0.1679
step=20294 loss=0.9657
step=20295 loss=0.0667
step=20296 loss=0.1177
step=20297 loss=0.4174
step=20298 loss=0.4865
step=20299 loss=0.7260
step=20300 loss=0.0167
step=20301 loss=0.1821
step=20302 loss=0.0194
step=20303 loss=0.5658
step=20304 loss=0.6730
step=20305 loss=0.0165
step=20306 loss=0.8041
step=20307 loss=0.1024
step=20308 loss=0.5728
step=20309 loss=1.5278
step=20310 loss=0.0165
step=20311 loss=0.0180
step=20312 loss=0.9489
step=20313 loss=0.6966
step=20314 loss=0.0133
step=20315 loss=0.2761
step=20316 loss=0.5481
step=20317 loss=0.0162
step=20318 loss=0.0171
step=20319 loss=0.4337
step=20320 loss=0.6405
step=20321 loss=0.6388
step=20322 loss=0.4660
step=20323 loss=0.0179
step=20324 loss=1.4228
step=20325 loss=0.9963
step=20326 loss=0.2020
step=20327 loss=0.5585
step=20328 loss=0.6359
step=20329 loss=0.0903
step=20330 loss=0.7231
step=20331 loss=0.2334
step=20332 loss=0.9669
step=20333 loss=0.1355
step=20334 loss=0.0163
step=20335 loss=1.2233
step=20336 loss=0.0165
step=20337 loss=0.8192
step=20338 loss=0.0190
step=20339 loss=0.5182
step=20340 loss=0.0167
step=20341 loss=0.4789
step=20342 loss=0.9678
step=20343 loss=1.3518
step=20344 loss=0.3107
step=20345 loss=0.0169
step=20346 loss=0.0179
step=20347 loss=0.1349
step=20348 loss=0.0168
step=20349 loss=0.5786
step=20350 loss=0.1279
step=20351 loss=0.0195
step=20352 loss=0.9071
step=20353 loss=1.7787
step=20354 loss=0.9654
step=20355 loss=0.2124
step=20356 loss=1.8602
step=20357 loss=0.7084
step=20358 loss=0.0188
step=20359 loss=0.0611
step=20360 loss=0.5958
step=20361 loss=0.9594
step=20362 loss=0.0170
step=20363 loss=0.1296
step=20364 loss=0.3867
step=20365 loss=0.4916
step=20366 loss=1.2299
step=20367 loss=0.2826
step=20368 loss=0.5745
step=20369 loss=0.5908
step=20370 loss=0.1303
step=20371 loss=0.8830
step=20372 loss=0.0590
step=20373 loss=0.3494
step=20374 loss=0.3579
step=20375 loss=0.0174
step=20376 loss=0.1512
step=20377 loss=0.0681
step=20378 loss=0.0188
step=20379 loss=1.5159
step=20380 loss=1.1883
step=20381 loss=0.1197
step=20382 loss=0.3232
step=20383 loss=0.5797
step=20384 loss=0.0188
step=20385 loss=0.1003
step=20386 loss=1.0298
step=20387 loss=1.0270
step=20388 loss=0.8924
step=20389 loss=0.5910
step=20390 loss=0.5056
step=20391 loss=1.0557
step=20392 loss=0.2613
step=20393 loss=0.0194
step=20394 loss=0.1311
step=20395 loss=0.4048
step=20396 loss=0.6424
step=20397 loss=0.0190
step=20398 loss=0.4951
step=20399 loss=0.0788
step=20400 loss=0.0153
eval_step=20400 eval_loss=0.4374 eval_ppl=1.55
step=20401 loss=0.0587
step=20402 loss=0.0166
step=20403 loss=0.1448
step=20404 loss=0.0152
step=20405 loss=0.1468
step=20406 loss=1.2877
step=20407 loss=0.0165
step=20408 loss=0.0661
step=20409 loss=0.0786
step=20410 loss=0.7457
step=20411 loss=0.4558
step=20412 loss=0.8905
step=20413 loss=1.1873
step=20414 loss=0.0167
step=20415 loss=0.5851
step=20416 loss=0.2984
step=20417 loss=0.3063
step=20418 loss=0.3073
step=20419 loss=0.2257
step=20420 loss=0.0189
step=20421 loss=0.0144
step=20422 loss=0.2569
step=20423 loss=0.2419
step=20424 loss=0.5992
step=20425 loss=1.4542
step=20426 loss=0.0137
step=20427 loss=1.2546
step=20428 loss=0.6847
step=20429 loss=0.3864
step=20430 loss=0.7856
step=20431 loss=0.0908
step=20432 loss=0.4215
step=20433 loss=0.0570
step=20434 loss=1.5283
step=20435 loss=1.1122
step=20436 loss=0.0214
step=20437 loss=0.6526
step=20438 loss=0.0555
step=20439 loss=0.0650
step=20440 loss=0.0189
step=20441 loss=1.4673
step=20442 loss=1.1905
step=20443 loss=0.3621
step=20444 loss=0.9346
step=20445 loss=0.1423
step=20446 loss=0.5386
step=20447 loss=1.9775
step=20448 loss=0.8964
step=20449 loss=0.9756
step=20450 loss=0.1036
step=20451 loss=0.2087
step=20452 loss=0.4441
step=20453 loss=0.2670
step=20454 loss=0.7658
step=20455 loss=0.2655
step=20456 loss=0.0738
step=20457 loss=0.0161
step=20458 loss=0.0162
step=20459 loss=0.0533
step=20460 loss=1.1010
step=20461 loss=0.0806
step=20462 loss=0.8604
step=20463 loss=0.0170
step=20464 loss=0.0206
step=20465 loss=0.7080
step=20466 loss=0.0740
step=20467 loss=0.4732
step=20468 loss=2.2397
step=20469 loss=0.9173
step=20470 loss=0.4492
step=20471 loss=0.2530
step=20472 loss=0.1036
step=20473 loss=0.7678
step=20474 loss=0.0177
step=20475 loss=0.9873
step=20476 loss=0.0154
step=20477 loss=0.4736
step=20478 loss=0.0549
step=20479 loss=0.0176
step=20480 loss=0.0166
step=20481 loss=0.1055
step=20482 loss=0.0595
step=20483 loss=1.1903
step=20484 loss=1.6909
step=20485 loss=1.1880
step=20486 loss=0.0406
step=20487 loss=0.0148
step=20488 loss=0.8005
step=20489 loss=0.0161
step=20490 loss=0.0173
step=20491 loss=0.7506
step=20492 loss=0.0173
step=20493 loss=1.4794
step=20494 loss=0.1198
step=20495 loss=0.2463
step=20496 loss=0.3480
step=20497 loss=0.3980
step=20498 loss=0.5978
step=20499 loss=0.0960
step=20500 loss=0.3239
step=20501 loss=0.1970
step=20502 loss=0.2460
step=20503 loss=1.5918
step=20504 loss=0.1431
step=20505 loss=0.3508
step=20506 loss=1.0578
step=20507 loss=0.4880
step=20508 loss=0.8844
step=20509 loss=1.1356
step=20510 loss=1.6164
step=20511 loss=0.0621
step=20512 loss=0.0722
step=20513 loss=0.1046
step=20514 loss=0.9369
step=20515 loss=0.8212
step=20516 loss=0.1193
step=20517 loss=0.9487
step=20518 loss=0.3043
step=20519 loss=0.4782
step=20520 loss=0.2766
step=20521 loss=0.5292
step=20522 loss=1.7671
step=20523 loss=0.0148
step=20524 loss=0.8673
step=20525 loss=1.3139
step=20526 loss=1.0031
step=20527 loss=0.8562
step=20528 loss=0.9336
step=20529 loss=0.0178
step=20530 loss=0.3692
step=20531 loss=0.1216
step=20532 loss=1.1237
step=20533 loss=0.7937
step=20534 loss=0.2749
step=20535 loss=0.5013
step=20536 loss=0.5211
step=20537 loss=0.0751
step=20538 loss=0.5873
step=20539 loss=0.6872
step=20540 loss=1.1093
step=20541 loss=0.0624
step=20542 loss=0.6464
step=20543 loss=0.0166
step=20544 loss=1.1204
step=20545 loss=0.0174
step=20546 loss=0.0171
step=20547 loss=0.6312
step=20548 loss=0.7477
step=20549 loss=0.1856
step=20550 loss=1.3726
step=20551 loss=0.1291
step=20552 loss=0.3144
step=20553 loss=0.8655
step=20554 loss=0.0150
step=20555 loss=0.4083
step=20556 loss=0.0154
step=20557 loss=1.7399
step=20558 loss=0.2126
step=20559 loss=0.3174
step=20560 loss=0.0143
step=20561 loss=0.5112
step=20562 loss=0.0644
step=20563 loss=0.0655
step=20564 loss=0.5300
step=20565 loss=0.7637
step=20566 loss=0.1720
step=20567 loss=0.0503
step=20568 loss=1.1271
step=20569 loss=0.5655
step=20570 loss=0.2138
step=20571 loss=0.5433
step=20572 loss=1.1866
step=20573 loss=0.7137
step=20574 loss=0.1839
step=20575 loss=0.0166
step=20576 loss=0.0162
step=20577 loss=0.0616
step=20578 loss=0.0183
step=20579 loss=1.0317
step=20580 loss=1.5278
step=20581 loss=0.0437
step=20582 loss=0.9328
step=20583 loss=0.1546
step=20584 loss=0.3225
step=20585 loss=0.1794
step=20586 loss=0.8887
step=20587 loss=1.7806
step=20588 loss=0.2153
step=20589 loss=0.4537
step=20590 loss=0.0656
step=20591 loss=0.9466
step=20592 loss=0.5405
step=20593 loss=1.2945
step=20594 loss=0.0640
step=20595 loss=0.0160
step=20596 loss=0.1206
step=20597 loss=0.2941
step=20598 loss=0.2192
step=20599 loss=1.9874
step=20600 loss=0.0179
eval_step=20600 eval_loss=0.4369 eval_ppl=1.55
step=20601 loss=0.3560
step=20602 loss=0.6869
step=20603 loss=1.2118
step=20604 loss=0.7613
step=20605 loss=0.7156
step=20606 loss=0.4437
step=20607 loss=1.1591
step=20608 loss=0.0157
step=20609 loss=0.0171
step=20610 loss=1.4385
step=20611 loss=0.8686
step=20612 loss=0.6075
step=20613 loss=0.5055
step=20614 loss=0.5588
step=20615 loss=1.6975
step=20616 loss=0.4156
step=20617 loss=0.3312
step=20618 loss=0.7346
step=20619 loss=0.5215
step=20620 loss=0.8771
step=20621 loss=0.0152
step=20622 loss=0.8049
step=20623 loss=0.4691
step=20624 loss=0.5182
step=20625 loss=0.4593
step=20626 loss=0.3970
step=20627 loss=0.5185
step=20628 loss=0.6106
step=20629 loss=0.4420
step=20630 loss=1.6583
step=20631 loss=0.1292
step=20632 loss=0.4113
step=20633 loss=0.5141
step=20634 loss=1.1263
step=20635 loss=0.3438
step=20636 loss=0.2164
step=20637 loss=0.7354
step=20638 loss=0.5079
step=20639 loss=0.4036
step=20640 loss=0.0590
step=20641 loss=0.0137
step=20642 loss=0.1370
step=20643 loss=0.3131
step=20644 loss=0.0163
step=20645 loss=0.3851
step=20646 loss=0.1053
step=20647 loss=0.1651
step=20648 loss=0.4996
step=20649 loss=0.3599
step=20650 loss=0.7428
step=20651 loss=0.0168
step=20652 loss=1.2002
step=20653 loss=1.4209
step=20654 loss=0.8382
step=20655 loss=0.1419
step=20656 loss=0.8699
step=20657 loss=1.1803
step=20658 loss=0.0150
step=20659 loss=0.0163
step=20660 loss=0.5656
step=20661 loss=1.0926
step=20662 loss=0.5356
step=20663 loss=0.2032
step=20664 loss=0.8504
step=20665 loss=0.5376
step=20666 loss=0.1527
step=20667 loss=0.0142
step=20668 loss=0.4238
step=20669 loss=1.2423
step=20670 loss=0.5037
step=20671 loss=0.0164
step=20672 loss=0.0603
step=20673 loss=0.0168
step=20674 loss=0.4566
step=20675 loss=1.0408
step=20676 loss=0.0680
step=20677 loss=0.0589
step=20678 loss=0.0861
step=20679 loss=0.0194
step=20680 loss=0.3836
step=20681 loss=0.0159
step=20682 loss=0.5767
step=20683 loss=0.5735
step=20684 loss=0.7678
step=20685 loss=0.1147
step=20686 loss=0.0167
step=20687 loss=1.1631
step=20688 loss=0.0141
step=20689 loss=0.0170
step=20690 loss=0.8525
step=20691 loss=0.3943
step=20692 loss=0.6428
step=20693 loss=0.7548
step=20694 loss=1.0436
step=20695 loss=0.4855
step=20696 loss=0.6356
step=20697 loss=0.0217
step=20698 loss=0.0634
step=20699 loss=0.2335
step=20700 loss=1.7174
step=20701 loss=0.3331
step=20702 loss=1.4429
step=20703 loss=0.6089
step=20704 loss=1.0007
step=20705 loss=0.0171
step=20706 loss=0.0171
step=20707 loss=1.3890
step=20708 loss=0.0172
step=20709 loss=0.1397
step=20710 loss=0.0146
step=20711 loss=0.5875
step=20712 loss=0.0193
step=20713 loss=0.6829
step=20714 loss=0.6167
step=20715 loss=0.6830
step=20716 loss=0.8629
step=20717 loss=0.1267
step=20718 loss=0.0155
step=20719 loss=0.4973
step=20720 loss=0.0719
step=20721 loss=0.4977
step=20722 loss=0.3332
step=20723 loss=0.6083
step=20724 loss=0.1321
step=20725 loss=0.9070
step=20726 loss=0.0636
step=20727 loss=0.3647
step=20728 loss=0.0148
step=20729 loss=1.2169
step=20730 loss=0.7750
step=20731 loss=0.7471
step=20732 loss=1.1747
step=20733 loss=0.0638
step=20734 loss=0.5905
step=20735 loss=0.4615
step=20736 loss=0.4007
step=20737 loss=0.5543
step=20738 loss=0.8053
step=20739 loss=0.1101
step=20740 loss=0.4219
step=20741 loss=0.5281
step=20742 loss=0.5304
step=20743 loss=0.0170
step=20744 loss=1.0871
step=20745 loss=0.2451
step=20746 loss=1.1884
step=20747 loss=0.0175
step=20748 loss=0.5511
step=20749 loss=0.1017
step=20750 loss=0.4627
step=20751 loss=0.7450
step=20752 loss=0.6652
step=20753 loss=0.8228
step=20754 loss=0.0167
step=20755 loss=0.4099
step=20756 loss=0.6438
step=20757 loss=0.0130
step=20758 loss=0.2831
step=20759 loss=0.2049
step=20760 loss=0.4571
step=20761 loss=0.8118
step=20762 loss=0.8709
step=20763 loss=0.0155
step=20764 loss=0.1115
step=20765 loss=0.2282
step=20766 loss=0.6806
step=20767 loss=0.7942
step=20768 loss=0.7813
step=20769 loss=0.7851
step=20770 loss=0.6598
step=20771 loss=0.4746
step=20772 loss=0.1198
step=20773 loss=0.6628
step=20774 loss=0.5050
step=20775 loss=0.4099
step=20776 loss=0.0155
step=20777 loss=1.1565
step=20778 loss=0.0182
step=20779 loss=0.6114
step=20780 loss=0.1202
step=20781 loss=0.0135
step=20782 loss=0.9845
step=20783 loss=0.1155
step=20784 loss=0.0170
step=20785 loss=0.9448
step=20786 loss=0.8386
step=20787 loss=2.6458
step=20788 loss=0.0163
step=20789 loss=1.2320
step=20790 loss=0.3372
step=20791 loss=0.0547
step=20792 loss=0.9052
step=20793 loss=1.7455
step=20794 loss=0.8170
step=20795 loss=0.0581
step=20796 loss=0.0604
step=20797 loss=1.1952
step=20798 loss=0.1505
step=20799 loss=0.1595
step=20800 loss=0.7707
eval_step=20800 eval_loss=0.4364 eval_ppl=1.55
epsilon_rdp(opacus)=5.613 delta=1e-05
